{"type":"FeatureCollection","attribution":"\u00a9 OpenStreetMap contributors, ODbL 1.0","source":"https://www.openstreetmap.org/copyright","checkedAt":"2026-09-27","features":[{"type":"Feature","id":"way/10227142","properties":{"kind":"road","name":""},"geometry":{"type":"LineString","coordinates":[[-82.30609,29.63144],[-82.30602,29.63145],[-82.30592,29.63148],[-82.30585,29.63153]]}},{"type":"Feature","id":"way/10234714","properties":{"kind":"road","name":"Northwest 8th Avenue"},"geometry":{"type":"LineString","coordinates":[[-82.327,29.65923],[-82.32715,29.65926],[-82.32731,29.65929],[-82.32736,29.6593],[-82.32765,29.65935],[-82.32788,29.65938],[-82.32791,29.65939],[-82.328,29.65939],[-82.32814,29.65941],[-82.32836,29.65942],[-82.32881,29.65942]]}},{"type":"Feature","id":"way/10234835","properties":{"kind":"road","name":"Old Archer Road"},"geometry":{"type":"LineString","coordinates":[[-82.37089,29.62741],[-82.37073,29.62755],[-82.3705,29.62771],[-82.37029,29.62783],[-82.36965,29.62813],[-82.36933,29.62828],[-82.36883,29.62852],[-82.36831,29.62877],[-82.36824,29.6288],[-82.3681,29.62887],[-82.3676,29.6291],[-82.36726,29.62926],[-82.3671,29.62934],[-82.36667,29.62954],[-82.36651,29.62961],[-82.36573,29.62998],[-82.36565,29.63003],[-82.36508,29.63029],[-82.36439,29.63061],[-82.36428,29.63066],[-82.36399,29.63081],[-82.36388,29.63086],[-82.36356,29.63101],[-82.36328,29.63114],[-82.36267,29.63143],[-82.36212,29.63168]]}},{"type":"Feature","id":"way/10235637","properties":{"kind":"road","name":"Northeast 8th Avenue"},"geometry":{"type":"LineString","coordinates":[[-82.32498,29.65921],[-82.32485,29.65916],[-82.32447,29.65916],[-82.32437,29.65915]]}},{"type":"Feature","id":"way/10235943","properties":{"kind":"road","name":"Northwest 22nd Street"},"geometry":{"type":"LineString","coordinates":[[-82.35364,29.65213],[-82.35364,29.65218],[-82.35364,29.6522],[-82.35364,29.65287],[-82.35364,29.6536],[-82.35364,29.65445],[-82.35363,29.65534],[-82.35364,29.65572],[-82.35364,29.6558],[-82.35364,29.65589],[-82.35364,29.65621],[-82.35364,29.65626],[-82.35364,29.65674],[-82.35364,29.65695],[-82.35365,29.65717],[-82.35365,29.6576],[-82.35364,29.6581],[-82.35364,29.65853],[-82.35364,29.65895],[-82.35363,29.65937],[-82.35363,29.65944]]}},{"type":"Feature","id":"way/10236565","properties":{"kind":"road","name":"Northwest 6th Street"},"geometry":{"type":"LineString","coordinates":[[-82.33083,29.65205],[-82.33083,29.65215],[-82.33083,29.65286],[-82.33083,29.65376],[-82.33083,29.65384],[-82.33083,29.65391],[-82.33083,29.65469],[-82.33082,29.65556],[-82.33082,29.65565]]}},{"type":"Feature","id":"way/10237348","properties":{"kind":"road","name":"West University Avenue"},"geometry":{"type":"LineString","coordinates":[[-82.32501,29.65195],[-82.32514,29.65195],[-82.32575,29.65195],[-82.32584,29.65195],[-82.32595,29.65195],[-82.326,29.65195],[-82.32607,29.65195],[-82.32617,29.65196]]}},{"type":"Feature","id":"way/10237807","properties":{"kind":"road","name":"Northwest 16th Terrace"},"geometry":{"type":"LineString","coordinates":[[-82.34326,29.66676],[-82.34326,29.66681],[-82.34324,29.66687],[-82.34324,29.66755],[-82.34322,29.66868],[-82.34322,29.66963],[-82.34323,29.67067],[-82.34323,29.67071],[-82.34323,29.67087],[-82.34323,29.67143],[-82.34322,29.67207],[-82.34321,29.67247],[-82.34321,29.673],[-82.34321,29.67309],[-82.34322,29.67361]]}},{"type":"Feature","id":"way/10238581","properties":{"kind":"road","name":"Southeast 7th Avenue"},"geometry":{"type":"LineString","coordinates":[[-82.31512,29.64579],[-82.31381,29.64579]]}},{"type":"Feature","id":"way/10238588","properties":{"kind":"road","name":"Windmeadows Boulevard"},"geometry":{"type":"LineString","coordinates":[[-82.37942,29.62567],[-82.37933,29.62571],[-82.37929,29.62576],[-82.37897,29.62617],[-82.37876,29.62645],[-82.37833,29.627],[-82.37826,29.6271],[-82.3779,29.62757],[-82.37759,29.62795],[-82.3775,29.62806],[-82.3774,29.62813],[-82.3772,29.62823],[-82.37699,29.62828],[-82.37677,29.6283],[-82.3763,29.62829],[-82.37599,29.62827],[-82.37552,29.62826],[-82.37537,29.62825],[-82.37509,29.62823],[-82.37461,29.62822],[-82.37448,29.62822],[-82.37429,29.62822],[-82.37408,29.62824],[-82.37389,29.62825],[-82.37378,29.62826],[-82.37371,29.62827],[-82.37351,29.62829]]}},{"type":"Feature","id":"way/10239435","properties":{"kind":"road","name":"Southeast 9th Street"},"geometry":{"type":"LineString","coordinates":[[-82.31512,29.64999],[-82.31514,29.64993],[-82.31514,29.6499],[-82.31511,29.64864],[-82.31511,29.64823]]}},{"type":"Feature","id":"way/10241612","properties":{"kind":"road","name":"Southwest 6th Street"},"geometry":{"type":"LineString","coordinates":[[-82.33083,29.65205],[-82.33083,29.65195],[-82.33083,29.65174],[-82.33084,29.65111],[-82.33084,29.65096],[-82.33084,29.65057]]}},{"type":"Feature","id":"way/10241719","properties":{"kind":"road","name":"East University Avenue"},"geometry":{"type":"LineString","coordinates":[[-82.32501,29.65195],[-82.32488,29.65195],[-82.32439,29.65195]]}},{"type":"Feature","id":"way/10241900","properties":{"kind":"road","name":"Southwest 16th Street"},"geometry":{"type":"LineString","coordinates":[[-82.34303,29.63813],[-82.34301,29.63795],[-82.34298,29.63777],[-82.34296,29.63762],[-82.34296,29.63751],[-82.34297,29.63739],[-82.34302,29.63698],[-82.34306,29.63668],[-82.34314,29.63596],[-82.34315,29.63585],[-82.34316,29.63579]]}},{"type":"Feature","id":"way/10242334","properties":{"kind":"road","name":"Southeast Depot Avenue"},"geometry":{"type":"LineString","coordinates":[[-82.32108,29.64507],[-82.32101,29.64509],[-82.32099,29.64509],[-82.32012,29.64524],[-82.31999,29.64532]]}},{"type":"Feature","id":"way/10242353","properties":{"kind":"road","name":"Southeast 3rd Avenue"},"geometry":{"type":"LineString","coordinates":[[-82.31039,29.64851],[-82.3103,29.64857],[-82.31009,29.64872],[-82.30995,29.64884],[-82.3098,29.64892],[-82.30967,29.64898],[-82.30953,29.64904],[-82.30938,29.64909],[-82.30923,29.64912],[-82.30899,29.64915],[-82.30868,29.64916],[-82.30862,29.64916],[-82.30735,29.64916],[-82.30728,29.64916],[-82.30718,29.64916],[-82.30597,29.64917],[-82.30584,29.64917]]}},{"type":"Feature","id":"way/10242778","properties":{"kind":"road","name":"Southwest 34th Street"},"geometry":{"type":"LineString","coordinates":[[-82.37232,29.6513],[-82.37232,29.65133],[-82.37232,29.65152],[-82.37232,29.65177],[-82.37233,29.65194],[-82.37233,29.65198],[-82.37233,29.65207]]}},{"type":"Feature","id":"way/10243015","properties":{"kind":"road","name":"Southwest 23rd Street"},"geometry":{"type":"LineString","coordinates":[[-82.36126,29.63141],[-82.36123,29.6316],[-82.36124,29.63171],[-82.36126,29.63181],[-82.36133,29.63192],[-82.36133,29.63193],[-82.36139,29.63202],[-82.3614,29.63204],[-82.36144,29.63211]]}},{"type":"Feature","id":"way/10243591","properties":{"kind":"road","name":"Southwest 13th Street"},"geometry":{"type":"LineString","coordinates":[[-82.33938,29.65202],[-82.33938,29.65192],[-82.33939,29.65118],[-82.33939,29.651],[-82.33931,29.65083]]}},{"type":"Feature","id":"way/10244567","properties":{"kind":"road","name":"Southwest 24th Avenue"},"geometry":{"type":"LineString","coordinates":[[-82.37311,29.63027],[-82.37313,29.63027],[-82.37325,29.63028],[-82.37331,29.63028],[-82.37374,29.63028],[-82.37393,29.63028],[-82.37438,29.63028]]}},{"type":"Feature","id":"way/10244827","properties":{"kind":"road","name":"Southeast 3rd Street"},"geometry":{"type":"LineString","coordinates":[[-82.32238,29.64966],[-82.32237,29.64932]]}},{"type":"Feature","id":"way/10245476","properties":{"kind":"road","name":"Northwest 34th Street"},"geometry":{"type":"LineString","coordinates":[[-82.37233,29.65217],[-82.37233,29.65226],[-82.37233,29.65242],[-82.37233,29.65262],[-82.37233,29.65279]]}},{"type":"Feature","id":"way/10245587","properties":{"kind":"road","name":"Southeast Depot Avenue"},"geometry":{"type":"LineString","coordinates":[[-82.32458,29.64464],[-82.3245,29.64466],[-82.32441,29.64469],[-82.32429,29.64471],[-82.32415,29.64474],[-82.32407,29.64476],[-82.3239,29.64481]]}},{"type":"Feature","id":"way/10245760","properties":{"kind":"road","name":"Southwest 4th Avenue"},"geometry":{"type":"LineString","coordinates":[[-82.33455,29.64842],[-82.33496,29.64843],[-82.33505,29.64843],[-82.33512,29.64843],[-82.33541,29.64843],[-82.33547,29.64843],[-82.33553,29.64844],[-82.33557,29.64844],[-82.33576,29.64844],[-82.33585,29.64844],[-82.33627,29.64844],[-82.33664,29.64844],[-82.33704,29.64844],[-82.33712,29.64844]]}},{"type":"Feature","id":"way/10245822","properties":{"kind":"road","name":"Northeast 9th Street"},"geometry":{"type":"LineString","coordinates":[[-82.31477,29.65471],[-82.31477,29.65525],[-82.31478,29.65569],[-82.31478,29.65642],[-82.31478,29.65714],[-82.31479,29.65785],[-82.31479,29.65858],[-82.31479,29.65899]]}},{"type":"Feature","id":"way/10245884","properties":{"kind":"road","name":"Southwest 16th Avenue"},"geometry":{"type":"LineString","coordinates":[[-82.32849,29.63617],[-82.3286,29.6362],[-82.32879,29.63624],[-82.32889,29.63625],[-82.32897,29.63626]]}},{"type":"Feature","id":"way/10245904","properties":{"kind":"road","name":"Southwest Depot Avenue"},"geometry":{"type":"LineString","coordinates":[[-82.33107,29.64352],[-82.33108,29.64355],[-82.33109,29.64358],[-82.33112,29.6436],[-82.33113,29.6436],[-82.33115,29.64361],[-82.33118,29.64362],[-82.33122,29.64361],[-82.33125,29.64361],[-82.33128,29.64359],[-82.3313,29.64356],[-82.33132,29.64353],[-82.33132,29.64349],[-82.33131,29.64346],[-82.33129,29.64343],[-82.33127,29.64341],[-82.33124,29.6434],[-82.33121,29.64339],[-82.33117,29.64339],[-82.33114,29.6434],[-82.33111,29.64342],[-82.33109,29.64344],[-82.33107,29.64346],[-82.33107,29.64349],[-82.33107,29.64352]]}},{"type":"Feature","id":"way/10245932","properties":{"kind":"road","name":"Northwest 16th Avenue"},"geometry":{"type":"LineString","coordinates":[[-82.32448,29.66661],[-82.32459,29.66661],[-82.32484,29.66661],[-82.32501,29.66661],[-82.32514,29.66661],[-82.32517,29.66661],[-82.32553,29.66661],[-82.3257,29.66662],[-82.32632,29.66662]]}},{"type":"Feature","id":"way/10246321","properties":{"kind":"road","name":"Northwest 13th Street"},"geometry":{"type":"LineString","coordinates":[[-82.3393,29.65345],[-82.33931,29.65313],[-82.33934,29.65277],[-82.33936,29.6524],[-82.33937,29.65221],[-82.33938,29.65211]]}},{"type":"Feature","id":"way/10246441","properties":{"kind":"road","name":"Southeast 4th Avenue"},"geometry":{"type":"LineString","coordinates":[[-82.3216,29.64838],[-82.32125,29.64838],[-82.32087,29.64838],[-82.32061,29.64837],[-82.32041,29.64835],[-82.32018,29.6483],[-82.31996,29.64827],[-82.31992,29.64826],[-82.31974,29.64826],[-82.31932,29.64825],[-82.31884,29.64824],[-82.31815,29.64824]]}},{"type":"Feature","id":"way/10246755","properties":{"kind":"road","name":"Northeast 14th Street"},"geometry":{"type":"LineString","coordinates":[[-82.30739,29.6593],[-82.30739,29.65938],[-82.30739,29.6595],[-82.30737,29.65959],[-82.30734,29.6597],[-82.30726,29.65983],[-82.30721,29.6599],[-82.30707,29.6601],[-82.30701,29.66022],[-82.30699,29.6604],[-82.30699,29.66047],[-82.30699,29.66062],[-82.30703,29.66084]]}},{"type":"Feature","id":"way/10246994","properties":{"kind":"road","name":"Northeast 15th Street"},"geometry":{"type":"LineString","coordinates":[[-82.30583,29.66319],[-82.30583,29.66324],[-82.30582,29.66368],[-82.30582,29.66466],[-82.30582,29.66519],[-82.30582,29.66562],[-82.30583,29.66589],[-82.30583,29.66606],[-82.30583,29.66635],[-82.30583,29.66645],[-82.30583,29.66651]]}},{"type":"Feature","id":"way/10247445","properties":{"kind":"road","name":"Southeast 16th Avenue"},"geometry":{"type":"LineString","coordinates":[[-82.3275,29.63569],[-82.32741,29.63562],[-82.32725,29.63548],[-82.32716,29.63539]]}},{"type":"Feature","id":"way/10247510","properties":{"kind":"road","name":"Northeast 16th Avenue"},"geometry":{"type":"LineString","coordinates":[[-82.31477,29.66655],[-82.31468,29.66655],[-82.31396,29.66655],[-82.31374,29.66655],[-82.31211,29.66654],[-82.31191,29.66654],[-82.31134,29.66653],[-82.31098,29.66653],[-82.31038,29.66653],[-82.31027,29.66653],[-82.31017,29.66653],[-82.30933,29.66653],[-82.30845,29.66652],[-82.3076,29.66652],[-82.30672,29.66652],[-82.30583,29.66651]]}},{"type":"Feature","id":"way/10248282","properties":{"kind":"road","name":"South Main Street"},"geometry":{"type":"LineString","coordinates":[[-82.32502,29.65158],[-82.32501,29.65119],[-82.32501,29.65105]]}},{"type":"Feature","id":"way/10248414","properties":{"kind":"road","name":"Southwest 2nd Avenue"},"geometry":{"type":"LineString","coordinates":[[-82.325,29.65031],[-82.32513,29.65031],[-82.32555,29.65031],[-82.32583,29.65031],[-82.32598,29.65031],[-82.3262,29.65031],[-82.3264,29.65031]]}},{"type":"Feature","id":"way/36942982","properties":{"kind":"road","name":"Northeast 15th Street"},"geometry":{"type":"LineString","coordinates":[[-82.30585,29.652],[-82.30585,29.65206],[-82.30585,29.65289],[-82.30585,29.6538],[-82.30585,29.65476],[-82.30585,29.65484],[-82.30585,29.65559],[-82.30585,29.65599],[-82.30585,29.65614],[-82.30585,29.65636],[-82.30585,29.65683],[-82.30585,29.65742],[-82.30585,29.65783],[-82.30585,29.65916],[-82.30585,29.65923]]}},{"type":"Feature","id":"way/45715744","properties":{"kind":"water","name":""},"geometry":{"type":"Polygon","coordinates":[[[-82.32316,29.64171],[-82.32324,29.6417],[-82.32332,29.64166],[-82.32339,29.6416],[-82.32343,29.64155],[-82.32345,29.64147],[-82.32346,29.64138],[-82.32348,29.64133],[-82.32353,29.64127],[-82.32359,29.64122],[-82.32365,29.6412],[-82.32371,29.64119],[-82.32375,29.64118],[-82.32377,29.64117],[-82.32377,29.64116],[-82.32376,29.64115],[-82.32373,29.64113],[-82.32364,29.64108],[-82.32356,29.64102],[-82.32349,29.64096],[-82.32336,29.64083],[-82.3233,29.64077],[-82.32325,29.64075],[-82.32318,29.64074],[-82.32312,29.64072],[-82.32308,29.6407],[-82.32303,29.6407],[-82.32299,29.64071],[-82.32296,29.64073],[-82.32295,29.64077],[-82.32296,29.64088],[-82.32299,29.64099],[-82.32301,29.64104],[-82.32305,29.64108],[-82.32309,29.6411],[-82.32313,29.64112],[-82.32317,29.64116],[-82.3232,29.64121],[-82.32322,29.64129],[-82.32322,29.64136],[-82.32322,29.64143],[-82.3232,29.64146],[-82.32317,29.64149],[-82.32313,29.64154],[-82.3231,29.64158],[-82.32307,29.64163],[-82.32307,29.64168],[-82.32311,29.64171],[-82.32316,29.64171]]]}},{"type":"Feature","id":"way/45715747","properties":{"kind":"water","name":""},"geometry":{"type":"Polygon","coordinates":[[[-82.32378,29.64138],[-82.32375,29.6414],[-82.32372,29.64143],[-82.32371,29.64147],[-82.3237,29.64152],[-82.32369,29.6416],[-82.32367,29.64165],[-82.32364,29.64171],[-82.32359,29.64177],[-82.32354,29.64181],[-82.32347,29.64185],[-82.32339,29.64189],[-82.32331,29.64192],[-82.3233,29.64193],[-82.32329,29.64195],[-82.32331,29.64217],[-82.32335,29.64218],[-82.3234,29.64217],[-82.32343,29.64217],[-82.32347,29.64218],[-82.32349,29.64219],[-82.32352,29.64219],[-82.32354,29.64219],[-82.32356,29.64222],[-82.32359,29.64224],[-82.32361,29.64226],[-82.32363,29.6423],[-82.32365,29.64233],[-82.32364,29.64235],[-82.32368,29.64245],[-82.32371,29.6425],[-82.32376,29.64255],[-82.32383,29.6426],[-82.32393,29.64264],[-82.32407,29.6427],[-82.32413,29.64272],[-82.32418,29.64275],[-82.32421,29.64278],[-82.32423,29.64283],[-82.32423,29.64287],[-82.32423,29.64293],[-82.32419,29.643],[-82.32416,29.64305],[-82.32414,29.64309],[-82.32415,29.64312],[-82.32416,29.64316],[-82.32417,29.64321],[-82.32416,29.64326],[-82.32415,29.64331],[-82.32418,29.64335],[-82.3242,29.6434],[-82.32419,29.64346],[-82.3242,29.64351],[-82.32423,29.64354],[-82.32427,29.64356],[-82.32431,29.64357],[-82.32436,29.64357],[-82.3244,29.64358],[-82.32444,29.64355],[-82.32446,29.6435],[-82.32444,29.64344],[-82.32441,29.64339],[-82.32443,29.64333],[-82.32446,29.64329],[-82.3245,29.64326],[-82.32456,29.64324],[-82.3246,29.64321],[-82.32462,29.64317],[-82.32461,29.64313],[-82.32459,29.64305],[-82.32453,29.64299],[-82.32447,29.64295],[-82.3244,29.64292],[-82.32434,29.64289],[-82.32428,29.64284],[-82.32424,29.64277],[-82.32423,29.64273],[-82.32423,29.64267],[-82.32425,29.64261],[-82.32425,29.64258],[-82.32423,29.64254],[-82.3242,29.64249],[-82.32416,29.64243],[-82.32412,29.64238],[-82.32407,29.64235],[-82.32402,29.64232],[-82.32393,29.64221],[-82.32387,29.64211],[-82.32386,29.64203],[-82.32385,29.64197],[-82.32384,29.64189],[-82.32386,29.64185],[-82.32388,29.64181],[-82.32389,29.64179],[-82.32388,29.64176],[-82.32386,29.64172],[-82.32384,29.64167],[-82.32384,29.64158],[-82.32384,29.64151],[-82.32386,29.64145],[-82.32387,29.64143],[-82.32386,29.64141],[-82.32385,29.64139],[-82.32384,29.64138],[-82.32383,29.64137],[-82.32381,29.64137],[-82.32378,29.64138]]]}},{"type":"Feature","id":"way/45719773","properties":{"kind":"water","name":"Sw 5th Ave Basin"},"geometry":{"type":"Polygon","coordinates":[[[-82.33201,29.64689],[-82.33204,29.64689],[-82.33207,29.64688],[-82.33209,29.64686],[-82.3321,29.64684],[-82.33211,29.6468],[-82.33212,29.64675],[-82.33212,29.64669],[-82.33211,29.6466],[-82.33209,29.64647],[-82.33208,29.64642],[-82.33212,29.64634],[-82.3321,29.64624],[-82.33207,29.64617],[-82.33206,29.64613],[-82.33196,29.64599],[-82.33192,29.6459],[-82.33186,29.6458],[-82.3317,29.64561],[-82.33165,29.64556],[-82.33161,29.64556],[-82.33158,29.64559],[-82.33157,29.64563],[-82.33157,29.64575],[-82.33159,29.64589],[-82.33165,29.64601],[-82.33167,29.64611],[-82.33165,29.64617],[-82.33167,29.64623],[-82.3317,29.64629],[-82.33173,29.6464],[-82.33173,29.64652],[-82.33174,29.64659],[-82.33177,29.64662],[-82.33184,29.64667],[-82.33188,29.64672],[-82.33192,29.64678],[-82.33194,29.64683],[-82.33198,29.64687],[-82.33201,29.64689]]]}},{"type":"Feature","id":"way/45719778","properties":{"kind":"road","name":"Southeast 21st Avenue"},"geometry":{"type":"LineString","coordinates":[[-82.31498,29.63235],[-82.31484,29.63233],[-82.31467,29.63233],[-82.31364,29.63231],[-82.31343,29.63227],[-82.31326,29.6322],[-82.31311,29.63211],[-82.313,29.63201],[-82.31286,29.63192],[-82.31271,29.63186],[-82.31259,29.63183],[-82.31255,29.63183],[-82.3124,29.63182],[-82.31226,29.63182],[-82.31182,29.63182],[-82.31154,29.63182],[-82.31052,29.63182],[-82.30947,29.63183],[-82.30857,29.63184],[-82.30753,29.63183],[-82.30722,29.63183],[-82.30704,29.63183],[-82.30689,29.63182],[-82.30676,29.63181],[-82.30664,29.63178],[-82.30654,29.63174],[-82.30645,29.63169],[-82.30636,29.63164],[-82.3062,29.63153],[-82.30609,29.63144]]}},{"type":"Feature","id":"way/45719879","properties":{"kind":"green","name":"Flavet Field"},"geometry":{"type":"Polygon","coordinates":[[[-82.35341,29.64711],[-82.35342,29.64705],[-82.35333,29.64695],[-82.35324,29.64684],[-82.35309,29.64666],[-82.35325,29.64656],[-82.35322,29.64651],[-82.35321,29.64647],[-82.35322,29.64643],[-82.35324,29.64641],[-82.35327,29.64638],[-82.35333,29.64632],[-82.35338,29.64626],[-82.35344,29.6462],[-82.35349,29.64616],[-82.35354,29.64611],[-82.35356,29.64608],[-82.35358,29.64605],[-82.35359,29.64603],[-82.3536,29.646],[-82.3536,29.64597],[-82.35361,29.64594],[-82.35361,29.64588],[-82.35361,29.64584],[-82.3536,29.64579],[-82.35359,29.64574],[-82.35358,29.64571],[-82.35358,29.64568],[-82.35359,29.64564],[-82.3536,29.64561],[-82.35363,29.64555],[-82.35403,29.64571],[-82.35449,29.64589],[-82.35491,29.64606],[-82.35535,29.64611],[-82.35535,29.6465],[-82.35527,29.64655],[-82.35527,29.64685],[-82.35526,29.64706],[-82.35526,29.6472],[-82.35535,29.6472],[-82.35535,29.64725],[-82.35534,29.64729],[-82.35533,29.64733],[-82.35532,29.64737],[-82.3553,29.6474],[-82.35528,29.64743],[-82.35526,29.64744],[-82.35523,29.64745],[-82.3552,29.64745],[-82.35516,29.64744],[-82.35485,29.64738],[-82.35434,29.64728],[-82.35383,29.64719],[-82.35341,29.64711]]]}},{"type":"Feature","id":"way/45844705","properties":{"kind":"road","name":""},"geometry":{"type":"LineString","coordinates":[[-82.33705,29.65018],[-82.33704,29.65019],[-82.33704,29.65021],[-82.33703,29.65023],[-82.33703,29.65024],[-82.33704,29.65026],[-82.33705,29.65028],[-82.33706,29.6503]]}},{"type":"Feature","id":"way/45844707","properties":{"kind":"road","name":""},"geometry":{"type":"LineString","coordinates":[[-82.33498,29.65029],[-82.33499,29.6503],[-82.33501,29.65031],[-82.33504,29.65032],[-82.33506,29.65033],[-82.33508,29.65033],[-82.3351,29.65032],[-82.33512,29.65031],[-82.33514,29.6503],[-82.33515,29.65029]]}},{"type":"Feature","id":"way/47963914","properties":{"kind":"road","name":"Northeast 9th Street"},"geometry":{"type":"LineString","coordinates":[[-82.31479,29.6598],[-82.31478,29.66007],[-82.31478,29.66078],[-82.31478,29.66149],[-82.31478,29.66221],[-82.31479,29.66292],[-82.31477,29.66354],[-82.31478,29.66468],[-82.31478,29.66556],[-82.31478,29.66626]]}},{"type":"Feature","id":"way/47963915","properties":{"kind":"road","name":"Northeast 8th Avenue"},"geometry":{"type":"LineString","coordinates":[[-82.3144,29.65935],[-82.31352,29.65934],[-82.3132,29.65934],[-82.31233,29.65933],[-82.31171,29.65933],[-82.31157,29.65933],[-82.31081,29.65932],[-82.31052,29.65932],[-82.31031,29.65932],[-82.31011,29.65932],[-82.30981,29.65932],[-82.30957,29.65932],[-82.30939,29.65932],[-82.30895,29.65931],[-82.30857,29.65931],[-82.30739,29.6593]]}},{"type":"Feature","id":"way/47963919","properties":{"kind":"road","name":""},"geometry":{"type":"LineString","coordinates":[[-82.31485,29.65943],[-82.31486,29.65942],[-82.31488,29.6594],[-82.31489,29.65937],[-82.31489,29.65935],[-82.31488,29.65931],[-82.31486,29.65929],[-82.31483,29.65927]]}},{"type":"Feature","id":"way/48165327","properties":{"kind":"road","name":"Northeast 8th Avenue"},"geometry":{"type":"LineString","coordinates":[[-82.30585,29.65923],[-82.30575,29.65922],[-82.30559,29.65921],[-82.30479,29.65921],[-82.30466,29.65921],[-82.30399,29.65921],[-82.30387,29.65922],[-82.30329,29.65922],[-82.30316,29.65922],[-82.30233,29.65919],[-82.3023,29.65919],[-82.30164,29.65919]]}},{"type":"Feature","id":"way/48165372","properties":{"kind":"road","name":"North Main Street"},"geometry":{"type":"LineString","coordinates":[[-82.32502,29.65657],[-82.32502,29.65614],[-82.32502,29.65595],[-82.32502,29.6558],[-82.32502,29.6557],[-82.32502,29.65527],[-82.32502,29.65502],[-82.32502,29.65496]]}},{"type":"Feature","id":"way/48165373","properties":{"kind":"road","name":"Northwest 8th Avenue"},"geometry":{"type":"LineString","coordinates":[[-82.33087,29.65941],[-82.33102,29.6594],[-82.33127,29.6594]]}},{"type":"Feature","id":"way/48165374","properties":{"kind":"road","name":"Northwest 6th Street"},"geometry":{"type":"LineString","coordinates":[[-82.33091,29.66086],[-82.33091,29.66106],[-82.33091,29.66114]]}},{"type":"Feature","id":"way/48165375","properties":{"kind":"road","name":"West University Avenue"},"geometry":{"type":"LineString","coordinates":[[-82.34051,29.65212],[-82.34073,29.65212],[-82.34083,29.65212],[-82.34089,29.65212],[-82.34118,29.65212],[-82.34134,29.65212]]}},{"type":"Feature","id":"way/48165378","properties":{"kind":"road","name":"East University Avenue"},"geometry":{"type":"LineString","coordinates":[[-82.30726,29.65187],[-82.30714,29.6519],[-82.30703,29.65191],[-82.30649,29.65188],[-82.30598,29.65187],[-82.30585,29.65187]]}},{"type":"Feature","id":"way/48178481","properties":{"kind":"road","name":"Southeast 15th Street"},"geometry":{"type":"LineString","coordinates":[[-82.30585,29.65131],[-82.30585,29.65141],[-82.30585,29.6518],[-82.30585,29.65187]]}},{"type":"Feature","id":"way/48178482","properties":{"kind":"road","name":"Southeast 15th Street"},"geometry":{"type":"LineString","coordinates":[[-82.30584,29.61611],[-82.30584,29.61643],[-82.30584,29.6175],[-82.30584,29.61873],[-82.30584,29.61913],[-82.30584,29.62036],[-82.30584,29.62046],[-82.30585,29.62132],[-82.30584,29.62151],[-82.30584,29.62239],[-82.30584,29.62267],[-82.30584,29.62335],[-82.30584,29.62454],[-82.30584,29.626],[-82.30584,29.62684],[-82.30584,29.62791],[-82.30585,29.62855],[-82.30585,29.62922],[-82.30585,29.62953],[-82.30585,29.62996],[-82.30585,29.63027],[-82.30585,29.63035],[-82.30585,29.63101]]}},{"type":"Feature","id":"way/48768322","properties":{"kind":"road","name":"Southwest 23rd Terrace"},"geometry":{"type":"LineString","coordinates":[[-82.36143,29.63109],[-82.36149,29.63096]]}},{"type":"Feature","id":"way/48768335","properties":{"kind":"road","name":"Southwest 16th Avenue"},"geometry":{"type":"LineString","coordinates":[[-82.35132,29.63499],[-82.35143,29.635],[-82.35388,29.63529],[-82.35401,29.6353]]}},{"type":"Feature","id":"way/52431356","properties":{"kind":"road","name":"North Main Street"},"geometry":{"type":"LineString","coordinates":[[-82.32448,29.66728],[-82.32448,29.66724],[-82.32448,29.66673],[-82.32448,29.66661]]}},{"type":"Feature","id":"way/52431363","properties":{"kind":"road","name":"Southwest 6th Street"},"geometry":{"type":"LineString","coordinates":[[-82.33118,29.64374],[-82.33119,29.6438],[-82.33123,29.64401],[-82.33128,29.64409]]}},{"type":"Feature","id":"way/52431365","properties":{"kind":"road","name":"Northwest 6th Street"},"geometry":{"type":"LineString","coordinates":[[-82.33082,29.65683],[-82.33083,29.65736],[-82.33083,29.65741]]}},{"type":"Feature","id":"way/79289379","properties":{"kind":"road","name":"4th Street"},"geometry":{"type":"LineString","coordinates":[[-82.31689,29.63561],[-82.31683,29.6355],[-82.31679,29.63544],[-82.3167,29.63526],[-82.31657,29.63501],[-82.31599,29.63394]]}},{"type":"Feature","id":"way/79290236","properties":{"kind":"road","name":"Southwest 11th Street"},"geometry":{"type":"LineString","coordinates":[[-82.33581,29.64309],[-82.33583,29.6431],[-82.33586,29.64311],[-82.3359,29.6431],[-82.33592,29.6431],[-82.33596,29.64308],[-82.33598,29.64306],[-82.33599,29.64303],[-82.33599,29.64301],[-82.33599,29.64299],[-82.33599,29.64296],[-82.33597,29.64293],[-82.33595,29.64291],[-82.33593,29.64287],[-82.33591,29.64284],[-82.33591,29.64281]]}},{"type":"Feature","id":"way/79290538","properties":{"kind":"road","name":"Northwest 16th Avenue"},"geometry":{"type":"LineString","coordinates":[[-82.36934,29.66671],[-82.36894,29.66671],[-82.36889,29.66671],[-82.36823,29.66671],[-82.36757,29.66671],[-82.36737,29.66671],[-82.36611,29.66671],[-82.36597,29.6667],[-82.36474,29.6667],[-82.36405,29.6667],[-82.36344,29.6667],[-82.36329,29.6667],[-82.3626,29.6667]]}},{"type":"Feature","id":"way/85976993","properties":{"kind":"road","name":"East University Avenue"},"geometry":{"type":"LineString","coordinates":[[-82.30167,29.65197],[-82.30302,29.65198],[-82.30441,29.65199],[-82.30573,29.652],[-82.30585,29.652]]}},{"type":"Feature","id":"way/86326016","properties":{"kind":"road","name":"Northwest 6th Street"},"geometry":{"type":"LineString","coordinates":[[-82.33087,29.6581],[-82.33088,29.65877],[-82.33088,29.65902]]}},{"type":"Feature","id":"way/86326020","properties":{"kind":"road","name":"Northwest 6th Street"},"geometry":{"type":"LineString","coordinates":[[-82.33083,29.65748],[-82.33084,29.65752],[-82.33087,29.6581]]}},{"type":"Feature","id":"way/86326022","properties":{"kind":"road","name":"Northwest 8th Avenue"},"geometry":{"type":"LineString","coordinates":[[-82.33512,29.65942],[-82.33519,29.65941],[-82.33531,29.65941],[-82.33639,29.65941]]}},{"type":"Feature","id":"way/86326023","properties":{"kind":"road","name":"Northeast 8th Avenue"},"geometry":{"type":"LineString","coordinates":[[-82.32393,29.65924],[-82.32387,29.65924],[-82.32356,29.65924],[-82.32311,29.65923]]}},{"type":"Feature","id":"way/86483473","properties":{"kind":"road","name":"Archer Road"},"geometry":{"type":"LineString","coordinates":[[-82.35442,29.63533],[-82.35514,29.63508],[-82.3553,29.63502],[-82.35566,29.6349],[-82.3562,29.63471],[-82.35649,29.63461],[-82.3567,29.63454]]}},{"type":"Feature","id":"way/86483475","properties":{"kind":"road","name":"Southeast 16th Avenue"},"geometry":{"type":"LineString","coordinates":[[-82.32699,29.63523],[-82.32689,29.6351],[-82.32682,29.63501],[-82.32676,29.63492],[-82.32669,29.63479],[-82.32657,29.63455]]}},{"type":"Feature","id":"way/86483485","properties":{"kind":"road","name":"Southwest 2nd Avenue"},"geometry":{"type":"LineString","coordinates":[[-82.35575,29.6504],[-82.35584,29.65037],[-82.35599,29.65035],[-82.35615,29.65034],[-82.3563,29.65034],[-82.35694,29.65035],[-82.35809,29.65036],[-82.3581,29.65036],[-82.35835,29.65037],[-82.35946,29.65038],[-82.36038,29.65038],[-82.36042,29.65038],[-82.3605,29.65038],[-82.36063,29.65039],[-82.36068,29.65039],[-82.36152,29.6504],[-82.3625,29.6504],[-82.3631,29.65041],[-82.36327,29.65041],[-82.36414,29.65042],[-82.36463,29.65042],[-82.36534,29.65042],[-82.36557,29.65042],[-82.36746,29.65041],[-82.36911,29.6504],[-82.36979,29.65039],[-82.37075,29.65038]]}},{"type":"Feature","id":"way/86483490","properties":{"kind":"road","name":"West University Avenue"},"geometry":{"type":"LineString","coordinates":[[-82.35084,29.65211],[-82.35096,29.65214],[-82.35151,29.65213]]}},{"type":"Feature","id":"way/86483492","properties":{"kind":"road","name":"West University Avenue"},"geometry":{"type":"LineString","coordinates":[[-82.37247,29.65215],[-82.37261,29.65213],[-82.37263,29.65213],[-82.37285,29.65211],[-82.37309,29.65209],[-82.37355,29.65206],[-82.37385,29.65204],[-82.37404,29.65202],[-82.37422,29.65201],[-82.37433,29.652],[-82.37456,29.65198]]}},{"type":"Feature","id":"way/86500103","properties":{"kind":"road","name":"Northwest 34th Street"},"geometry":{"type":"LineString","coordinates":[[-82.37241,29.65355],[-82.37241,29.65392]]}},{"type":"Feature","id":"way/86500114","properties":{"kind":"road","name":"Southwest 34th Street"},"geometry":{"type":"LineString","coordinates":[[-82.37244,29.65034],[-82.37244,29.65024],[-82.37245,29.64938],[-82.37245,29.64923]]}},{"type":"Feature","id":"way/86500153","properties":{"kind":"road","name":"Northwest 34th Street"},"geometry":{"type":"LineString","coordinates":[[-82.37241,29.65951],[-82.3724,29.65963],[-82.3724,29.65984],[-82.3724,29.66014],[-82.3724,29.66019],[-82.3724,29.66087],[-82.37239,29.66127],[-82.3724,29.66176],[-82.37239,29.6645],[-82.37239,29.66478],[-82.37238,29.66498],[-82.37238,29.66511],[-82.37238,29.66534]]}},{"type":"Feature","id":"way/112693425","properties":{"kind":"road","name":""},"geometry":{"type":"LineString","coordinates":[[-82.32129,29.64501],[-82.32128,29.64505],[-82.32129,29.6451],[-82.32132,29.64514]]}},{"type":"Feature","id":"way/112693426","properties":{"kind":"road","name":"Southeast 4th Street"},"geometry":{"type":"LineString","coordinates":[[-82.32134,29.64457],[-82.32135,29.64464],[-82.32136,29.64475],[-82.32135,29.6448],[-82.32135,29.64484],[-82.32135,29.64489],[-82.32132,29.64496]]}},{"type":"Feature","id":"way/112693428","properties":{"kind":"road","name":"Southeast Depot Avenue"},"geometry":{"type":"LineString","coordinates":[[-82.31999,29.64532],[-82.32013,29.64531],[-82.32103,29.64516],[-82.32109,29.64515]]}},{"type":"Feature","id":"way/112693429","properties":{"kind":"road","name":"Southeast 4th Street"},"geometry":{"type":"LineString","coordinates":[[-82.31985,29.64156],[-82.31956,29.64098],[-82.31927,29.64041],[-82.31897,29.63983],[-82.3187,29.63931],[-82.31865,29.63921],[-82.31848,29.63887],[-82.31827,29.63843],[-82.31784,29.63757],[-82.31755,29.63699],[-82.31724,29.63632],[-82.31697,29.63576],[-82.31693,29.63569],[-82.31689,29.63561]]}},{"type":"Feature","id":"way/112693430","properties":{"kind":"road","name":"Southeast Depot Avenue"},"geometry":{"type":"LineString","coordinates":[[-82.32205,29.64518],[-82.32203,29.64517],[-82.32195,29.64516],[-82.32185,29.64515],[-82.32176,29.64513]]}},{"type":"Feature","id":"way/112693431","properties":{"kind":"road","name":"Southeast Depot Avenue"},"geometry":{"type":"LineString","coordinates":[[-82.31915,29.64545],[-82.31907,29.64546],[-82.319,29.64547],[-82.31889,29.64549],[-82.31879,29.64551],[-82.31868,29.64555],[-82.31854,29.6456],[-82.31839,29.64567],[-82.31831,29.64569],[-82.31825,29.64571]]}},{"type":"Feature","id":"way/112693432","properties":{"kind":"road","name":"Southeast 4th Street"},"geometry":{"type":"LineString","coordinates":[[-82.3215,29.64493],[-82.32147,29.64488],[-82.32144,29.64484],[-82.32142,29.64479],[-82.32142,29.64476],[-82.3214,29.6447],[-82.32138,29.64463],[-82.32134,29.64457]]}},{"type":"Feature","id":"way/124105818","properties":{"kind":"road","name":"Southwest 2nd Avenue"},"geometry":{"type":"LineString","coordinates":[[-82.33234,29.65028],[-82.33295,29.65028],[-82.33302,29.65028],[-82.33379,29.65028],[-82.33386,29.65028],[-82.33399,29.65028],[-82.33424,29.65028],[-82.33434,29.65028],[-82.33444,29.65028],[-82.33486,29.65028],[-82.33494,29.65028],[-82.33498,29.65029]]}},{"type":"Feature","id":"way/124105819","properties":{"kind":"road","name":"Southwest 6th Street"},"geometry":{"type":"LineString","coordinates":[[-82.33083,29.64996],[-82.33081,29.65],[-82.3308,29.65008],[-82.33079,29.65011],[-82.33077,29.65018]]}},{"type":"Feature","id":"way/124105820","properties":{"kind":"road","name":"Southwest 2nd Avenue"},"geometry":{"type":"LineString","coordinates":[[-82.33093,29.65032],[-82.33097,29.6503],[-82.33102,29.6503],[-82.33107,29.6503],[-82.33109,29.65029],[-82.33134,29.6503],[-82.3316,29.65029],[-82.33234,29.65028]]}},{"type":"Feature","id":"way/124105821","properties":{"kind":"road","name":"Southwest 2nd Avenue"},"geometry":{"type":"LineString","coordinates":[[-82.33075,29.6502],[-82.3307,29.65022],[-82.33065,29.65022],[-82.33061,29.65022],[-82.33044,29.65022],[-82.32954,29.65022],[-82.32878,29.65022],[-82.32843,29.65022],[-82.32824,29.65022]]}},{"type":"Feature","id":"way/124105822","properties":{"kind":"road","name":"Southwest 6th Street"},"geometry":{"type":"LineString","coordinates":[[-82.33084,29.65057],[-82.33086,29.65052],[-82.33087,29.65044],[-82.33088,29.65039],[-82.3309,29.65034]]}},{"type":"Feature","id":"way/124105823","properties":{"kind":"road","name":"Southwest 6th Street"},"geometry":{"type":"LineString","coordinates":[[-82.33078,29.65033],[-82.3308,29.65039],[-82.33081,29.65044],[-82.33084,29.65057]]}},{"type":"Feature","id":"way/124105824","properties":{"kind":"road","name":"Southwest 2nd Avenue"},"geometry":{"type":"LineString","coordinates":[[-82.33497,29.65018],[-82.33491,29.6502],[-82.33486,29.6502],[-82.33481,29.6502],[-82.33434,29.6502],[-82.33386,29.6502],[-82.33379,29.6502],[-82.33311,29.65021],[-82.33302,29.65021],[-82.33295,29.65021],[-82.33234,29.65022],[-82.3316,29.65022],[-82.33112,29.65023],[-82.33109,29.65023],[-82.33107,29.65022],[-82.33103,29.65022],[-82.33099,29.65021],[-82.33094,29.6502]]}},{"type":"Feature","id":"way/124105825","properties":{"kind":"road","name":"Southwest 6th Street"},"geometry":{"type":"LineString","coordinates":[[-82.33083,29.64996],[-82.33082,29.64979],[-82.33082,29.64971],[-82.33082,29.64964]]}},{"type":"Feature","id":"way/124105826","properties":{"kind":"road","name":"Southwest 6th Street"},"geometry":{"type":"LineString","coordinates":[[-82.3309,29.65017],[-82.33088,29.65013],[-82.33088,29.65008],[-82.33087,29.65001],[-82.33083,29.64996]]}},{"type":"Feature","id":"way/124105827","properties":{"kind":"road","name":"Southwest 2nd Avenue"},"geometry":{"type":"LineString","coordinates":[[-82.33044,29.65028],[-82.33055,29.65028],[-82.33064,29.65029],[-82.33076,29.65031]]}},{"type":"Feature","id":"way/124105828","properties":{"kind":"road","name":""},"geometry":{"type":"LineString","coordinates":[[-82.33094,29.6502],[-82.33092,29.65018],[-82.3309,29.65017],[-82.33087,29.65016],[-82.33084,29.65016],[-82.3308,29.65016],[-82.33077,29.65018],[-82.33075,29.6502]]}},{"type":"Feature","id":"way/124108612","properties":{"kind":"road","name":"Southwest 9th Road"},"geometry":{"type":"LineString","coordinates":[[-82.3386,29.64229],[-82.33847,29.64235],[-82.33841,29.64239],[-82.33801,29.64256],[-82.3378,29.64263],[-82.3376,29.64271],[-82.33752,29.64273],[-82.33731,29.64279],[-82.3371,29.64285],[-82.33684,29.64291],[-82.33667,29.64295],[-82.33649,29.64298],[-82.33644,29.64299],[-82.33635,29.64301],[-82.33629,29.64302]]}},{"type":"Feature","id":"way/124108613","properties":{"kind":"road","name":"Archer Road"},"geometry":{"type":"LineString","coordinates":[[-82.33945,29.64263],[-82.33952,29.64222],[-82.33957,29.64203],[-82.33963,29.64188],[-82.33972,29.64166]]}},{"type":"Feature","id":"way/124108616","properties":{"kind":"road","name":"Archer Road"},"geometry":{"type":"LineString","coordinates":[[-82.34179,29.63965],[-82.34169,29.6397],[-82.34157,29.63975],[-82.34137,29.63986],[-82.34117,29.63998],[-82.34098,29.6401],[-82.34079,29.64024],[-82.34062,29.64037],[-82.34044,29.64053],[-82.34029,29.6407],[-82.34022,29.64078]]}},{"type":"Feature","id":"way/124207917","properties":{"kind":"road","name":"Northwest 13th Street"},"geometry":{"type":"LineString","coordinates":[[-82.33929,29.65369],[-82.3393,29.65345]]}},{"type":"Feature","id":"way/125552981","properties":{"kind":"road","name":"Northwest 13th Street"},"geometry":{"type":"LineString","coordinates":[[-82.33926,29.65206],[-82.33926,29.6522],[-82.33924,29.6524],[-82.33921,29.65287],[-82.3392,29.65301],[-82.3392,29.65311],[-82.33919,29.65342],[-82.33918,29.65368]]}},{"type":"Feature","id":"way/125553002","properties":{"kind":"road","name":"Southwest 13th Street"},"geometry":{"type":"LineString","coordinates":[[-82.33925,29.64195],[-82.33925,29.6429]]}},{"type":"Feature","id":"way/125553006","properties":{"kind":"road","name":"Southwest 13th Street"},"geometry":{"type":"LineString","coordinates":[[-82.33945,29.64263],[-82.3394,29.64193]]}},{"type":"Feature","id":"way/125553012","properties":{"kind":"road","name":"Southwest 16th Avenue"},"geometry":{"type":"LineString","coordinates":[[-82.35548,29.63475],[-82.35513,29.63485],[-82.35498,29.6349],[-82.35441,29.63504],[-82.35415,29.63507]]}},{"type":"Feature","id":"way/125553016","properties":{"kind":"road","name":"Southwest 16th Avenue"},"geometry":{"type":"LineString","coordinates":[[-82.35415,29.63507],[-82.35407,29.63508],[-82.35392,29.63509],[-82.35351,29.6351],[-82.35301,29.63506],[-82.35207,29.63496],[-82.35138,29.63488],[-82.3513,29.63487]]}},{"type":"Feature","id":"way/125553035","properties":{"kind":"road","name":"West University Avenue"},"geometry":{"type":"LineString","coordinates":[[-82.33926,29.65206],[-82.33938,29.65211]]}},{"type":"Feature","id":"way/126448324","properties":{"kind":"road","name":"South Main Street"},"geometry":{"type":"LineString","coordinates":[[-82.32951,29.63033],[-82.33007,29.62875],[-82.33021,29.62828],[-82.33031,29.62792],[-82.33042,29.62751],[-82.33056,29.627],[-82.33075,29.62617],[-82.33099,29.62502],[-82.33126,29.62384],[-82.33138,29.62313],[-82.33143,29.62289],[-82.33167,29.62178],[-82.33191,29.62072],[-82.33196,29.62053]]}},{"type":"Feature","id":"way/128682579","properties":{"kind":"road","name":"East University Avenue"},"geometry":{"type":"LineString","coordinates":[[-82.32037,29.65189],[-82.32004,29.65188],[-82.31984,29.65188],[-82.31925,29.65188]]}},{"type":"Feature","id":"way/128682604","properties":{"kind":"road","name":"Northwest 6th Street"},"geometry":{"type":"LineString","coordinates":[[-82.3309,29.66162],[-82.3309,29.66173],[-82.3309,29.66181]]}},{"type":"Feature","id":"way/128682651","properties":{"kind":"road","name":"Southwest 13th Street"},"geometry":{"type":"LineString","coordinates":[[-82.33926,29.6432],[-82.33927,29.64356],[-82.33927,29.6436],[-82.33932,29.64366]]}},{"type":"Feature","id":"way/128682654","properties":{"kind":"road","name":"Southwest 13th Street"},"geometry":{"type":"LineString","coordinates":[[-82.33932,29.64366],[-82.33939,29.6436],[-82.33942,29.64315]]}},{"type":"Feature","id":"way/128699673","properties":{"kind":"road","name":"Archer Road"},"geometry":{"type":"LineString","coordinates":[[-82.35662,29.63438],[-82.35636,29.63447]]}},{"type":"Feature","id":"way/128699702","properties":{"kind":"road","name":"Northwest 13th Street"},"geometry":{"type":"LineString","coordinates":[[-82.33913,29.6588],[-82.33918,29.65904]]}},{"type":"Feature","id":"way/128699732","properties":{"kind":"road","name":"Southwest 13th Street"},"geometry":{"type":"LineString","coordinates":[[-82.33927,29.63577],[-82.33927,29.63586],[-82.33927,29.63633],[-82.33936,29.63645]]}},{"type":"Feature","id":"way/128709343","properties":{"kind":"road","name":"West University Avenue"},"geometry":{"type":"LineString","coordinates":[[-82.35151,29.65213],[-82.35178,29.65212],[-82.352,29.65212],[-82.35207,29.65212],[-82.35215,29.65212]]}},{"type":"Feature","id":"way/129080240","properties":{"kind":"road","name":"Northwest 34th Street"},"geometry":{"type":"LineString","coordinates":[[-82.37237,29.66714],[-82.37237,29.66791]]}},{"type":"Feature","id":"way/129080251","properties":{"kind":"road","name":"Southwest 34th Street"},"geometry":{"type":"LineString","coordinates":[[-82.37245,29.63425],[-82.37245,29.63464],[-82.37245,29.63496],[-82.37245,29.63537],[-82.37244,29.63631]]}},{"type":"Feature","id":"way/129096906","properties":{"kind":"road","name":"South Main Street"},"geometry":{"type":"LineString","coordinates":[[-82.32497,29.64621],[-82.32497,29.64616],[-82.32497,29.64592],[-82.32497,29.64567],[-82.32496,29.64548],[-82.32496,29.64532],[-82.32496,29.64522]]}},{"type":"Feature","id":"way/134951599","properties":{"kind":"road","name":"North Main Street"},"geometry":{"type":"LineString","coordinates":[[-82.32452,29.66351],[-82.32452,29.66323],[-82.32452,29.66293],[-82.32452,29.66277],[-82.32452,29.66245],[-82.32452,29.66232],[-82.32452,29.66222],[-82.32452,29.6621],[-82.32452,29.662],[-82.32452,29.66187],[-82.32452,29.66171],[-82.32452,29.66168]]}},{"type":"Feature","id":"way/134951600","properties":{"kind":"road","name":"North Main Street"},"geometry":{"type":"LineString","coordinates":[[-82.32448,29.66661],[-82.32448,29.6665],[-82.32449,29.66641],[-82.32449,29.66617],[-82.32449,29.66601],[-82.32449,29.66597]]}},{"type":"Feature","id":"way/134951627","properties":{"kind":"road","name":"Northwest 8th Avenue"},"geometry":{"type":"LineString","coordinates":[[-82.37241,29.65951],[-82.37252,29.65951],[-82.37436,29.65951],[-82.37451,29.65951],[-82.37558,29.6595],[-82.37644,29.6595],[-82.37653,29.6595],[-82.37707,29.65951],[-82.37806,29.65951],[-82.37866,29.65952],[-82.37902,29.65952],[-82.38007,29.65953],[-82.38075,29.65953],[-82.38228,29.65954],[-82.38262,29.65954],[-82.3834,29.65955],[-82.38381,29.65955],[-82.38397,29.65955],[-82.38447,29.65955],[-82.38653,29.65957],[-82.38779,29.65957],[-82.38856,29.65959]]}},{"type":"Feature","id":"way/134951648","properties":{"kind":"road","name":"Southwest 6th Street"},"geometry":{"type":"LineString","coordinates":[[-82.33127,29.64719],[-82.33127,29.64708],[-82.33127,29.64627],[-82.33128,29.64579],[-82.33128,29.64535],[-82.33128,29.64477],[-82.33128,29.64471],[-82.33128,29.64426]]}},{"type":"Feature","id":"way/135698145","properties":{"kind":"road","name":"Southwest 23rd Street"},"geometry":{"type":"LineString","coordinates":[[-82.36158,29.63215],[-82.36153,29.63207],[-82.36143,29.6319],[-82.36142,29.63188],[-82.36139,29.63181],[-82.36137,29.63173],[-82.36137,29.63164],[-82.36138,29.63152],[-82.36141,29.63137],[-82.36143,29.63109]]}},{"type":"Feature","id":"way/135698146","properties":{"kind":"road","name":"Southwest 23rd Street"},"geometry":{"type":"LineString","coordinates":[[-82.36144,29.63211],[-82.36145,29.63212],[-82.36149,29.63219],[-82.36152,29.63225]]}},{"type":"Feature","id":"way/136232502","properties":{"kind":"road","name":"West University Avenue"},"geometry":{"type":"LineString","coordinates":[[-82.35421,29.65208],[-82.35506,29.65206],[-82.35534,29.65207],[-82.35566,29.65207],[-82.35581,29.65208],[-82.35646,29.6521],[-82.35737,29.65215],[-82.35823,29.65219],[-82.35844,29.6522],[-82.35873,29.65221],[-82.35885,29.65222],[-82.35944,29.65224]]}},{"type":"Feature","id":"way/136985069","properties":{"kind":"road","name":"Southeast 15th Street"},"geometry":{"type":"LineString","coordinates":[[-82.30588,29.64027],[-82.30588,29.64093],[-82.30588,29.64102],[-82.30588,29.64109],[-82.30587,29.64296],[-82.30587,29.64371],[-82.30587,29.64448],[-82.30587,29.64454],[-82.30586,29.64489],[-82.30586,29.6457],[-82.30586,29.64578]]}},{"type":"Feature","id":"way/136989508","properties":{"kind":"road","name":"Northwest 13th Street"},"geometry":{"type":"LineString","coordinates":[[-82.33917,29.66166],[-82.33917,29.66217],[-82.33917,29.66245],[-82.33916,29.66254],[-82.33916,29.66273],[-82.33916,29.66299],[-82.33916,29.66305],[-82.33916,29.66336],[-82.33916,29.66362],[-82.33916,29.6638],[-82.33916,29.66422]]}},{"type":"Feature","id":"way/136989509","properties":{"kind":"road","name":"Northwest 13th Street"},"geometry":{"type":"LineString","coordinates":[[-82.33918,29.65904],[-82.33918,29.65933]]}},{"type":"Feature","id":"way/136989528","properties":{"kind":"road","name":"West University Avenue"},"geometry":{"type":"LineString","coordinates":[[-82.3497,29.6521],[-82.34981,29.6521],[-82.34986,29.6521],[-82.34994,29.6521]]}},{"type":"Feature","id":"way/150821686","properties":{"kind":"water","name":"Liberty Pond"},"geometry":{"type":"Polygon","coordinates":[[[-82.3473,29.64598],[-82.34732,29.64596],[-82.34734,29.64594],[-82.34735,29.64592],[-82.34736,29.64591],[-82.34737,29.64589],[-82.34737,29.64587],[-82.34737,29.64585],[-82.34737,29.64577],[-82.34737,29.64574],[-82.34736,29.64571],[-82.34735,29.6457],[-82.34733,29.64567],[-82.34731,29.64564],[-82.34728,29.64562],[-82.34726,29.64561],[-82.34723,29.6456],[-82.3472,29.64559],[-82.34716,29.64558],[-82.34714,29.64558],[-82.3471,29.64558],[-82.34707,29.64559],[-82.34702,29.6456],[-82.34698,29.64561],[-82.34695,29.64563],[-82.34693,29.64565],[-82.34691,29.64569],[-82.34689,29.64573],[-82.34689,29.64577],[-82.34689,29.64581],[-82.34689,29.64583],[-82.34689,29.64585],[-82.3469,29.64588],[-82.3469,29.6459],[-82.34692,29.64593],[-82.34694,29.64595],[-82.34696,29.64597],[-82.34697,29.64599],[-82.34699,29.646],[-82.34701,29.64601],[-82.34704,29.64602],[-82.34707,29.64602],[-82.3471,29.64603],[-82.34714,29.64603],[-82.34716,29.64603],[-82.34719,29.64603],[-82.34722,29.64602],[-82.34725,29.64601],[-82.34728,29.64599],[-82.3473,29.64598]]]}},{"type":"Feature","id":"way/150821710","properties":{"kind":"water","name":"Biological Nutrient Removal Basins"},"geometry":{"type":"Polygon","coordinates":[[[-82.35021,29.64311],[-82.34965,29.64311],[-82.34966,29.6427],[-82.35022,29.64271],[-82.35021,29.64311]]]}},{"type":"Feature","id":"way/150821715","properties":{"kind":"water","name":"Chlorine Contact Chamber"},"geometry":{"type":"Polygon","coordinates":[[[-82.35006,29.64207],[-82.34989,29.64207],[-82.34989,29.64188],[-82.35006,29.64189],[-82.35006,29.64207]]]}},{"type":"Feature","id":"way/150821740","properties":{"kind":"water","name":"Clarifier (West)"},"geometry":{"type":"Polygon","coordinates":[[[-82.35022,29.64259],[-82.35024,29.64258],[-82.35025,29.64256],[-82.35026,29.64254],[-82.35026,29.64252],[-82.35026,29.64249],[-82.35025,29.64247],[-82.35023,29.64245],[-82.35021,29.64244],[-82.35019,29.64242],[-82.35017,29.64242],[-82.35014,29.64242],[-82.35012,29.64242],[-82.35009,29.64243],[-82.35007,29.64244],[-82.35005,29.64245],[-82.35004,29.64247],[-82.35003,29.6425],[-82.35003,29.64252],[-82.35003,29.64255],[-82.35005,29.64258],[-82.35007,29.6426],[-82.35009,29.64261],[-82.35012,29.64262],[-82.35015,29.64262],[-82.35018,29.64261],[-82.3502,29.64261],[-82.35022,29.64259]]]}},{"type":"Feature","id":"way/150821743","properties":{"kind":"water","name":"Clarifier (East)"},"geometry":{"type":"Polygon","coordinates":[[[-82.34983,29.64259],[-82.34984,29.64257],[-82.34985,29.64255],[-82.34986,29.64253],[-82.34987,29.64251],[-82.34986,29.64248],[-82.34985,29.64246],[-82.34984,29.64244],[-82.34982,29.64243],[-82.3498,29.64242],[-82.34977,29.64241],[-82.34975,29.64241],[-82.34972,29.64241],[-82.34969,29.64242],[-82.34968,29.64243],[-82.34966,29.64245],[-82.34964,29.64247],[-82.34963,29.64249],[-82.34963,29.64252],[-82.34964,29.64254],[-82.34965,29.64257],[-82.34967,29.64259],[-82.3497,29.6426],[-82.34972,29.64261],[-82.34975,29.64261],[-82.34978,29.64261],[-82.34981,29.6426],[-82.34983,29.64259]]]}},{"type":"Feature","id":"way/182128564","properties":{"kind":"road","name":"Northwest 34th Street"},"geometry":{"type":"LineString","coordinates":[[-82.37233,29.65279],[-82.37233,29.65307]]}},{"type":"Feature","id":"way/182128566","properties":{"kind":"road","name":"Northwest 34th Street"},"geometry":{"type":"LineString","coordinates":[[-82.37233,29.65307],[-82.37233,29.65323],[-82.37234,29.65343],[-82.37241,29.65355]]}},{"type":"Feature","id":"way/182563396","properties":{"kind":"water","name":"Bivens Arm"},"geometry":{"type":"Polygon","coordinates":[[[-82.35492,29.62812],[-82.35479,29.62823],[-82.35455,29.62822],[-82.35436,29.6281],[-82.35418,29.62792],[-82.35399,29.6277],[-82.35383,29.62748],[-82.35375,29.62733],[-82.35359,29.62707],[-82.35342,29.62697],[-82.35315,29.62695],[-82.35291,29.62699],[-82.35267,29.627],[-82.35251,29.62686],[-82.35235,29.62666],[-82.35211,29.62656],[-82.35179,29.62656],[-82.35146,29.62666],[-82.35111,29.62678],[-82.35088,29.62704],[-82.35076,29.62724],[-82.35096,29.62741],[-82.35113,29.62751],[-82.35115,29.62767],[-82.35104,29.62783],[-82.3509,29.62798],[-82.35044,29.62831],[-82.35,29.62849],[-82.34932,29.62874],[-82.3488,29.62888],[-82.34857,29.62891],[-82.3484,29.62884],[-82.3483,29.62862],[-82.34823,29.62838],[-82.34811,29.6283],[-82.34793,29.62834],[-82.3477,29.62843],[-82.34736,29.62846],[-82.34713,29.62845],[-82.34704,29.62828],[-82.34688,29.62801],[-82.34667,29.62799],[-82.34643,29.62803],[-82.34607,29.62823],[-82.34587,29.62841],[-82.34557,29.62849],[-82.34533,29.62839],[-82.34503,29.62843],[-82.34488,29.62841],[-82.34479,29.62833],[-82.3447,29.62824],[-82.3443,29.62805],[-82.34399,29.62797],[-82.3436,29.62785],[-82.34334,29.62781],[-82.34306,29.62783],[-82.34284,29.62776],[-82.34274,29.62762],[-82.3427,29.62758],[-82.34247,29.62735],[-82.34231,29.62724],[-82.34218,29.62702],[-82.34196,29.62622],[-82.34181,29.62552],[-82.34169,29.62463],[-82.3415,29.62393],[-82.34127,29.62365],[-82.34109,29.62346],[-82.34095,29.62309],[-82.34084,29.62288],[-82.3407,29.62258],[-82.34042,29.62229],[-82.34016,29.62213],[-82.34005,29.62201],[-82.34002,29.62183],[-82.34003,29.62167],[-82.3401,29.62148],[-82.34017,29.62139],[-82.34038,29.62135],[-82.34085,29.62133],[-82.3415,29.62132],[-82.34233,29.62133],[-82.34294,29.6213],[-82.34336,29.62131],[-82.34378,29.62124],[-82.34422,29.62123],[-82.34448,29.62139],[-82.34486,29.62155],[-82.34511,29.62169],[-82.34529,29.62188],[-82.34551,29.62206],[-82.34564,29.62213],[-82.3456,29.62235],[-82.34568,29.62251],[-82.34571,29.62272],[-82.3458,29.62308],[-82.34595,29.62336],[-82.34635,29.62366],[-82.34659,29.62378],[-82.34682,29.62389],[-82.34698,29.6239],[-82.34721,29.62387],[-82.3474,29.62378],[-82.34756,29.6237],[-82.34776,29.62354],[-82.34803,29.62345],[-82.34814,29.62355],[-82.34829,29.62352],[-82.34834,29.62337],[-82.34842,29.62324],[-82.34861,29.62316],[-82.34883,29.62313],[-82.34923,29.62305],[-82.34964,29.62314],[-82.35007,29.62333],[-82.35065,29.62355],[-82.35085,29.62368],[-82.35106,29.62392],[-82.35116,29.62419],[-82.35131,29.62461],[-82.35144,29.62483],[-82.35167,29.62503],[-82.35187,29.62526],[-82.35219,29.62548],[-82.35247,29.62564],[-82.35265,29.62578],[-82.35286,29.62596],[-82.35318,29.6261],[-82.35351,29.62615],[-82.3538,29.62614],[-82.35394,29.62615],[-82.35403,29.62617],[-82.35413,29.62625],[-82.354,29.62632],[-82.35398,29.62643],[-82.35411,29.6265],[-82.35412,29.62669],[-82.35409,29.62684],[-82.35402,29.62711],[-82.35412,29.62726],[-82.35431,29.62735],[-82.35456,29.62735],[-82.35487,29.62747],[-82.35506,29.62754],[-82.35513,29.62764],[-82.35513,29.62776],[-82.35512,29.62794],[-82.35505,29.62801],[-82.35492,29.62812]]]}},{"type":"Feature","id":"way/189150503","properties":{"kind":"road","name":"Southwest 13th Street"},"geometry":{"type":"LineString","coordinates":[[-82.33936,29.63645],[-82.33944,29.63632],[-82.33944,29.63586],[-82.33944,29.63577]]}},{"type":"Feature","id":"way/189150507","properties":{"kind":"road","name":"Southwest 13th Street"},"geometry":{"type":"LineString","coordinates":[[-82.33936,29.63645],[-82.33935,29.63659],[-82.33933,29.63682],[-82.33933,29.63688]]}},{"type":"Feature","id":"way/189150509","properties":{"kind":"road","name":"Southwest 13th Street"},"geometry":{"type":"LineString","coordinates":[[-82.33932,29.64016],[-82.33927,29.64052],[-82.33926,29.64069],[-82.33925,29.64089]]}},{"type":"Feature","id":"way/194905830","properties":{"kind":"road","name":"Northwest 16th Avenue"},"geometry":{"type":"LineString","coordinates":[[-82.33086,29.66662],[-82.33099,29.66662],[-82.33118,29.66662],[-82.3319,29.66663]]}},{"type":"Feature","id":"way/194905838","properties":{"kind":"road","name":"Northwest 16th Avenue"},"geometry":{"type":"LineString","coordinates":[[-82.3288,29.66661],[-82.32986,29.66662],[-82.3305,29.66662],[-82.33074,29.66662],[-82.33086,29.66662]]}},{"type":"Feature","id":"way/194905846","properties":{"kind":"road","name":"Northwest 8th Avenue"},"geometry":{"type":"LineString","coordinates":[[-82.32881,29.65942],[-82.32891,29.65947],[-82.32904,29.65948],[-82.32919,29.65943]]}},{"type":"Feature","id":"way/198876831","properties":{"kind":"road","name":"Northwest 13th Street"},"geometry":{"type":"LineString","coordinates":[[-82.33918,29.65904],[-82.33922,29.6588]]}},{"type":"Feature","id":"way/198876833","properties":{"kind":"road","name":"Northwest 13th Street"},"geometry":{"type":"LineString","coordinates":[[-82.33918,29.65755],[-82.33913,29.65762],[-82.33913,29.65785],[-82.33913,29.65852],[-82.33913,29.65869],[-82.33913,29.65873],[-82.33913,29.6588]]}},{"type":"Feature","id":"way/198876834","properties":{"kind":"road","name":"Northwest 13th Street"},"geometry":{"type":"LineString","coordinates":[[-82.33923,29.65813],[-82.33923,29.65804],[-82.33923,29.65791],[-82.33923,29.65773],[-82.33923,29.65763],[-82.33918,29.65755]]}},{"type":"Feature","id":"way/198876837","properties":{"kind":"road","name":"Northwest 13th Street"},"geometry":{"type":"LineString","coordinates":[[-82.33915,29.66923],[-82.33921,29.66906],[-82.33921,29.66832],[-82.33921,29.6682],[-82.33921,29.66791],[-82.33915,29.66785]]}},{"type":"Feature","id":"way/198876839","properties":{"kind":"road","name":"Northwest 13th Street"},"geometry":{"type":"LineString","coordinates":[[-82.33915,29.66923],[-82.33915,29.66941],[-82.33915,29.66963],[-82.33915,29.66977]]}},{"type":"Feature","id":"way/198876840","properties":{"kind":"road","name":"Northwest 13th Street"},"geometry":{"type":"LineString","coordinates":[[-82.33915,29.66785],[-82.3391,29.66791],[-82.3391,29.66805],[-82.3391,29.66833],[-82.33909,29.66838],[-82.33909,29.66844],[-82.33909,29.6687],[-82.33909,29.66879]]}},{"type":"Feature","id":"way/198876848","properties":{"kind":"road","name":"Southwest 13th Street"},"geometry":{"type":"LineString","coordinates":[[-82.33932,29.64366],[-82.33932,29.64374],[-82.33932,29.64378],[-82.33932,29.64411]]}},{"type":"Feature","id":"way/198876849","properties":{"kind":"road","name":"Southwest 13th Street"},"geometry":{"type":"LineString","coordinates":[[-82.33942,29.64315],[-82.33943,29.64295],[-82.33943,29.6429],[-82.33944,29.64282],[-82.33945,29.64263]]}},{"type":"Feature","id":"way/198876850","properties":{"kind":"road","name":"Southwest 13th Street"},"geometry":{"type":"LineString","coordinates":[[-82.33927,29.65102],[-82.33927,29.65117],[-82.33927,29.65155],[-82.33927,29.65161],[-82.33927,29.65172],[-82.33926,29.65195],[-82.33926,29.65206]]}},{"type":"Feature","id":"way/198876851","properties":{"kind":"road","name":"Southwest 13th Street"},"geometry":{"type":"LineString","coordinates":[[-82.33931,29.63954],[-82.33931,29.63977],[-82.33932,29.64016]]}},{"type":"Feature","id":"way/198876852","properties":{"kind":"road","name":"Southwest 13th Street"},"geometry":{"type":"LineString","coordinates":[[-82.33931,29.63872],[-82.33932,29.63894]]}},{"type":"Feature","id":"way/198876853","properties":{"kind":"road","name":"Southwest 13th Street"},"geometry":{"type":"LineString","coordinates":[[-82.33933,29.64845],[-82.33933,29.64852],[-82.33933,29.64858]]}},{"type":"Feature","id":"way/198876855","properties":{"kind":"road","name":"Southwest 13th Street"},"geometry":{"type":"LineString","coordinates":[[-82.33932,29.63773],[-82.33931,29.63786]]}},{"type":"Feature","id":"way/198876857","properties":{"kind":"road","name":"Southwest 13th Street"},"geometry":{"type":"LineString","coordinates":[[-82.33932,29.64453],[-82.33932,29.64456]]}},{"type":"Feature","id":"way/198876858","properties":{"kind":"road","name":"Southwest 13th Street"},"geometry":{"type":"LineString","coordinates":[[-82.33938,29.64731],[-82.33938,29.64726],[-82.33938,29.64597],[-82.33932,29.6457]]}},{"type":"Feature","id":"way/198876859","properties":{"kind":"road","name":"Southwest 13th Street"},"geometry":{"type":"LineString","coordinates":[[-82.33932,29.6457],[-82.33927,29.64596],[-82.33927,29.64711],[-82.33927,29.64727],[-82.33927,29.64731],[-82.33927,29.6474],[-82.33927,29.64757],[-82.33927,29.64808],[-82.33927,29.64832],[-82.33927,29.64838],[-82.33933,29.64845]]}},{"type":"Feature","id":"way/203316079","properties":{"kind":"road","name":"East University Avenue"},"geometry":{"type":"LineString","coordinates":[[-82.32095,29.65201],[-82.32145,29.65201],[-82.32161,29.65196]]}},{"type":"Feature","id":"way/203316080","properties":{"kind":"road","name":"East University Avenue"},"geometry":{"type":"LineString","coordinates":[[-82.32161,29.65196],[-82.32146,29.65191],[-82.32136,29.65191],[-82.32095,29.6519]]}},{"type":"Feature","id":"way/203316081","properties":{"kind":"road","name":"East University Avenue"},"geometry":{"type":"LineString","coordinates":[[-82.32288,29.65196],[-82.32254,29.65196],[-82.32241,29.65196]]}},{"type":"Feature","id":"way/203316084","properties":{"kind":"road","name":"East University Avenue"},"geometry":{"type":"LineString","coordinates":[[-82.32358,29.65196],[-82.32345,29.65191],[-82.32303,29.65191],[-82.32288,29.65196]]}},{"type":"Feature","id":"way/203316085","properties":{"kind":"road","name":"East University Avenue"},"geometry":{"type":"LineString","coordinates":[[-82.30585,29.652],[-82.30598,29.652],[-82.30649,29.652],[-82.30689,29.65201],[-82.30726,29.65203]]}},{"type":"Feature","id":"way/203316086","properties":{"kind":"road","name":"East University Avenue"},"geometry":{"type":"LineString","coordinates":[[-82.32288,29.65196],[-82.32304,29.652],[-82.32345,29.652],[-82.32358,29.65196]]}},{"type":"Feature","id":"way/203316087","properties":{"kind":"road","name":"East University Avenue"},"geometry":{"type":"LineString","coordinates":[[-82.31597,29.65194],[-82.31521,29.65194]]}},{"type":"Feature","id":"way/203316088","properties":{"kind":"road","name":"East University Avenue"},"geometry":{"type":"LineString","coordinates":[[-82.31239,29.65188],[-82.31212,29.65187],[-82.31183,29.65187]]}},{"type":"Feature","id":"way/203316091","properties":{"kind":"road","name":"East University Avenue"},"geometry":{"type":"LineString","coordinates":[[-82.31771,29.65194],[-82.31778,29.65195],[-82.31795,29.65199],[-82.31848,29.65199],[-82.31934,29.65199]]}},{"type":"Feature","id":"way/203316092","properties":{"kind":"road","name":"North Main Street"},"geometry":{"type":"LineString","coordinates":[[-82.32501,29.65333],[-82.32501,29.6532],[-82.32501,29.65278],[-82.32501,29.65268]]}},{"type":"Feature","id":"way/203316099","properties":{"kind":"road","name":"West University Avenue"},"geometry":{"type":"LineString","coordinates":[[-82.33711,29.65206],[-82.3372,29.65206],[-82.33764,29.65207]]}},{"type":"Feature","id":"way/203316100","properties":{"kind":"road","name":"West University Avenue"},"geometry":{"type":"LineString","coordinates":[[-82.33862,29.65206],[-82.3392,29.65206],[-82.33926,29.65206]]}},{"type":"Feature","id":"way/203316101","properties":{"kind":"road","name":"West University Avenue"},"geometry":{"type":"LineString","coordinates":[[-82.336,29.65206],[-82.33588,29.65202],[-82.33571,29.65202],[-82.33559,29.65206]]}},{"type":"Feature","id":"way/203316102","properties":{"kind":"road","name":"West University Avenue"},"geometry":{"type":"LineString","coordinates":[[-82.33764,29.65207],[-82.33779,29.65211],[-82.33802,29.65211],[-82.33813,29.65207]]}},{"type":"Feature","id":"way/203316103","properties":{"kind":"road","name":"West University Avenue"},"geometry":{"type":"LineString","coordinates":[[-82.33559,29.65206],[-82.33571,29.65211],[-82.33588,29.65211],[-82.336,29.65206]]}},{"type":"Feature","id":"way/203316104","properties":{"kind":"road","name":"West University Avenue"},"geometry":{"type":"LineString","coordinates":[[-82.33813,29.65207],[-82.33802,29.65202],[-82.33778,29.65202],[-82.33764,29.65207]]}},{"type":"Feature","id":"way/203316105","properties":{"kind":"road","name":"West University Avenue"},"geometry":{"type":"LineString","coordinates":[[-82.33196,29.65205],[-82.33203,29.65205],[-82.33208,29.65206],[-82.33237,29.65206],[-82.33245,29.65206],[-82.3328,29.65206],[-82.33291,29.65206]]}},{"type":"Feature","id":"way/206605124","properties":{"kind":"road","name":"East University Avenue"},"geometry":{"type":"LineString","coordinates":[[-82.31142,29.65198],[-82.31156,29.65198],[-82.31172,29.65198]]}},{"type":"Feature","id":"way/206605135","properties":{"kind":"road","name":"Southeast 16th Avenue"},"geometry":{"type":"LineString","coordinates":[[-82.32243,29.62961],[-82.3223,29.62955]]}},{"type":"Feature","id":"way/206766004","properties":{"kind":"road","name":"Archer Road"},"geometry":{"type":"LineString","coordinates":[[-82.33972,29.64166],[-82.3398,29.6415],[-82.3399,29.64134],[-82.34002,29.64117],[-82.34012,29.64103],[-82.34023,29.6409],[-82.34036,29.64075],[-82.34052,29.6406],[-82.3407,29.64045],[-82.34086,29.64031],[-82.34105,29.64018],[-82.34124,29.64006],[-82.34144,29.63994],[-82.34163,29.63984],[-82.34174,29.63979],[-82.34184,29.63975]]}},{"type":"Feature","id":"way/235676343","properties":{"kind":"road","name":"Northwest 8th Avenue"},"geometry":{"type":"LineString","coordinates":[[-82.35295,29.65944],[-82.35355,29.65944],[-82.35363,29.65944],[-82.35371,29.65944],[-82.35472,29.65943],[-82.35578,29.65944]]}},{"type":"Feature","id":"way/255428223","properties":{"kind":"water","name":"Hidden Lake"},"geometry":{"type":"Polygon","coordinates":[[[-82.3368,29.67047],[-82.33662,29.67053],[-82.33641,29.67049],[-82.33631,29.67042],[-82.33625,29.67029],[-82.33624,29.67015],[-82.33613,29.67006],[-82.33597,29.66988],[-82.3359,29.66963],[-82.33587,29.66934],[-82.33586,29.66895],[-82.33589,29.66875],[-82.336,29.66859],[-82.33614,29.66852],[-82.33634,29.66855],[-82.33644,29.66883],[-82.33642,29.66909],[-82.33653,29.6692],[-82.33666,29.66935],[-82.33688,29.66959],[-82.33698,29.66986],[-82.33695,29.67029],[-82.3368,29.67047]]]}},{"type":"Feature","id":"way/257632725","properties":{"kind":"water","name":"Sweetwater Branch"},"geometry":{"type":"LineString","coordinates":[[-82.3219,29.63],[-82.32168,29.62984],[-82.32155,29.62972],[-82.32134,29.62959],[-82.32116,29.62936],[-82.32103,29.62909],[-82.32092,29.62888],[-82.32075,29.6286],[-82.32038,29.62812],[-82.32017,29.62774],[-82.31981,29.62719],[-82.31945,29.62667],[-82.3192,29.62611],[-82.31901,29.6259],[-82.3189,29.62564],[-82.319,29.62537],[-82.31915,29.62521],[-82.31944,29.62499],[-82.32025,29.62459],[-82.32042,29.62425],[-82.32058,29.62412],[-82.32123,29.62383],[-82.32179,29.62348],[-82.32244,29.62311],[-82.32359,29.62182],[-82.32363,29.62139]]}},{"type":"Feature","id":"way/257706911","properties":{"kind":"water","name":"Colclough Pond"},"geometry":{"type":"Polygon","coordinates":[[[-82.32893,29.62898],[-82.32887,29.62898],[-82.32866,29.62895],[-82.32835,29.62888],[-82.32809,29.62875],[-82.32793,29.62863],[-82.32773,29.62849],[-82.32766,29.6284],[-82.32755,29.62825],[-82.3275,29.62813],[-82.32751,29.62793],[-82.32754,29.62774],[-82.32761,29.62762],[-82.32771,29.6275],[-82.32787,29.62738],[-82.32799,29.62727],[-82.32815,29.62716],[-82.32836,29.62704],[-82.32857,29.62691],[-82.32874,29.62677],[-82.32882,29.62669],[-82.329,29.6266],[-82.32909,29.62659],[-82.32922,29.62665],[-82.32933,29.62678],[-82.32937,29.6269],[-82.32948,29.62707],[-82.32955,29.62727],[-82.32957,29.62746],[-82.3296,29.62764],[-82.32964,29.62784],[-82.32975,29.62801],[-82.32983,29.62814],[-82.32984,29.62824],[-82.32981,29.62837],[-82.32979,29.62852],[-82.32975,29.62867],[-82.32974,29.62877],[-82.32964,29.62886],[-82.3296,29.62888],[-82.32955,29.6289],[-82.32946,29.62894],[-82.32926,29.62896],[-82.32909,29.62899],[-82.32893,29.62898]]]}},{"type":"Feature","id":"way/257707176","properties":{"kind":"water","name":""},"geometry":{"type":"Polygon","coordinates":[[[-82.33173,29.62972],[-82.33158,29.62978],[-82.33141,29.62985],[-82.33128,29.62984],[-82.33115,29.62984],[-82.33102,29.62983],[-82.331,29.62975],[-82.33109,29.62962],[-82.33112,29.62951],[-82.33118,29.62942],[-82.33129,29.62935],[-82.33142,29.62933],[-82.33157,29.62931],[-82.33174,29.62928],[-82.33187,29.62929],[-82.33196,29.6293],[-82.33206,29.62937],[-82.3321,29.62949],[-82.33212,29.62959],[-82.33211,29.62967],[-82.33198,29.62967],[-82.33187,29.62967],[-82.33179,29.62967],[-82.33173,29.62972]]]}},{"type":"Feature","id":"way/257707305","properties":{"kind":"water","name":""},"geometry":{"type":"Polygon","coordinates":[[[-82.34156,29.63861],[-82.34155,29.63858],[-82.34154,29.63853],[-82.34153,29.6385],[-82.3415,29.63847],[-82.34144,29.63845],[-82.34138,29.63844],[-82.34132,29.63845],[-82.34128,29.63848],[-82.34125,29.63852],[-82.34124,29.63858],[-82.34125,29.63863],[-82.34125,29.63872],[-82.34122,29.63879],[-82.34117,29.63885],[-82.34114,29.6389],[-82.34118,29.63897],[-82.34122,29.63902],[-82.3413,29.63904],[-82.3414,29.63906],[-82.34152,29.63905],[-82.34156,29.63904],[-82.3416,29.63901],[-82.34163,29.63894],[-82.34165,29.63888],[-82.34165,29.63882],[-82.34164,29.63876],[-82.34162,29.63872],[-82.34159,29.63869],[-82.34158,29.63865],[-82.34156,29.63861]]]}},{"type":"Feature","id":"way/257708078","properties":{"kind":"water","name":"Rush Lake"},"geometry":{"type":"Polygon","coordinates":[[[-82.3407,29.63789],[-82.34061,29.63784],[-82.34052,29.63781],[-82.34044,29.6378],[-82.34039,29.63774],[-82.34037,29.63768],[-82.34035,29.63754],[-82.34035,29.63741],[-82.34037,29.63728],[-82.34043,29.63719],[-82.34053,29.63713],[-82.34067,29.63709],[-82.34082,29.63708],[-82.3409,29.63707],[-82.34097,29.6371],[-82.34104,29.63712],[-82.3411,29.6371],[-82.34116,29.63711],[-82.34122,29.63715],[-82.34122,29.63719],[-82.34119,29.63732],[-82.34118,29.63742],[-82.34115,29.63752],[-82.34114,29.63761],[-82.34109,29.63769],[-82.34103,29.63775],[-82.341,29.63777],[-82.34096,29.63783],[-82.34093,29.63786],[-82.34086,29.63788],[-82.34079,29.63789],[-82.3407,29.63789]]]}},{"type":"Feature","id":"way/258927229","properties":{"kind":"campus","name":"105 Classroom Building"},"geometry":{"type":"Polygon","coordinates":[[[-82.34312,29.65309],[-82.34277,29.65309],[-82.34277,29.65286],[-82.34312,29.65286],[-82.34312,29.65298],[-82.34312,29.65301],[-82.34312,29.65309]]]}},{"type":"Feature","id":"way/264182367","properties":{"kind":"green","name":"Plaza of the Americas"},"geometry":{"type":"Polygon","coordinates":[[[-82.34349,29.65106],[-82.34311,29.65106],[-82.34312,29.65099],[-82.34291,29.65099],[-82.34271,29.65099],[-82.34271,29.651],[-82.34241,29.651],[-82.34231,29.651],[-82.34228,29.651],[-82.34218,29.651],[-82.34218,29.65099],[-82.34213,29.65099],[-82.34204,29.65099],[-82.342,29.65099],[-82.342,29.65097],[-82.34197,29.65097],[-82.34197,29.65055],[-82.34194,29.65055],[-82.34194,29.65052],[-82.34188,29.65052],[-82.34187,29.65028],[-82.34195,29.65028],[-82.34218,29.65028],[-82.3423,29.65028],[-82.34231,29.64996],[-82.34231,29.64985],[-82.34348,29.64985],[-82.34349,29.65106]]]}},{"type":"Feature","id":"way/277053110","properties":{"kind":"water","name":"Jennings Creek"},"geometry":{"type":"LineString","coordinates":[[-82.34097,29.64464],[-82.34099,29.64462],[-82.341,29.6446],[-82.34101,29.64458],[-82.34102,29.64456],[-82.34103,29.64454],[-82.34103,29.64452],[-82.34104,29.64448],[-82.34106,29.64446],[-82.34107,29.64444],[-82.34109,29.64442],[-82.34111,29.6444],[-82.34115,29.64437],[-82.3412,29.64435],[-82.34123,29.64434],[-82.34126,29.64431],[-82.34128,29.64429],[-82.34131,29.64427],[-82.34133,29.64424],[-82.34134,29.64421],[-82.34136,29.64418],[-82.34136,29.64415],[-82.34136,29.64412],[-82.34135,29.64408],[-82.34134,29.64405],[-82.34133,29.64402],[-82.34133,29.64399],[-82.34134,29.64396],[-82.34135,29.64394],[-82.34137,29.64391],[-82.34141,29.64389],[-82.34144,29.64388],[-82.34147,29.64388],[-82.34152,29.64388],[-82.34155,29.64388],[-82.34158,29.64388],[-82.34162,29.64387],[-82.34164,29.64385],[-82.34165,29.64383],[-82.34166,29.64379],[-82.3417,29.64366],[-82.34172,29.64362],[-82.34173,29.64359],[-82.34175,29.64357],[-82.34176,29.64354],[-82.34178,29.64351],[-82.34181,29.64347],[-82.34186,29.64341],[-82.34192,29.64333],[-82.34198,29.64326],[-82.34206,29.64317],[-82.34211,29.64311],[-82.34218,29.64302],[-82.34223,29.64293],[-82.34228,29.64287],[-82.34235,29.64281],[-82.34243,29.64274],[-82.3425,29.64264]]}},{"type":"Feature","id":"way/277053111","properties":{"kind":"water","name":""},"geometry":{"type":"LineString","coordinates":[[-82.3425,29.64264],[-82.34271,29.64258],[-82.34299,29.64256],[-82.34328,29.64255],[-82.34345,29.64253]]}},{"type":"Feature","id":"way/277053112","properties":{"kind":"water","name":""},"geometry":{"type":"LineString","coordinates":[[-82.34384,29.64251],[-82.34437,29.64251],[-82.34444,29.6425],[-82.34462,29.64249],[-82.34475,29.64245],[-82.34497,29.6424],[-82.3451,29.64239],[-82.34526,29.64235],[-82.34536,29.64229],[-82.34545,29.64221],[-82.34553,29.6421],[-82.34565,29.64184],[-82.34568,29.6417],[-82.34577,29.64152],[-82.34584,29.64141],[-82.34593,29.64132],[-82.34601,29.64126],[-82.34609,29.64122]]}},{"type":"Feature","id":"way/277053113","properties":{"kind":"water","name":"Jennings Creek"},"geometry":{"type":"LineString","coordinates":[[-82.34015,29.64519],[-82.34026,29.64515],[-82.34031,29.64514],[-82.34036,29.64512],[-82.34043,29.64509],[-82.34045,29.64508],[-82.34047,29.64508],[-82.3405,29.64507],[-82.34053,29.64507],[-82.34055,29.64507],[-82.34057,29.64507],[-82.3406,29.64508],[-82.34063,29.64508],[-82.34065,29.64507],[-82.34067,29.64507],[-82.34069,29.64505],[-82.34072,29.645]]}},{"type":"Feature","id":"way/277053114","properties":{"kind":"water","name":"Lake Alice Creek"},"geometry":{"type":"LineString","coordinates":[[-82.34197,29.64149],[-82.34191,29.64147],[-82.34183,29.64147],[-82.34172,29.64148],[-82.34155,29.64153],[-82.3414,29.64159],[-82.34127,29.64166],[-82.34117,29.64169],[-82.34108,29.64173],[-82.34098,29.64181],[-82.34076,29.64185],[-82.34064,29.64186],[-82.34051,29.64186],[-82.34034,29.64188],[-82.34019,29.64192],[-82.34001,29.64196],[-82.33989,29.64207],[-82.33985,29.64213],[-82.33975,29.64219],[-82.33963,29.64221]]}},{"type":"Feature","id":"way/277061307","properties":{"kind":"water","name":"Ocala Pond"},"geometry":{"type":"Polygon","coordinates":[[[-82.33986,29.64774],[-82.33984,29.64777],[-82.33981,29.6478],[-82.3398,29.64781],[-82.33977,29.64782],[-82.33975,29.64783],[-82.33973,29.64784],[-82.33968,29.64785],[-82.33965,29.64786],[-82.33962,29.64786],[-82.33959,29.64785],[-82.33957,29.64784],[-82.33955,29.64783],[-82.33954,29.64781],[-82.33952,29.64778],[-82.33951,29.64774],[-82.33951,29.64768],[-82.33951,29.64762],[-82.33953,29.64757],[-82.33954,29.64754],[-82.33956,29.64752],[-82.3396,29.64749],[-82.33965,29.64748],[-82.33971,29.64748],[-82.33977,29.64749],[-82.33982,29.64751],[-82.33985,29.64754],[-82.33987,29.64757],[-82.33988,29.6476],[-82.33988,29.64764],[-82.33987,29.64769],[-82.33986,29.64774]]]}},{"type":"Feature","id":"way/278909998","properties":{"kind":"water","name":"Graham Pond"},"geometry":{"type":"Polygon","coordinates":[[[-82.35105,29.64551],[-82.35108,29.6455],[-82.3511,29.64546],[-82.35112,29.6454],[-82.35111,29.6453],[-82.35107,29.64529],[-82.35104,29.64525],[-82.35102,29.64523],[-82.35105,29.64521],[-82.35107,29.64518],[-82.35108,29.64514],[-82.35107,29.64511],[-82.35106,29.64508],[-82.35102,29.64506],[-82.35096,29.64507],[-82.35092,29.64509],[-82.35092,29.64515],[-82.35093,29.64518],[-82.35094,29.6452],[-82.35097,29.64522],[-82.35097,29.64527],[-82.35094,29.64534],[-82.35094,29.64538],[-82.35094,29.64541],[-82.35095,29.64544],[-82.35099,29.64547],[-82.35101,29.6455],[-82.35105,29.64551]]]}},{"type":"Feature","id":"way/278909999","properties":{"kind":"water","name":"Hume Creek"},"geometry":{"type":"LineString","coordinates":[[-82.35093,29.64477],[-82.35093,29.64473],[-82.35093,29.64469],[-82.35092,29.64464],[-82.35089,29.64458],[-82.35087,29.6445],[-82.35085,29.64443],[-82.35084,29.6444],[-82.35084,29.64435]]}},{"type":"Feature","id":"way/278910000","properties":{"kind":"water","name":"Hume Creek"},"geometry":{"type":"LineString","coordinates":[[-82.35057,29.6446],[-82.3506,29.64459],[-82.35067,29.64457],[-82.35071,29.64456],[-82.35076,29.64454],[-82.35079,29.64452],[-82.35083,29.64451],[-82.35087,29.6445]]}},{"type":"Feature","id":"way/278910001","properties":{"kind":"water","name":"Hume Creek"},"geometry":{"type":"LineString","coordinates":[[-82.35088,29.64406],[-82.3509,29.64401],[-82.35096,29.64396],[-82.35103,29.64393],[-82.3511,29.64389],[-82.35115,29.64387],[-82.35122,29.64383],[-82.35133,29.64378],[-82.35141,29.64377],[-82.35146,29.64377],[-82.35153,29.64377],[-82.35157,29.64376],[-82.35166,29.64376],[-82.35169,29.64376],[-82.35177,29.64376],[-82.35185,29.64376]]}},{"type":"Feature","id":"way/289909362","properties":{"kind":"road","name":"Northwest 16th Avenue"},"geometry":{"type":"LineString","coordinates":[[-82.33294,29.66663],[-82.33311,29.66663],[-82.33376,29.66664],[-82.33408,29.66664],[-82.33482,29.66665],[-82.33511,29.66665],[-82.3358,29.66666]]}},{"type":"Feature","id":"way/294197733","properties":{"kind":"road","name":"West University Avenue"},"geometry":{"type":"LineString","coordinates":[[-82.34757,29.65213],[-82.34763,29.65213],[-82.34771,29.65213],[-82.34782,29.65208]]}},{"type":"Feature","id":"way/294203169","properties":{"kind":"green","name":"Reitz Union North Lawn"},"geometry":{"type":"Polygon","coordinates":[[[-82.34859,29.64698],[-82.3484,29.64698],[-82.3483,29.64699],[-82.3483,29.64696],[-82.34821,29.64696],[-82.34821,29.64695],[-82.34815,29.64695],[-82.34769,29.64696],[-82.34769,29.64706],[-82.34767,29.64706],[-82.34767,29.64709],[-82.34767,29.64712],[-82.34768,29.64712],[-82.34768,29.64715],[-82.34757,29.64715],[-82.34757,29.64721],[-82.3478,29.64721],[-82.3478,29.6473],[-82.34771,29.6473],[-82.34771,29.64731],[-82.34769,29.64731],[-82.34769,29.64739],[-82.3477,29.64747],[-82.34766,29.64748],[-82.34754,29.64748],[-82.34748,29.64743],[-82.34745,29.64746],[-82.3473,29.64746],[-82.3473,29.64757],[-82.34727,29.64757],[-82.3468,29.64757],[-82.34651,29.64755],[-82.34606,29.64775],[-82.3458,29.64785],[-82.34579,29.64784],[-82.34573,29.64786],[-82.34572,29.64785],[-82.34562,29.6479],[-82.34563,29.64791],[-82.34554,29.64795],[-82.34553,29.64794],[-82.34548,29.64797],[-82.34533,29.64806],[-82.34522,29.64813],[-82.34517,29.64811],[-82.34498,29.64801],[-82.34469,29.64801],[-82.34469,29.64795],[-82.34469,29.64793],[-82.34469,29.6479],[-82.34468,29.64788],[-82.34468,29.64785],[-82.34467,29.64783],[-82.34466,29.64781],[-82.34465,29.64779],[-82.34463,29.64777],[-82.34461,29.64775],[-82.34459,29.64774],[-82.34457,29.64772],[-82.34454,29.6477],[-82.3445,29.64769],[-82.34448,29.64768],[-82.34445,29.64767],[-82.34442,29.64766],[-82.34438,29.64765],[-82.34435,29.64765],[-82.34428,29.64765],[-82.34429,29.64759],[-82.34431,29.64755],[-82.34431,29.64751],[-82.3443,29.64747],[-82.3443,29.64744],[-82.3443,29.64742],[-82.34431,29.6474],[-82.34431,29.64737],[-82.34433,29.64734],[-82.34433,29.6473],[-82.34434,29.64727],[-82.34433,29.64722],[-82.34433,29.64719],[-82.34463,29.64706],[-82.34464,29.64707],[-82.3447,29.64717],[-82.34486,29.64709],[-82.34498,29.64702],[-82.34503,29.647],[-82.34505,29.64703],[-82.34506,29.64706],[-82.34508,29.64709],[-82.34512,29.64707],[-82.34521,29.64722],[-82.34559,29.64704],[-82.34596,29.64687],[-82.34587,29.64673],[-82.34591,29.64671],[-82.34589,29.64668],[-82.34638,29.64652],[-82.34654,29.64652],[-82.34653,29.6465],[-82.34669,29.6465],[-82.34669,29.64652],[-82.34698,29.64652],[-82.34698,29.64651],[-82.34697,29.6465],[-82.34703,29.6465],[-82.34703,29.64659],[-82.34703,29.64664],[-82.34714,29.64664],[-82.34715,29.64665],[-82.34719,29.64665],[-82.34723,29.64665],[-82.34723,29.64664],[-82.34727,29.64664],[-82.34728,29.64663],[-82.34755,29.64664],[-82.34755,29.64665],[-82.34799,29.64665],[-82.34801,29.64665],[-82.34801,29.64663],[-82.34803,29.64663],[-82.34805,29.64663],[-82.34805,29.64664],[-82.34817,29.64664],[-82.34833,29.64664],[-82.34866,29.64667],[-82.3486,29.64668],[-82.34859,29.64681],[-82.34859,29.64683],[-82.34859,29.64698]]]}},{"type":"Feature","id":"way/294203178","properties":{"kind":"water","name":"Dairy Pond"},"geometry":{"type":"Polygon","coordinates":[[[-82.34468,29.64756],[-82.34463,29.64757],[-82.34458,29.64757],[-82.3445,29.64756],[-82.34444,29.64754],[-82.34441,29.64752],[-82.34438,29.6475],[-82.34436,29.64746],[-82.34436,29.64742],[-82.34436,29.64738],[-82.34437,29.64734],[-82.34437,29.6473],[-82.34437,29.64727],[-82.34438,29.64724],[-82.34439,29.64722],[-82.34441,29.64721],[-82.34446,29.64718],[-82.3445,29.64716],[-82.34453,29.64716],[-82.34458,29.64716],[-82.34463,29.64717],[-82.34467,29.64719],[-82.34471,29.64722],[-82.34476,29.64726],[-82.34477,29.6473],[-82.34479,29.64735],[-82.34478,29.6474],[-82.34477,29.64745],[-82.34474,29.6475],[-82.34472,29.64753],[-82.34468,29.64756]]]}},{"type":"Feature","id":"way/294203180","properties":{"kind":"water","name":"Gator Pond"},"geometry":{"type":"Polygon","coordinates":[[[-82.34142,29.64837],[-82.34133,29.64839],[-82.34124,29.64838],[-82.34117,29.64834],[-82.3411,29.64831],[-82.3411,29.64826],[-82.34112,29.64819],[-82.34117,29.64814],[-82.34126,29.64808],[-82.34134,29.64807],[-82.34142,29.6481],[-82.34146,29.64815],[-82.34148,29.64823],[-82.34148,29.64831],[-82.34142,29.64837]]]}},{"type":"Feature","id":"way/314517051","properties":{"kind":"road","name":"West University Avenue"},"geometry":{"type":"LineString","coordinates":[[-82.36979,29.65224],[-82.37005,29.65226],[-82.37041,29.65227]]}},{"type":"Feature","id":"way/323708121","properties":{"kind":"road","name":"East University Avenue"},"geometry":{"type":"LineString","coordinates":[[-82.30585,29.65187],[-82.30574,29.65187],[-82.30441,29.65187],[-82.30302,29.65186],[-82.30161,29.65186]]}},{"type":"Feature","id":"way/344285016","properties":{"kind":"green","name":"Tom Petty Park"},"geometry":{"type":"Polygon","coordinates":[[[-82.32247,29.66645],[-82.31871,29.66643],[-82.31872,29.66356],[-82.32048,29.66356],[-82.32048,29.66459],[-82.32114,29.66459],[-82.32181,29.66459],[-82.3218,29.66511],[-82.32246,29.66512],[-82.32246,29.66578],[-82.32247,29.66645]]]}},{"type":"Feature","id":"way/359648966","properties":{"kind":"road","name":"Southwest 16th Avenue"},"geometry":{"type":"LineString","coordinates":[[-82.3513,29.63487],[-82.35118,29.63486],[-82.35062,29.63479],[-82.34917,29.63462],[-82.34864,29.63456],[-82.34812,29.63455],[-82.34759,29.63458],[-82.34709,29.63464],[-82.34688,29.63468],[-82.34646,29.63477],[-82.34642,29.63478],[-82.34583,29.63493],[-82.34572,29.63496],[-82.34562,29.63499],[-82.34469,29.63523],[-82.34434,29.63533]]}},{"type":"Feature","id":"way/359648968","properties":{"kind":"road","name":"Southwest 16th Avenue"},"geometry":{"type":"LineString","coordinates":[[-82.34316,29.63579],[-82.34326,29.63576],[-82.34448,29.63543]]}},{"type":"Feature","id":"way/365815415","properties":{"kind":"green","name":"Bivens Arm Nature Park"},"geometry":{"type":"Polygon","coordinates":[[[-82.3335,29.61812],[-82.33381,29.61782],[-82.33418,29.61751],[-82.33448,29.61755],[-82.33464,29.6173],[-82.33536,29.61737],[-82.33767,29.61763],[-82.33772,29.61774],[-82.33781,29.61786],[-82.33806,29.61797],[-82.33808,29.6182],[-82.33806,29.61871],[-82.33814,29.61889],[-82.33856,29.61893],[-82.33871,29.61922],[-82.33892,29.61966],[-82.33968,29.62048],[-82.3395,29.622],[-82.33914,29.62186],[-82.33512,29.62046],[-82.33487,29.62037],[-82.33509,29.62267],[-82.33526,29.62449],[-82.3363,29.62442],[-82.33647,29.62624],[-82.33699,29.62619],[-82.33712,29.62733],[-82.33762,29.62728],[-82.33771,29.62795],[-82.33772,29.62806],[-82.33686,29.62812],[-82.33678,29.62803],[-82.33627,29.62794],[-82.33581,29.62858],[-82.3358,29.62856],[-82.33565,29.6286],[-82.33564,29.62811],[-82.33546,29.62633],[-82.33566,29.62631],[-82.33571,29.62552],[-82.33551,29.62557],[-82.33541,29.62534],[-82.33489,29.62455],[-82.33368,29.62405],[-82.33309,29.62392],[-82.33338,29.62256],[-82.33167,29.62225],[-82.33178,29.62175],[-82.33197,29.62086],[-82.3321,29.6204],[-82.33214,29.62029],[-82.33226,29.61998],[-82.33245,29.61958],[-82.33252,29.61943],[-82.33271,29.61912],[-82.33294,29.61877],[-82.33319,29.61847],[-82.3335,29.61812]]]}},{"type":"Feature","id":"way/365819241","properties":{"kind":"green","name":"Boulware Springs Park"},"geometry":{"type":"Polygon","coordinates":[[[-82.30596,29.62818],[-82.30648,29.62817],[-82.30649,29.62918],[-82.30911,29.62917],[-82.30905,29.62887],[-82.31154,29.62888],[-82.31134,29.62822],[-82.30917,29.62123],[-82.30915,29.62115],[-82.30902,29.62061],[-82.30873,29.61907],[-82.30597,29.61909],[-82.30597,29.6206],[-82.30597,29.62076],[-82.30597,29.6211],[-82.30597,29.62467],[-82.30597,29.62673],[-82.30596,29.62818]]]}},{"type":"Feature","id":"way/365948735","properties":{"kind":"green","name":"Alfred A. Ring Park"},"geometry":{"type":"Polygon","coordinates":[[[-82.34822,29.674],[-82.34798,29.674],[-82.34749,29.674],[-82.34721,29.674],[-82.34719,29.67393],[-82.34701,29.67346],[-82.34624,29.67281],[-82.34616,29.67255],[-82.34545,29.67218],[-82.34519,29.67238],[-82.34504,29.67254],[-82.34505,29.67264],[-82.34515,29.67272],[-82.34508,29.67281],[-82.34525,29.67294],[-82.34536,29.67309],[-82.34536,29.67361],[-82.34534,29.67375],[-82.34526,29.67389],[-82.34515,29.6741],[-82.34449,29.67395],[-82.34398,29.67389],[-82.34346,29.67387],[-82.34336,29.67381],[-82.34336,29.67373],[-82.34372,29.67372],[-82.34376,29.67357],[-82.34427,29.67365],[-82.34464,29.67376],[-82.34477,29.67354],[-82.34484,29.67351],[-82.34487,29.67331],[-82.3448,29.67324],[-82.34477,29.67303],[-82.3447,29.67297],[-82.34465,29.67283],[-82.3447,29.67271],[-82.34455,29.67245],[-82.34423,29.67226],[-82.34402,29.67252],[-82.34384,29.67281],[-82.34376,29.67286],[-82.34372,29.67297],[-82.34375,29.67309],[-82.34368,29.67316],[-82.3435,29.67302],[-82.34335,29.67294],[-82.34336,29.67162],[-82.34374,29.6717],[-82.34377,29.67164],[-82.34403,29.67169],[-82.34408,29.67179],[-82.34431,29.67192],[-82.34465,29.67195],[-82.34494,29.67183],[-82.34535,29.67158],[-82.34552,29.67125],[-82.34607,29.6707],[-82.34625,29.6703],[-82.34638,29.66997],[-82.34633,29.66991],[-82.34631,29.66931],[-82.34646,29.66912],[-82.34616,29.66897],[-82.34543,29.66897],[-82.34514,29.66909],[-82.34476,29.66909],[-82.34427,29.66901],[-82.34391,29.66893],[-82.34338,29.66891],[-82.34337,29.66816],[-82.34379,29.66815],[-82.34398,29.66803],[-82.34424,29.66819],[-82.34459,29.66828],[-82.34572,29.66833],[-82.346,29.66843],[-82.34678,29.66829],[-82.34661,29.66794],[-82.34676,29.66783],[-82.34697,29.66798],[-82.34735,29.66792],[-82.34772,29.66769],[-82.34783,29.66753],[-82.34785,29.66686],[-82.34892,29.66691],[-82.34919,29.6669],[-82.34915,29.66696],[-82.34825,29.66829],[-82.34811,29.66884],[-82.34748,29.67008],[-82.34747,29.67048],[-82.34722,29.6708],[-82.34822,29.67172],[-82.34822,29.674]]]}},{"type":"Feature","id":"way/375743314","properties":{"kind":"road","name":"Southwest 2nd Avenue"},"geometry":{"type":"LineString","coordinates":[[-82.37546,29.65076],[-82.37583,29.65082]]}},{"type":"Feature","id":"way/375743315","properties":{"kind":"road","name":"Southwest 2nd Avenue"},"geometry":{"type":"LineString","coordinates":[[-82.37508,29.65069],[-82.37519,29.65071],[-82.37546,29.65076]]}},{"type":"Feature","id":"way/375743323","properties":{"kind":"road","name":"West University Avenue"},"geometry":{"type":"LineString","coordinates":[[-82.37456,29.65198],[-82.37504,29.65196]]}},{"type":"Feature","id":"way/375743324","properties":{"kind":"road","name":"West University Avenue"},"geometry":{"type":"LineString","coordinates":[[-82.37504,29.65186],[-82.37478,29.65188],[-82.37475,29.65188]]}},{"type":"Feature","id":"way/375743325","properties":{"kind":"road","name":"West University Avenue"},"geometry":{"type":"LineString","coordinates":[[-82.37456,29.65189],[-82.37421,29.65191],[-82.37407,29.65192]]}},{"type":"Feature","id":"way/375743326","properties":{"kind":"road","name":"West University Avenue"},"geometry":{"type":"LineString","coordinates":[[-82.37504,29.65196],[-82.37521,29.65195],[-82.37545,29.65194],[-82.37564,29.65193]]}},{"type":"Feature","id":"way/376783530","properties":{"kind":"road","name":"Southwest 13th Street"},"geometry":{"type":"LineString","coordinates":[[-82.33939,29.64088],[-82.33938,29.64069],[-82.33937,29.64052],[-82.33932,29.64016]]}},{"type":"Feature","id":"way/376783533","properties":{"kind":"road","name":"Southwest 6th Street"},"geometry":{"type":"LineString","coordinates":[[-82.33089,29.64248],[-82.33087,29.6424],[-82.33081,29.64216],[-82.33078,29.64194],[-82.33076,29.64183],[-82.33073,29.64144],[-82.3307,29.64112],[-82.33068,29.64084],[-82.33064,29.64064],[-82.33058,29.64041],[-82.3305,29.64019],[-82.33045,29.64006],[-82.33041,29.63997],[-82.3303,29.63971],[-82.33005,29.63918],[-82.32992,29.63892],[-82.3298,29.6386],[-82.32972,29.63827],[-82.32969,29.63802],[-82.3297,29.63768],[-82.32976,29.63706]]}},{"type":"Feature","id":"way/376783534","properties":{"kind":"road","name":"Southwest Depot Avenue"},"geometry":{"type":"LineString","coordinates":[[-82.3357,29.64264],[-82.33566,29.64266],[-82.33562,29.64267],[-82.33558,29.64268],[-82.33551,29.6427],[-82.33519,29.64275],[-82.33457,29.64286],[-82.33395,29.64299],[-82.33368,29.64304],[-82.33358,29.64306]]}},{"type":"Feature","id":"way/377458649","properties":{"kind":"road","name":"West University Avenue"},"geometry":{"type":"LineString","coordinates":[[-82.37605,29.65184],[-82.37564,29.65184],[-82.37545,29.65185]]}},{"type":"Feature","id":"way/377502963","properties":{"kind":"road","name":"West University Avenue"},"geometry":{"type":"LineString","coordinates":[[-82.37264,29.65203],[-82.3726,29.65204],[-82.37247,29.65205]]}},{"type":"Feature","id":"way/377561145","properties":{"kind":"road","name":"Southwest 34th Street"},"geometry":{"type":"LineString","coordinates":[[-82.37248,29.62838],[-82.37249,29.62856],[-82.37249,29.62866],[-82.37248,29.62884],[-82.37248,29.6296],[-82.37247,29.63025],[-82.37246,29.63154],[-82.37246,29.6319]]}},{"type":"Feature","id":"way/377881104","properties":{"kind":"green","name":"Westside Recreation Center"},"geometry":{"type":"Polygon","coordinates":[[[-82.37224,29.66312],[-82.36946,29.66312],[-82.36947,29.65961],[-82.37231,29.65962],[-82.37229,29.66312],[-82.37224,29.66312]]]}},{"type":"Feature","id":"way/384192478","properties":{"kind":"water","name":"Hume Creek"},"geometry":{"type":"LineString","coordinates":[[-82.35084,29.64435],[-82.35088,29.64406]]}},{"type":"Feature","id":"way/384605103","properties":{"kind":"road","name":"Northwest 34th Street"},"geometry":{"type":"LineString","coordinates":[[-82.37247,29.65304],[-82.37248,29.65276]]}},{"type":"Feature","id":"way/384605104","properties":{"kind":"road","name":"Northwest 34th Street"},"geometry":{"type":"LineString","coordinates":[[-82.37241,29.65355],[-82.37248,29.65342],[-82.37247,29.65304]]}},{"type":"Feature","id":"way/384605105","properties":{"kind":"road","name":"Northwest 34th Street"},"geometry":{"type":"LineString","coordinates":[[-82.37248,29.65276],[-82.37248,29.65257],[-82.37247,29.65228],[-82.37247,29.65225],[-82.37247,29.65215]]}},{"type":"Feature","id":"way/384605108","properties":{"kind":"road","name":"Southwest 34th Street"},"geometry":{"type":"LineString","coordinates":[[-82.37259,29.63854],[-82.37259,29.63782],[-82.37259,29.6377]]}},{"type":"Feature","id":"way/384605109","properties":{"kind":"road","name":"Southwest 34th Street"},"geometry":{"type":"LineString","coordinates":[[-82.37261,29.63424],[-82.37261,29.63415],[-82.37262,29.6332],[-82.37262,29.63268],[-82.37262,29.63251],[-82.37262,29.63233],[-82.37263,29.631],[-82.37263,29.63079],[-82.37263,29.63077],[-82.37263,29.63062],[-82.37263,29.6303],[-82.37263,29.63017],[-82.37263,29.63009],[-82.37264,29.62991],[-82.37264,29.62908],[-82.37266,29.62852],[-82.37266,29.62844]]}},{"type":"Feature","id":"way/384605110","properties":{"kind":"road","name":"Southwest 34th Street"},"geometry":{"type":"LineString","coordinates":[[-82.3723,29.64965],[-82.3723,29.65024],[-82.3723,29.65034]]}},{"type":"Feature","id":"way/384605111","properties":{"kind":"road","name":"Southwest 34th Street"},"geometry":{"type":"LineString","coordinates":[[-82.37247,29.65205],[-82.37247,29.65196],[-82.37247,29.65177],[-82.37246,29.65117],[-82.37246,29.65108]]}},{"type":"Feature","id":"way/387038737","properties":{"kind":"road","name":"Southwest 2nd Avenue"},"geometry":{"type":"LineString","coordinates":[[-82.37329,29.65047],[-82.37353,29.65048],[-82.37371,29.6505],[-82.37392,29.65052],[-82.37426,29.65056]]}},{"type":"Feature","id":"way/387038806","properties":{"kind":"water","name":"Hogtown Creek"},"geometry":{"type":"LineString","coordinates":[[-82.37144,29.65342],[-82.37171,29.65312],[-82.37182,29.65306],[-82.37221,29.65295],[-82.37267,29.65284],[-82.37362,29.65266],[-82.37406,29.65261],[-82.37423,29.65259],[-82.37444,29.65248],[-82.37455,29.65241],[-82.37461,29.65233],[-82.37466,29.65222],[-82.37474,29.65209],[-82.37494,29.65165],[-82.37522,29.65108],[-82.37532,29.65086],[-82.37536,29.65028],[-82.37533,29.64991],[-82.37535,29.64937],[-82.37536,29.64902],[-82.37541,29.64802],[-82.37547,29.64749],[-82.37555,29.64718],[-82.37596,29.64626]]}},{"type":"Feature","id":"way/388812958","properties":{"kind":"road","name":"Windmeadows Boulevard"},"geometry":{"type":"LineString","coordinates":[[-82.37248,29.62838],[-82.37266,29.62844]]}},{"type":"Feature","id":"way/395153791","properties":{"kind":"green","name":"Loblolly Woods South"},"geometry":{"type":"Polygon","coordinates":[[[-82.37177,29.65934],[-82.36937,29.65934],[-82.35661,29.65931],[-82.3566,29.65868],[-82.35785,29.65776],[-82.35812,29.6576],[-82.35849,29.65745],[-82.35941,29.65718],[-82.35972,29.6571],[-82.35995,29.65711],[-82.36025,29.65722],[-82.36077,29.6574],[-82.36128,29.65755],[-82.36165,29.65758],[-82.36197,29.65763],[-82.36222,29.65779],[-82.36249,29.65818],[-82.36265,29.65839],[-82.36285,29.65851],[-82.36309,29.65855],[-82.36338,29.65859],[-82.36373,29.65858],[-82.36395,29.65857],[-82.36395,29.65863],[-82.36407,29.65874],[-82.36416,29.6586],[-82.36443,29.65861],[-82.36451,29.65851],[-82.36467,29.65858],[-82.36499,29.6585],[-82.36492,29.65834],[-82.3647,29.65839],[-82.36489,29.6582],[-82.36541,29.65823],[-82.3654,29.65806],[-82.36574,29.658],[-82.36585,29.6581],[-82.36613,29.65805],[-82.36631,29.65792],[-82.36663,29.6578],[-82.36666,29.65787],[-82.3665,29.65808],[-82.3666,29.65817],[-82.36697,29.65793],[-82.36692,29.65771],[-82.36684,29.65765],[-82.36692,29.65756],[-82.36703,29.65762],[-82.36697,29.65775],[-82.36708,29.65785],[-82.36717,29.6578],[-82.36711,29.65759],[-82.36721,29.65759],[-82.36726,29.65765],[-82.36733,29.65771],[-82.36741,29.65765],[-82.36724,29.65749],[-82.36724,29.6574],[-82.3674,29.65726],[-82.36775,29.6572],[-82.36775,29.65708],[-82.36761,29.65701],[-82.3675,29.65701],[-82.36756,29.65691],[-82.36763,29.65678],[-82.36766,29.65662],[-82.36773,29.65659],[-82.36795,29.6566],[-82.3682,29.65668],[-82.36834,29.65663],[-82.36868,29.65657],[-82.36883,29.65661],[-82.369,29.65657],[-82.3692,29.65671],[-82.36955,29.6568],[-82.36979,29.65704],[-82.36991,29.65704],[-82.37001,29.65696],[-82.37006,29.65685],[-82.37002,29.65677],[-82.36998,29.65672],[-82.37004,29.65665],[-82.37009,29.6566],[-82.37013,29.65651],[-82.37014,29.65643],[-82.37023,29.65634],[-82.37027,29.65624],[-82.37022,29.65612],[-82.37014,29.65608],[-82.37005,29.65601],[-82.37011,29.65573],[-82.36993,29.6556],[-82.36992,29.65543],[-82.36981,29.65528],[-82.36981,29.65521],[-82.36987,29.65515],[-82.36984,29.65505],[-82.36966,29.65491],[-82.36968,29.65481],[-82.36978,29.6547],[-82.36992,29.65462],[-82.37,29.6545],[-82.36997,29.6544],[-82.37007,29.65434],[-82.37015,29.65428],[-82.37011,29.65416],[-82.37006,29.65409],[-82.37018,29.65406],[-82.37037,29.65405],[-82.37046,29.65404],[-82.37055,29.65397],[-82.37076,29.65394],[-82.37092,29.65395],[-82.37092,29.65384],[-82.3709,29.65375],[-82.3709,29.65362],[-82.37094,29.6536],[-82.37107,29.65364],[-82.37116,29.65373],[-82.37133,29.65384],[-82.37194,29.65425],[-82.37193,29.65505],[-82.37179,29.65506],[-82.37159,29.65507],[-82.3716,29.65523],[-82.37076,29.65522],[-82.37076,29.65553],[-82.37076,29.65571],[-82.37076,29.65659],[-82.37167,29.65658],[-82.37166,29.65726],[-82.37192,29.65725],[-82.37192,29.65796],[-82.37182,29.65797],[-82.37177,29.65934]]]}},{"type":"Feature","id":"way/395153792","properties":{"kind":"green","name":"Cora P. Roberson Park"},"geometry":{"type":"Polygon","coordinates":[[[-82.33222,29.64504],[-82.33225,29.64514],[-82.33228,29.64523],[-82.33227,29.64532],[-82.33223,29.64535],[-82.33216,29.64547],[-82.33207,29.64565],[-82.33206,29.6458],[-82.33212,29.64593],[-82.33221,29.64605],[-82.33228,29.64611],[-82.33237,29.64613],[-82.33238,29.6462],[-82.33235,29.64631],[-82.33229,29.64637],[-82.33227,29.6465],[-82.33227,29.64698],[-82.33227,29.64704],[-82.33228,29.64707],[-82.33229,29.64709],[-82.33229,29.64711],[-82.33222,29.64709],[-82.3319,29.64708],[-82.33185,29.64708],[-82.33181,29.64706],[-82.33174,29.64704],[-82.33169,29.64702],[-82.33166,29.64702],[-82.33164,29.64704],[-82.33163,29.64706],[-82.3316,29.64707],[-82.33157,29.64708],[-82.33154,29.64708],[-82.33151,29.64708],[-82.33149,29.64707],[-82.33146,29.64707],[-82.33144,29.64707],[-82.3314,29.64708],[-82.33142,29.6454],[-82.33142,29.64532],[-82.3314,29.64473],[-82.3314,29.64453],[-82.33139,29.64421],[-82.33139,29.64405],[-82.33136,29.64366],[-82.33138,29.64362],[-82.33143,29.64359],[-82.33189,29.64348],[-82.33185,29.64367],[-82.33185,29.64378],[-82.33185,29.64395],[-82.33186,29.64414],[-82.33188,29.64418],[-82.33188,29.64426],[-82.33191,29.64435],[-82.33194,29.64441],[-82.33201,29.64451],[-82.33201,29.64459],[-82.33197,29.64463],[-82.33197,29.6447],[-82.33201,29.64477],[-82.33208,29.6448],[-82.33216,29.64484],[-82.33222,29.6449],[-82.33222,29.64504]]]}},{"type":"Feature","id":"way/395153797","properties":{"kind":"road","name":"Northwest 8th Avenue"},"geometry":{"type":"LineString","coordinates":[[-82.35906,29.65944],[-82.36271,29.65946],[-82.36343,29.65946],[-82.36873,29.65947],[-82.36903,29.65947],[-82.36929,29.65947],[-82.36938,29.65947]]}},{"type":"Feature","id":"way/395153799","properties":{"kind":"road","name":"Southwest 6th Street"},"geometry":{"type":"LineString","coordinates":[[-82.33124,29.64814],[-82.33125,29.64808],[-82.33126,29.64802],[-82.33127,29.64799],[-82.33128,29.64795],[-82.33129,29.64791]]}},{"type":"Feature","id":"way/395183322","properties":{"kind":"water","name":""},"geometry":{"type":"Polygon","coordinates":[[[-82.37216,29.63737],[-82.37216,29.63727],[-82.37211,29.63721],[-82.37182,29.63707],[-82.3717,29.63706],[-82.37164,29.63706],[-82.3716,29.6371],[-82.37159,29.63738],[-82.37162,29.63743],[-82.37172,29.63746],[-82.37189,29.63747],[-82.3721,29.63746],[-82.37215,29.63742],[-82.37216,29.63737]]]}},{"type":"Feature","id":"way/395183347","properties":{"kind":"road","name":"Southwest Second Avenue"},"geometry":{"type":"LineString","coordinates":[[-82.32658,29.65023],[-82.32598,29.65024],[-82.32513,29.65024],[-82.325,29.65024]]}},{"type":"Feature","id":"way/395183348","properties":{"kind":"road","name":"South Main Street"},"geometry":{"type":"LineString","coordinates":[[-82.325,29.64999],[-82.325,29.64965],[-82.32499,29.64903],[-82.32499,29.649],[-82.32499,29.64878],[-82.32499,29.64866]]}},{"type":"Feature","id":"way/395183349","properties":{"kind":"road","name":"Southeast Second Avenue"},"geometry":{"type":"LineString","coordinates":[[-82.325,29.65024],[-82.32488,29.65024],[-82.32415,29.65024],[-82.32408,29.65024],[-82.32395,29.65023],[-82.32383,29.65023]]}},{"type":"Feature","id":"way/395183359","properties":{"kind":"road","name":"Southwest 2nd Avenue"},"geometry":{"type":"LineString","coordinates":[[-82.33721,29.65029],[-82.33728,29.65028],[-82.33733,29.65028],[-82.33735,29.65028],[-82.33747,29.65028],[-82.33807,29.65028],[-82.33839,29.65029],[-82.33915,29.65029],[-82.33921,29.65029],[-82.33932,29.6503]]}},{"type":"Feature","id":"way/395183360","properties":{"kind":"road","name":"Southwest 2nd Avenue"},"geometry":{"type":"LineString","coordinates":[[-82.33932,29.6502],[-82.33921,29.6502],[-82.33735,29.65021],[-82.33734,29.65021],[-82.33728,29.6502],[-82.33722,29.65019]]}},{"type":"Feature","id":"way/395183585","properties":{"kind":"road","name":"Southwest 2nd Avenue"},"geometry":{"type":"LineString","coordinates":[[-82.33515,29.65029],[-82.33521,29.65027],[-82.33528,29.65027],[-82.33555,29.65027],[-82.33631,29.65027],[-82.33664,29.65028],[-82.33679,29.65028],[-82.33693,29.65028],[-82.33694,29.65028],[-82.33699,29.65028],[-82.33706,29.6503]]}},{"type":"Feature","id":"way/395183586","properties":{"kind":"road","name":"Southwest 2nd Avenue"},"geometry":{"type":"LineString","coordinates":[[-82.33705,29.65018],[-82.33702,29.65019],[-82.33698,29.6502],[-82.33693,29.65021],[-82.33685,29.65021],[-82.33679,29.65021],[-82.33662,29.65021],[-82.33624,29.65021],[-82.33604,29.6502],[-82.33529,29.6502],[-82.33528,29.6502],[-82.33522,29.6502],[-82.33515,29.65017]]}},{"type":"Feature","id":"way/400069369","properties":{"kind":"green","name":"Loblolly Woods North"},"geometry":{"type":"Polygon","coordinates":[[[-82.35719,29.65958],[-82.35694,29.6604],[-82.35621,29.66019],[-82.35607,29.66014],[-82.35597,29.66013],[-82.35588,29.66015],[-82.35583,29.66025],[-82.35582,29.66042],[-82.3558,29.66095],[-82.35581,29.66138],[-82.35567,29.66138],[-82.35567,29.66234],[-82.35567,29.66248],[-82.35567,29.6632],[-82.35561,29.66435],[-82.35652,29.66342],[-82.357,29.66326],[-82.35738,29.66292],[-82.35789,29.6624],[-82.35855,29.66192],[-82.36025,29.66133],[-82.36049,29.66109],[-82.3608,29.66076],[-82.36265,29.66076],[-82.36263,29.66326],[-82.3615,29.66325],[-82.36151,29.66381],[-82.3617,29.66385],[-82.36195,29.66405],[-82.36216,29.66443],[-82.36226,29.6649],[-82.3624,29.66519],[-82.3625,29.66554],[-82.36252,29.66589],[-82.3627,29.66611],[-82.36274,29.66661],[-82.36431,29.66662],[-82.36428,29.66602],[-82.36432,29.66379],[-82.36432,29.66372],[-82.3644,29.66333],[-82.36449,29.66311],[-82.3647,29.66289],[-82.36494,29.66253],[-82.36536,29.66192],[-82.36584,29.6616],[-82.36677,29.66151],[-82.36743,29.66134],[-82.36812,29.66107],[-82.36877,29.66079],[-82.36931,29.66046],[-82.36931,29.66014],[-82.36931,29.65983],[-82.36931,29.65967],[-82.36931,29.65964],[-82.36931,29.65961],[-82.36096,29.6596],[-82.35719,29.65958]]]}},{"type":"Feature","id":"way/404962443","properties":{"kind":"water","name":""},"geometry":{"type":"Polygon","coordinates":[[[-82.37499,29.64647],[-82.3751,29.64645],[-82.37518,29.64641],[-82.37525,29.64633],[-82.37528,29.64618],[-82.37527,29.64606],[-82.37523,29.64598],[-82.37513,29.64594],[-82.37495,29.64591],[-82.37485,29.6459],[-82.37474,29.64599],[-82.37469,29.64613],[-82.37471,29.64627],[-82.37477,29.64638],[-82.37481,29.64643],[-82.37492,29.64645],[-82.37499,29.64647]]]}},{"type":"Feature","id":"way/404962464","properties":{"kind":"water","name":""},"geometry":{"type":"Polygon","coordinates":[[[-82.37052,29.65169],[-82.37066,29.65171],[-82.37068,29.65169],[-82.3707,29.65163],[-82.3707,29.65128],[-82.37069,29.65113],[-82.37068,29.65102],[-82.37065,29.65095],[-82.37065,29.65073],[-82.37063,29.65068],[-82.37056,29.65066],[-82.37049,29.65066],[-82.37043,29.65068],[-82.37041,29.6507],[-82.37042,29.6511],[-82.3705,29.65125],[-82.3705,29.65162],[-82.37051,29.65167],[-82.37052,29.65169]]]}},{"type":"Feature","id":"way/404962495","properties":{"kind":"water","name":""},"geometry":{"type":"Polygon","coordinates":[[[-82.37449,29.6485],[-82.3746,29.64849],[-82.37473,29.6485],[-82.37488,29.64849],[-82.37493,29.64848],[-82.37497,29.6484],[-82.375,29.64838],[-82.37508,29.64838],[-82.37513,29.64838],[-82.37518,29.64836],[-82.37519,29.64827],[-82.37519,29.64819],[-82.37515,29.64815],[-82.37511,29.64812],[-82.37497,29.64809],[-82.3748,29.64806],[-82.37462,29.64805],[-82.37449,29.64807],[-82.3744,29.64814],[-82.37438,29.64828],[-82.37438,29.64843],[-82.37442,29.64846],[-82.37449,29.6485]]]}},{"type":"Feature","id":"way/404962635","properties":{"kind":"road","name":"Archer Road"},"geometry":{"type":"LineString","coordinates":[[-82.35636,29.63447],[-82.35583,29.63465]]}},{"type":"Feature","id":"way/404962647","properties":{"kind":"road","name":"Archer Road"},"geometry":{"type":"LineString","coordinates":[[-82.35689,29.63428],[-82.35662,29.63438]]}},{"type":"Feature","id":"way/404962648","properties":{"kind":"road","name":"Southwest Archer Road"},"geometry":{"type":"LineString","coordinates":[[-82.36616,29.63008],[-82.36581,29.63024]]}},{"type":"Feature","id":"way/404962652","properties":{"kind":"road","name":"Southwest Archer Road"},"geometry":{"type":"LineString","coordinates":[[-82.36171,29.63237],[-82.36177,29.63234],[-82.36211,29.63218]]}},{"type":"Feature","id":"way/404962683","properties":{"kind":"road","name":"Archer Road"},"geometry":{"type":"LineString","coordinates":[[-82.35809,29.63403],[-82.35845,29.63389],[-82.35868,29.63379],[-82.35879,29.63374]]}},{"type":"Feature","id":"way/404962686","properties":{"kind":"road","name":"Archer Road"},"geometry":{"type":"LineString","coordinates":[[-82.3567,29.63454],[-82.3572,29.63436],[-82.35757,29.63423],[-82.35771,29.63418],[-82.35794,29.63409],[-82.35809,29.63403]]}},{"type":"Feature","id":"way/404962740","properties":{"kind":"road","name":"Southeast 3rd Street"},"geometry":{"type":"LineString","coordinates":[[-82.32236,29.64838],[-82.32236,29.6483],[-82.32235,29.64794]]}},{"type":"Feature","id":"way/404962741","properties":{"kind":"road","name":"Southeast 3rd Street"},"geometry":{"type":"LineString","coordinates":[[-82.32234,29.64713],[-82.32234,29.64692],[-82.32233,29.64658]]}},{"type":"Feature","id":"way/404962743","properties":{"kind":"road","name":"Southeast 3rd Street"},"geometry":{"type":"LineString","coordinates":[[-82.32233,29.64608],[-82.32232,29.64567]]}},{"type":"Feature","id":"way/404962744","properties":{"kind":"road","name":"Southeast 3rd Street"},"geometry":{"type":"LineString","coordinates":[[-82.32235,29.64794],[-82.32235,29.6477]]}},{"type":"Feature","id":"way/404962745","properties":{"kind":"road","name":"Southeast 3rd Street"},"geometry":{"type":"LineString","coordinates":[[-82.32235,29.6477],[-82.32235,29.64748],[-82.32234,29.64713]]}},{"type":"Feature","id":"way/404962746","properties":{"kind":"road","name":"Southeast 3rd Street"},"geometry":{"type":"LineString","coordinates":[[-82.32233,29.64658],[-82.32233,29.64608]]}},{"type":"Feature","id":"way/404962747","properties":{"kind":"road","name":"Southeast 3rd Street"},"geometry":{"type":"LineString","coordinates":[[-82.32232,29.64567],[-82.32232,29.64537]]}},{"type":"Feature","id":"way/404962748","properties":{"kind":"road","name":"Southeast Depot Avenue"},"geometry":{"type":"LineString","coordinates":[[-82.32292,29.64513],[-82.32281,29.64515],[-82.32271,29.64516],[-82.32266,29.64517]]}},{"type":"Feature","id":"way/404962749","properties":{"kind":"road","name":"Southeast Depot Avenue"},"geometry":{"type":"LineString","coordinates":[[-82.323,29.6451],[-82.32292,29.64513]]}},{"type":"Feature","id":"way/404962750","properties":{"kind":"road","name":"Southeast Depot Avenue"},"geometry":{"type":"LineString","coordinates":[[-82.32251,29.64518],[-82.32242,29.64519],[-82.32231,29.64519]]}},{"type":"Feature","id":"way/404962752","properties":{"kind":"road","name":"Southeast Depot Avenue"},"geometry":{"type":"LineString","coordinates":[[-82.32151,29.64517],[-82.32167,29.64518],[-82.32174,29.6452]]}},{"type":"Feature","id":"way/404962753","properties":{"kind":"road","name":"Southeast Depot Avenue"},"geometry":{"type":"LineString","coordinates":[[-82.3234,29.64498],[-82.32325,29.64503],[-82.32308,29.64509],[-82.323,29.6451]]}},{"type":"Feature","id":"way/404962754","properties":{"kind":"road","name":"Southeast Depot Avenue"},"geometry":{"type":"LineString","coordinates":[[-82.3239,29.64481],[-82.32389,29.64482],[-82.3237,29.64489],[-82.3234,29.64498]]}},{"type":"Feature","id":"way/404962755","properties":{"kind":"road","name":"Southeast Depot Avenue"},"geometry":{"type":"LineString","coordinates":[[-82.32129,29.64501],[-82.3211,29.64507],[-82.32108,29.64507]]}},{"type":"Feature","id":"way/404962756","properties":{"kind":"road","name":"Southeast Depot Avenue"},"geometry":{"type":"LineString","coordinates":[[-82.32176,29.64513],[-82.32172,29.64512],[-82.32165,29.64509],[-82.32159,29.64506]]}},{"type":"Feature","id":"way/404962757","properties":{"kind":"road","name":"Southeast Depot Avenue"},"geometry":{"type":"LineString","coordinates":[[-82.32109,29.64515],[-82.32113,29.64514],[-82.32126,29.64514],[-82.32132,29.64514]]}},{"type":"Feature","id":"way/404962763","properties":{"kind":"road","name":"Southwest 13th Street"},"geometry":{"type":"LineString","coordinates":[[-82.33925,29.6429],[-82.33926,29.64306],[-82.33926,29.6432]]}},{"type":"Feature","id":"way/404962765","properties":{"kind":"road","name":"Southwest 13th Street"},"geometry":{"type":"LineString","coordinates":[[-82.3394,29.64183],[-82.3394,29.64172],[-82.33939,29.64117]]}},{"type":"Feature","id":"way/404962767","properties":{"kind":"road","name":"Southwest 13th Street"},"geometry":{"type":"LineString","coordinates":[[-82.33933,29.63688],[-82.33932,29.63716],[-82.33932,29.63735]]}},{"type":"Feature","id":"way/404962768","properties":{"kind":"road","name":"Southwest 13th Street"},"geometry":{"type":"LineString","coordinates":[[-82.33932,29.6449],[-82.33932,29.64502],[-82.33932,29.64521],[-82.33932,29.6454],[-82.33932,29.6457]]}},{"type":"Feature","id":"way/404962769","properties":{"kind":"road","name":"Southwest 16th Avenue"},"geometry":{"type":"LineString","coordinates":[[-82.33539,29.63661],[-82.3355,29.6366],[-82.33576,29.63658]]}},{"type":"Feature","id":"way/404962770","properties":{"kind":"road","name":"Southwest 16th Avenue"},"geometry":{"type":"LineString","coordinates":[[-82.35087,29.63494],[-82.3512,29.63497],[-82.35132,29.63499]]}},{"type":"Feature","id":"way/404962771","properties":{"kind":"road","name":"Southwest 16th Avenue"},"geometry":{"type":"LineString","coordinates":[[-82.32811,29.63606],[-82.32833,29.63613],[-82.32844,29.63616],[-82.32849,29.63617]]}},{"type":"Feature","id":"way/404962774","properties":{"kind":"road","name":"Southwest 16th Avenue"},"geometry":{"type":"LineString","coordinates":[[-82.34024,29.63638],[-82.33997,29.63638],[-82.33953,29.63639],[-82.33936,29.63645]]}},{"type":"Feature","id":"way/404962775","properties":{"kind":"road","name":"Southwest 16th Avenue"},"geometry":{"type":"LineString","coordinates":[[-82.34044,29.63638],[-82.34024,29.63638]]}},{"type":"Feature","id":"way/404962776","properties":{"kind":"road","name":"Southwest 16th Avenue"},"geometry":{"type":"LineString","coordinates":[[-82.32758,29.63575],[-82.32765,29.6358],[-82.32781,29.63591],[-82.32789,29.63595],[-82.32797,29.63599],[-82.32803,29.63602],[-82.32811,29.63606]]}},{"type":"Feature","id":"way/404962777","properties":{"kind":"road","name":"Southwest 16th Avenue"},"geometry":{"type":"LineString","coordinates":[[-82.33845,29.63645],[-82.33916,29.63645],[-82.33936,29.63645]]}},{"type":"Feature","id":"way/404962783","properties":{"kind":"road","name":"Southwest 16th Avenue"},"geometry":{"type":"LineString","coordinates":[[-82.33442,29.63663],[-82.33459,29.63664],[-82.33492,29.63664],[-82.33539,29.63661]]}},{"type":"Feature","id":"way/404962787","properties":{"kind":"road","name":"Southwest 16th Avenue"},"geometry":{"type":"LineString","coordinates":[[-82.34225,29.63592],[-82.34143,29.63617],[-82.34116,29.63625],[-82.34092,29.63629]]}},{"type":"Feature","id":"way/404962790","properties":{"kind":"road","name":"Southwest 16th Avenue"},"geometry":{"type":"LineString","coordinates":[[-82.32905,29.63632],[-82.32916,29.63632],[-82.32934,29.63634],[-82.32967,29.63636],[-82.32982,29.63637],[-82.32999,29.63638],[-82.33028,29.63641],[-82.33205,29.63653]]}},{"type":"Feature","id":"way/404962793","properties":{"kind":"road","name":"Southwest 16th Avenue"},"geometry":{"type":"LineString","coordinates":[[-82.33576,29.63658],[-82.33582,29.63658]]}},{"type":"Feature","id":"way/404962794","properties":{"kind":"road","name":"Southwest 20th Avenue"},"geometry":{"type":"LineString","coordinates":[[-82.37261,29.63424],[-82.3727,29.63424],[-82.3737,29.63419]]}},{"type":"Feature","id":"way/404962805","properties":{"kind":"road","name":"Southwest 2nd Avenue"},"geometry":{"type":"LineString","coordinates":[[-82.35223,29.65204],[-82.35222,29.65198],[-82.35222,29.65179],[-82.3522,29.65174]]}},{"type":"Feature","id":"way/404962806","properties":{"kind":"road","name":"Southwest 2nd Avenue"},"geometry":{"type":"LineString","coordinates":[[-82.37075,29.65038],[-82.37088,29.65038]]}},{"type":"Feature","id":"way/404962808","properties":{"kind":"road","name":"Southwest 34th Street"},"geometry":{"type":"LineString","coordinates":[[-82.37249,29.6469],[-82.3725,29.64654]]}},{"type":"Feature","id":"way/404962811","properties":{"kind":"road","name":"Southwest 34th Street"},"geometry":{"type":"LineString","coordinates":[[-82.3726,29.63514],[-82.37261,29.63424]]}},{"type":"Feature","id":"way/404962812","properties":{"kind":"road","name":"Southwest 34th Street"},"geometry":{"type":"LineString","coordinates":[[-82.37238,29.64457],[-82.37238,29.64497]]}},{"type":"Feature","id":"way/404962813","properties":{"kind":"road","name":"Southwest 34th Street"},"geometry":{"type":"LineString","coordinates":[[-82.37232,29.6475],[-82.37231,29.6478]]}},{"type":"Feature","id":"way/404962814","properties":{"kind":"road","name":"Southwest 34th Street"},"geometry":{"type":"LineString","coordinates":[[-82.37242,29.6389],[-82.37242,29.6393]]}},{"type":"Feature","id":"way/404962815","properties":{"kind":"road","name":"Southwest 34th Street"},"geometry":{"type":"LineString","coordinates":[[-82.37231,29.6478],[-82.37231,29.64815]]}},{"type":"Feature","id":"way/404962818","properties":{"kind":"road","name":"Southwest 34th Street"},"geometry":{"type":"LineString","coordinates":[[-82.37234,29.64654],[-82.37232,29.6475]]}},{"type":"Feature","id":"way/404962819","properties":{"kind":"road","name":"Southwest 34th Street"},"geometry":{"type":"LineString","coordinates":[[-82.37238,29.64497],[-82.37235,29.64616]]}},{"type":"Feature","id":"way/404962822","properties":{"kind":"road","name":"Southwest 34th Street"},"geometry":{"type":"LineString","coordinates":[[-82.3725,29.64654],[-82.37254,29.64497],[-82.37255,29.64294]]}},{"type":"Feature","id":"way/404962823","properties":{"kind":"road","name":"Southwest 34th Street"},"geometry":{"type":"LineString","coordinates":[[-82.37246,29.65108],[-82.37244,29.65054],[-82.37244,29.65044]]}},{"type":"Feature","id":"way/404962825","properties":{"kind":"road","name":"Southwest 34th Street"},"geometry":{"type":"LineString","coordinates":[[-82.37235,29.64616],[-82.37235,29.64622],[-82.37234,29.64654]]}},{"type":"Feature","id":"way/404962831","properties":{"kind":"road","name":"Southwest 34th Street"},"geometry":{"type":"LineString","coordinates":[[-82.3723,29.65043],[-82.3723,29.65048],[-82.3723,29.65053],[-82.37231,29.65107],[-82.37232,29.6512],[-82.37232,29.65121],[-82.37232,29.6513]]}},{"type":"Feature","id":"way/404962834","properties":{"kind":"road","name":"Southwest 34th Street"},"geometry":{"type":"LineString","coordinates":[[-82.37231,29.64815],[-82.3723,29.64845],[-82.37229,29.64879]]}},{"type":"Feature","id":"way/404962840","properties":{"kind":"road","name":"Southwest 34th Street"},"geometry":{"type":"LineString","coordinates":[[-82.37255,29.64294],[-82.37256,29.6426],[-82.37256,29.64232],[-82.37256,29.64223]]}},{"type":"Feature","id":"way/404962842","properties":{"kind":"road","name":"Southwest 34th Street"},"geometry":{"type":"LineString","coordinates":[[-82.37259,29.63761],[-82.37259,29.63752],[-82.37259,29.63735],[-82.3726,29.63682],[-82.3726,29.63653],[-82.3726,29.63593],[-82.3726,29.63514]]}},{"type":"Feature","id":"way/404962845","properties":{"kind":"road","name":"Southwest 34th Street"},"geometry":{"type":"LineString","coordinates":[[-82.37245,29.64923],[-82.37245,29.64879],[-82.37246,29.64845],[-82.37247,29.64794],[-82.37247,29.6478],[-82.37249,29.64726],[-82.37249,29.6469]]}},{"type":"Feature","id":"way/404962848","properties":{"kind":"road","name":"Southwest 4th Avenue"},"geometry":{"type":"LineString","coordinates":[[-82.32548,29.64835],[-82.32564,29.64835],[-82.32582,29.64835],[-82.32618,29.64835],[-82.32657,29.64834],[-82.3272,29.64833],[-82.32791,29.64832],[-82.328,29.64832],[-82.32807,29.64832],[-82.3286,29.64832],[-82.32878,29.64832],[-82.32935,29.64832],[-82.32955,29.64832],[-82.32961,29.64832],[-82.32972,29.64832],[-82.33075,29.64832]]}},{"type":"Feature","id":"way/404962849","properties":{"kind":"road","name":"Southwest 6th Street"},"geometry":{"type":"LineString","coordinates":[[-82.33124,29.6434],[-82.33122,29.64333],[-82.33119,29.64326],[-82.33118,29.64322],[-82.33117,29.64318],[-82.33117,29.64313],[-82.3311,29.64293],[-82.33102,29.64268],[-82.33097,29.64253],[-82.33089,29.64248]]}},{"type":"Feature","id":"way/404962850","properties":{"kind":"road","name":"Southwest 6th Street"},"geometry":{"type":"LineString","coordinates":[[-82.32976,29.63706],[-82.32978,29.63686],[-82.32981,29.63644],[-82.32982,29.63637],[-82.32983,29.63626]]}},{"type":"Feature","id":"way/404962854","properties":{"kind":"road","name":"West University Avenue"},"geometry":{"type":"LineString","coordinates":[[-82.3734,29.65197],[-82.37316,29.65199],[-82.37264,29.65203]]}},{"type":"Feature","id":"way/404962855","properties":{"kind":"road","name":"West University Avenue"},"geometry":{"type":"LineString","coordinates":[[-82.37564,29.65193],[-82.37595,29.65193],[-82.37605,29.65193]]}},{"type":"Feature","id":"way/404962856","properties":{"kind":"road","name":"West University Avenue"},"geometry":{"type":"LineString","coordinates":[[-82.37396,29.65193],[-82.3734,29.65197]]}},{"type":"Feature","id":"way/404962858","properties":{"kind":"road","name":"West University Avenue"},"geometry":{"type":"LineString","coordinates":[[-82.37093,29.65218],[-82.37089,29.65219]]}},{"type":"Feature","id":"way/404962859","properties":{"kind":"road","name":"West University Avenue"},"geometry":{"type":"LineString","coordinates":[[-82.37202,29.6521],[-82.37192,29.65211],[-82.37176,29.65212],[-82.37159,29.65213],[-82.37139,29.65215]]}},{"type":"Feature","id":"way/404962863","properties":{"kind":"road","name":"West University Avenue"},"geometry":{"type":"LineString","coordinates":[[-82.37545,29.65185],[-82.37521,29.65186],[-82.37512,29.65186],[-82.37504,29.65186]]}},{"type":"Feature","id":"way/404962864","properties":{"kind":"road","name":"West University Avenue"},"geometry":{"type":"LineString","coordinates":[[-82.37139,29.65215],[-82.37133,29.65216],[-82.37106,29.65217],[-82.37093,29.65218]]}},{"type":"Feature","id":"way/404962866","properties":{"kind":"road","name":"West University Avenue"},"geometry":{"type":"LineString","coordinates":[[-82.37233,29.65207],[-82.3722,29.65208],[-82.37216,29.65209],[-82.37202,29.6521]]}},{"type":"Feature","id":"way/404962869","properties":{"kind":"road","name":"West University Avenue"},"geometry":{"type":"LineString","coordinates":[[-82.37141,29.65224],[-82.37156,29.65223],[-82.37178,29.65221],[-82.3718,29.65221],[-82.37186,29.65221],[-82.37215,29.65219],[-82.37219,29.65219],[-82.37233,29.65217]]}},{"type":"Feature","id":"way/404962870","properties":{"kind":"road","name":"West University Avenue"},"geometry":{"type":"LineString","coordinates":[[-82.35364,29.65205],[-82.35357,29.65205],[-82.35326,29.65204],[-82.35254,29.65204],[-82.35239,29.65204],[-82.35234,29.65204],[-82.35223,29.65204]]}},{"type":"Feature","id":"way/404962871","properties":{"kind":"road","name":"Windmeadows Boulevard"},"geometry":{"type":"LineString","coordinates":[[-82.37351,29.62829],[-82.37329,29.6283],[-82.37319,29.62831],[-82.37308,29.62832],[-82.37288,29.62833],[-82.37275,29.62833],[-82.37266,29.62833]]}},{"type":"Feature","id":"way/404963104","properties":{"kind":"water","name":""},"geometry":{"type":"Polygon","coordinates":[[[-82.3576,29.63731],[-82.35779,29.63734],[-82.35786,29.63723],[-82.35797,29.63716],[-82.35794,29.63704],[-82.35779,29.63693],[-82.35758,29.63686],[-82.35738,29.63684],[-82.35733,29.6369],[-82.3574,29.63704],[-82.35747,29.63714],[-82.35757,29.63726],[-82.3576,29.63731]]]}},{"type":"Feature","id":"way/404963105","properties":{"kind":"water","name":""},"geometry":{"type":"Polygon","coordinates":[[[-82.37137,29.63699],[-82.37147,29.63691],[-82.37162,29.63686],[-82.37176,29.63685],[-82.37193,29.63687],[-82.37202,29.6369],[-82.37204,29.6369],[-82.37206,29.63683],[-82.37208,29.63675],[-82.37208,29.63669],[-82.37204,29.63667],[-82.37198,29.63665],[-82.37188,29.63664],[-82.37184,29.63665],[-82.37174,29.63662],[-82.37168,29.63659],[-82.37165,29.63655],[-82.3716,29.63649],[-82.37157,29.63645],[-82.3715,29.63643],[-82.37147,29.63644],[-82.37141,29.63652],[-82.37137,29.63658],[-82.37132,29.63661],[-82.37125,29.63663],[-82.37121,29.63665],[-82.37119,29.63668],[-82.37119,29.63675],[-82.37122,29.63681],[-82.37128,29.63689],[-82.37137,29.63699]]]}},{"type":"Feature","id":"way/406519213","properties":{"kind":"road","name":"Northwest 13th Street"},"geometry":{"type":"LineString","coordinates":[[-82.33922,29.6588],[-82.33923,29.65813]]}},{"type":"Feature","id":"way/406519214","properties":{"kind":"road","name":"Northwest 13th Street"},"geometry":{"type":"LineString","coordinates":[[-82.33918,29.65933],[-82.33918,29.65945],[-82.33917,29.65978]]}},{"type":"Feature","id":"way/406519215","properties":{"kind":"road","name":"Northwest 13th Street"},"geometry":{"type":"LineString","coordinates":[[-82.33915,29.66717],[-82.33915,29.66737],[-82.33915,29.66743],[-82.33915,29.6677],[-82.33915,29.66785]]}},{"type":"Feature","id":"way/406519216","properties":{"kind":"road","name":"Northwest 13th Street"},"geometry":{"type":"LineString","coordinates":[[-82.33929,29.6544],[-82.33929,29.65429],[-82.33929,29.65413]]}},{"type":"Feature","id":"way/406519217","properties":{"kind":"road","name":"Northwest 13th Street"},"geometry":{"type":"LineString","coordinates":[[-82.33921,29.65573],[-82.33921,29.6558],[-82.33921,29.65613]]}},{"type":"Feature","id":"way/406519218","properties":{"kind":"road","name":"Northwest 13th Street"},"geometry":{"type":"LineString","coordinates":[[-82.33919,29.65723],[-82.33919,29.65749],[-82.33918,29.65755]]}},{"type":"Feature","id":"way/406519219","properties":{"kind":"road","name":"Northwest 13th Street"},"geometry":{"type":"LineString","coordinates":[[-82.33917,29.65978],[-82.33917,29.65985],[-82.33917,29.66029],[-82.33917,29.66076],[-82.33917,29.66083]]}},{"type":"Feature","id":"way/406519220","properties":{"kind":"road","name":"Northwest 13th Street"},"geometry":{"type":"LineString","coordinates":[[-82.33916,29.66667],[-82.33916,29.66679],[-82.33916,29.66691],[-82.33915,29.66709],[-82.33915,29.66717]]}},{"type":"Feature","id":"way/406519221","properties":{"kind":"road","name":"Northwest 13th Street"},"geometry":{"type":"LineString","coordinates":[[-82.33929,29.65392],[-82.33929,29.65387],[-82.33929,29.65369]]}},{"type":"Feature","id":"way/406519222","properties":{"kind":"road","name":"Northwest 13th Street"},"geometry":{"type":"LineString","coordinates":[[-82.33921,29.65573],[-82.33928,29.65566],[-82.33928,29.65537]]}},{"type":"Feature","id":"way/406519224","properties":{"kind":"road","name":"Northwest 13th Street"},"geometry":{"type":"LineString","coordinates":[[-82.33916,29.66623],[-82.33916,29.66636],[-82.33916,29.66655],[-82.33916,29.66667]]}},{"type":"Feature","id":"way/406519225","properties":{"kind":"road","name":"Northwest 13th Street"},"geometry":{"type":"LineString","coordinates":[[-82.33917,29.66083],[-82.33917,29.6609],[-82.33917,29.66102],[-82.33917,29.66114],[-82.33917,29.6612]]}},{"type":"Feature","id":"way/406519226","properties":{"kind":"road","name":"Northwest 13th Street"},"geometry":{"type":"LineString","coordinates":[[-82.33917,29.6612],[-82.33917,29.66128],[-82.33917,29.66136],[-82.33917,29.66166]]}},{"type":"Feature","id":"way/406519227","properties":{"kind":"road","name":"Northwest 13th Street"},"geometry":{"type":"LineString","coordinates":[[-82.33921,29.65613],[-82.3392,29.65635],[-82.3392,29.65647],[-82.3392,29.65661],[-82.3392,29.65666],[-82.3392,29.65674],[-82.33919,29.65693],[-82.33919,29.65699],[-82.33919,29.65723]]}},{"type":"Feature","id":"way/406519228","properties":{"kind":"road","name":"Northwest 13th Street"},"geometry":{"type":"LineString","coordinates":[[-82.33928,29.65537],[-82.33928,29.65483]]}},{"type":"Feature","id":"way/406519229","properties":{"kind":"road","name":"Northwest 16th Boulevard"},"geometry":{"type":"LineString","coordinates":[[-82.37523,29.66791],[-82.37546,29.66803],[-82.37596,29.66826],[-82.37684,29.66867],[-82.37708,29.66878],[-82.37737,29.66891],[-82.37808,29.66925],[-82.37864,29.66951],[-82.37972,29.67002],[-82.38,29.67015],[-82.38025,29.67027]]}},{"type":"Feature","id":"way/406519231","properties":{"kind":"road","name":"Northwest 16th Boulevard"},"geometry":{"type":"LineString","coordinates":[[-82.3739,29.66729],[-82.37423,29.66744]]}},{"type":"Feature","id":"way/406519232","properties":{"kind":"road","name":"Northwest 16th Boulevard"},"geometry":{"type":"LineString","coordinates":[[-82.37576,29.66803],[-82.37529,29.66781]]}},{"type":"Feature","id":"way/406519235","properties":{"kind":"road","name":"Northwest 16th Boulevard"},"geometry":{"type":"LineString","coordinates":[[-82.37491,29.66776],[-82.37523,29.66791]]}},{"type":"Feature","id":"way/406519239","properties":{"kind":"road","name":"Northwest 16th Boulevard"},"geometry":{"type":"LineString","coordinates":[[-82.37423,29.66744],[-82.37491,29.66776]]}},{"type":"Feature","id":"way/406519254","properties":{"kind":"road","name":"Northwest 16th Boulevard"},"geometry":{"type":"LineString","coordinates":[[-82.37814,29.66915],[-82.3774,29.6688],[-82.37576,29.66803]]}},{"type":"Feature","id":"way/406519255","properties":{"kind":"road","name":"Northwest 16th Boulevard"},"geometry":{"type":"LineString","coordinates":[[-82.37326,29.66688],[-82.37302,29.66681],[-82.37278,29.66676],[-82.37249,29.66672],[-82.37237,29.66671]]}},{"type":"Feature","id":"way/406519257","properties":{"kind":"road","name":"Northwest 16th Boulevard"},"geometry":{"type":"LineString","coordinates":[[-82.37529,29.66781],[-82.37503,29.66769],[-82.3743,29.66733],[-82.37365,29.66703],[-82.37345,29.66695],[-82.37326,29.66688]]}},{"type":"Feature","id":"way/406519259","properties":{"kind":"road","name":"Northwest 16th Boulevard"},"geometry":{"type":"LineString","coordinates":[[-82.33916,29.66667],[-82.33931,29.66674],[-82.33941,29.66674],[-82.33982,29.66674],[-82.33999,29.66674],[-82.34029,29.66674],[-82.3405,29.66674],[-82.34119,29.66674]]}},{"type":"Feature","id":"way/406519280","properties":{"kind":"road","name":"Northwest 34th Street"},"geometry":{"type":"LineString","coordinates":[[-82.37238,29.66534],[-82.37238,29.66552],[-82.37238,29.66559]]}},{"type":"Feature","id":"way/406519281","properties":{"kind":"road","name":"Northwest 34th Street"},"geometry":{"type":"LineString","coordinates":[[-82.37237,29.66682],[-82.37237,29.6669],[-82.37237,29.66705],[-82.37237,29.66714]]}},{"type":"Feature","id":"way/406519282","properties":{"kind":"road","name":"Northwest 34th Street"},"geometry":{"type":"LineString","coordinates":[[-82.37238,29.66559],[-82.37238,29.6658],[-82.37238,29.66599],[-82.37237,29.66616]]}},{"type":"Feature","id":"way/406519283","properties":{"kind":"road","name":"Northwest 34th Street"},"geometry":{"type":"LineString","coordinates":[[-82.37237,29.66616],[-82.37238,29.66637],[-82.37237,29.66665],[-82.37237,29.66671]]}},{"type":"Feature","id":"way/406519288","properties":{"kind":"road","name":"South Main Street"},"geometry":{"type":"LineString","coordinates":[[-82.32499,29.64837],[-82.32499,29.64824],[-82.32498,29.648]]}},{"type":"Feature","id":"way/406519289","properties":{"kind":"road","name":"South Main Street"},"geometry":{"type":"LineString","coordinates":[[-82.32498,29.648],[-82.32498,29.64775]]}},{"type":"Feature","id":"way/406519290","properties":{"kind":"road","name":"South Main Street"},"geometry":{"type":"LineString","coordinates":[[-82.32499,29.64866],[-82.32499,29.64849],[-82.32499,29.64837]]}},{"type":"Feature","id":"way/406519291","properties":{"kind":"road","name":"Southeast 3rd Street"},"geometry":{"type":"LineString","coordinates":[[-82.32237,29.64882],[-82.32236,29.64846],[-82.32236,29.64838]]}},{"type":"Feature","id":"way/406519292","properties":{"kind":"road","name":"Southeast 4th Avenue"},"geometry":{"type":"LineString","coordinates":[[-82.32422,29.64837],[-82.324,29.64837]]}},{"type":"Feature","id":"way/406519293","properties":{"kind":"road","name":"Southeast 4th Avenue"},"geometry":{"type":"LineString","coordinates":[[-82.32195,29.64838],[-82.3216,29.64838]]}},{"type":"Feature","id":"way/406519294","properties":{"kind":"road","name":"Southeast 4th Avenue"},"geometry":{"type":"LineString","coordinates":[[-82.32467,29.64837],[-82.32442,29.64837],[-82.32422,29.64837]]}},{"type":"Feature","id":"way/406519295","properties":{"kind":"road","name":"Southeast 4th Avenue"},"geometry":{"type":"LineString","coordinates":[[-82.32499,29.64837],[-82.32486,29.64837],[-82.32467,29.64837]]}},{"type":"Feature","id":"way/406519296","properties":{"kind":"road","name":"Southeast 4th Avenue"},"geometry":{"type":"LineString","coordinates":[[-82.32236,29.64838],[-82.32227,29.64838],[-82.32201,29.64838],[-82.32195,29.64838]]}},{"type":"Feature","id":"way/406519297","properties":{"kind":"road","name":"Southeast 4th Avenue"},"geometry":{"type":"LineString","coordinates":[[-82.324,29.64837],[-82.32351,29.64837],[-82.32308,29.64837]]}},{"type":"Feature","id":"way/406519298","properties":{"kind":"road","name":"Southwest 13th Street"},"geometry":{"type":"LineString","coordinates":[[-82.33932,29.6502],[-82.33932,29.6503]]}},{"type":"Feature","id":"way/406519299","properties":{"kind":"road","name":"Southwest 13th Street"},"geometry":{"type":"LineString","coordinates":[[-82.33931,29.65083],[-82.33927,29.65102]]}},{"type":"Feature","id":"way/406519300","properties":{"kind":"road","name":"Southwest 13th Street"},"geometry":{"type":"LineString","coordinates":[[-82.33933,29.64901],[-82.33933,29.64931]]}},{"type":"Feature","id":"way/406519301","properties":{"kind":"road","name":"Southwest 13th Street"},"geometry":{"type":"LineString","coordinates":[[-82.33933,29.64931],[-82.33933,29.64953],[-82.33933,29.64989]]}},{"type":"Feature","id":"way/406519302","properties":{"kind":"road","name":"Southwest 13th Street"},"geometry":{"type":"LineString","coordinates":[[-82.33932,29.6503],[-82.33932,29.65035],[-82.33932,29.65039],[-82.33932,29.65071],[-82.33931,29.65083]]}},{"type":"Feature","id":"way/406519303","properties":{"kind":"road","name":"Southwest 13th Street"},"geometry":{"type":"LineString","coordinates":[[-82.33933,29.64989],[-82.33933,29.65007],[-82.33933,29.65013],[-82.33932,29.6502]]}},{"type":"Feature","id":"way/406519304","properties":{"kind":"road","name":"Southwest 4th Avenue"},"geometry":{"type":"LineString","coordinates":[[-82.33455,29.64842],[-82.33451,29.64841],[-82.33419,29.6484]]}},{"type":"Feature","id":"way/406519305","properties":{"kind":"road","name":"Southwest 4th Avenue"},"geometry":{"type":"LineString","coordinates":[[-82.33122,29.64832],[-82.33136,29.64835],[-82.33145,29.64835],[-82.33153,29.64832]]}},{"type":"Feature","id":"way/406519306","properties":{"kind":"road","name":"Southwest 4th Avenue"},"geometry":{"type":"LineString","coordinates":[[-82.32499,29.64837],[-82.32511,29.64836],[-82.32525,29.64836]]}},{"type":"Feature","id":"way/406519308","properties":{"kind":"road","name":"Southwest 4th Avenue"},"geometry":{"type":"LineString","coordinates":[[-82.33234,29.64832],[-82.3324,29.64832],[-82.33258,29.64833],[-82.3327,29.64833],[-82.33287,29.64835],[-82.33299,29.64837]]}},{"type":"Feature","id":"way/406519309","properties":{"kind":"road","name":"Southwest 4th Avenue"},"geometry":{"type":"LineString","coordinates":[[-82.33875,29.64844],[-82.33915,29.64844],[-82.3392,29.64845],[-82.33933,29.64845]]}},{"type":"Feature","id":"way/406519310","properties":{"kind":"road","name":"Southwest 4th Avenue"},"geometry":{"type":"LineString","coordinates":[[-82.33419,29.6484],[-82.33387,29.6484],[-82.33381,29.6484]]}},{"type":"Feature","id":"way/407109952","properties":{"kind":"road","name":"Archer Road"},"geometry":{"type":"LineString","coordinates":[[-82.34398,29.63898],[-82.34433,29.63886],[-82.34529,29.63852]]}},{"type":"Feature","id":"way/407109953","properties":{"kind":"road","name":"Archer Road"},"geometry":{"type":"LineString","coordinates":[[-82.34184,29.63975],[-82.34196,29.63969],[-82.34201,29.63968],[-82.34275,29.63942]]}},{"type":"Feature","id":"way/407109954","properties":{"kind":"road","name":"Archer Road"},"geometry":{"type":"LineString","coordinates":[[-82.34603,29.63826],[-82.34615,29.63822],[-82.34791,29.63762],[-82.34857,29.6374],[-82.34989,29.63696],[-82.35007,29.6369],[-82.35021,29.63685]]}},{"type":"Feature","id":"way/407223155","properties":{"kind":"road","name":"East University Avenue"},"geometry":{"type":"LineString","coordinates":[[-82.32241,29.65196],[-82.3223,29.65196],[-82.32205,29.65196]]}},{"type":"Feature","id":"way/407223156","properties":{"kind":"road","name":"Southeast 3rd Street"},"geometry":{"type":"LineString","coordinates":[[-82.32241,29.65196],[-82.32241,29.65184],[-82.3224,29.65118],[-82.3224,29.65114],[-82.3224,29.65104],[-82.32239,29.65094],[-82.32239,29.65092],[-82.32239,29.65068],[-82.32239,29.65066]]}},{"type":"Feature","id":"way/407223158","properties":{"kind":"road","name":"West University Avenue"},"geometry":{"type":"LineString","coordinates":[[-82.33938,29.65211],[-82.33947,29.65211],[-82.34046,29.65212],[-82.34051,29.65212]]}},{"type":"Feature","id":"way/407394745","properties":{"kind":"road","name":"Archer Road"},"geometry":{"type":"LineString","coordinates":[[-82.34334,29.63921],[-82.34346,29.63917],[-82.34398,29.63898]]}},{"type":"Feature","id":"way/407394748","properties":{"kind":"road","name":"Southwest 16th Avenue"},"geometry":{"type":"LineString","coordinates":[[-82.34318,29.63563],[-82.34307,29.63567],[-82.34275,29.63577],[-82.34225,29.63592]]}},{"type":"Feature","id":"way/407413596","properties":{"kind":"road","name":"Southwest 16th Avenue"},"geometry":{"type":"LineString","coordinates":[[-82.33936,29.63645],[-82.33952,29.63653],[-82.34022,29.63653],[-82.3405,29.6365],[-82.34075,29.63646],[-82.34117,29.63637],[-82.34147,29.63629],[-82.34194,29.63614]]}},{"type":"Feature","id":"way/407765358","properties":{"kind":"road","name":"Archer Road"},"geometry":{"type":"LineString","coordinates":[[-82.36152,29.63225],[-82.36138,29.63231],[-82.35982,29.63306]]}},{"type":"Feature","id":"way/407765359","properties":{"kind":"road","name":"Southwest Archer Road"},"geometry":{"type":"LineString","coordinates":[[-82.36324,29.63145],[-82.36296,29.63158]]}},{"type":"Feature","id":"way/407765360","properties":{"kind":"road","name":"Southwest Archer Road"},"geometry":{"type":"LineString","coordinates":[[-82.36372,29.63122],[-82.36324,29.63145]]}},{"type":"Feature","id":"way/407765361","properties":{"kind":"road","name":"Southwest Archer Road"},"geometry":{"type":"LineString","coordinates":[[-82.36296,29.63158],[-82.36168,29.63217],[-82.36161,29.63221]]}},{"type":"Feature","id":"way/407786783","properties":{"kind":"road","name":"Southwest 34th Street"},"geometry":{"type":"LineString","coordinates":[[-82.37247,29.62811],[-82.37248,29.62823],[-82.37248,29.62838]]}},{"type":"Feature","id":"way/407786784","properties":{"kind":"road","name":"Southwest 34th Street"},"geometry":{"type":"LineString","coordinates":[[-82.37246,29.6319],[-82.37246,29.63233]]}},{"type":"Feature","id":"way/407786785","properties":{"kind":"road","name":"Southwest 34th Street"},"geometry":{"type":"LineString","coordinates":[[-82.37245,29.63353],[-82.37245,29.63416],[-82.37245,29.63425]]}},{"type":"Feature","id":"way/407786786","properties":{"kind":"road","name":"Southwest 34th Street"},"geometry":{"type":"LineString","coordinates":[[-82.37246,29.63233],[-82.37246,29.63271],[-82.37245,29.63353]]}},{"type":"Feature","id":"way/407798344","properties":{"kind":"road","name":"Southwest 34th Street"},"geometry":{"type":"LineString","coordinates":[[-82.37256,29.64223],[-82.37256,29.64214],[-82.37258,29.6393],[-82.37259,29.63854]]}},{"type":"Feature","id":"way/407985089","properties":{"kind":"road","name":"Southwest Archer Road"},"geometry":{"type":"LineString","coordinates":[[-82.36718,29.62959],[-82.36684,29.62975],[-82.36669,29.62983],[-82.36616,29.63008]]}},{"type":"Feature","id":"way/407985892","properties":{"kind":"road","name":"Southeast 16th Avenue"},"geometry":{"type":"LineString","coordinates":[[-82.32328,29.62999],[-82.32308,29.6299],[-82.32253,29.62965],[-82.32243,29.62961]]}},{"type":"Feature","id":"way/408644341","properties":{"kind":"road","name":"Archer Road"},"geometry":{"type":"LineString","coordinates":[[-82.35774,29.63398],[-82.35689,29.63428]]}},{"type":"Feature","id":"way/411377763","properties":{"kind":"road","name":"Southwest 34th Street"},"geometry":{"type":"LineString","coordinates":[[-82.37242,29.6393],[-82.37241,29.64191],[-82.37241,29.64214],[-82.37241,29.64223]]}},{"type":"Feature","id":"way/413355307","properties":{"kind":"road","name":"Southwest 2nd Avenue"},"geometry":{"type":"LineString","coordinates":[[-82.3723,29.65043],[-82.37244,29.65044]]}},{"type":"Feature","id":"way/413355308","properties":{"kind":"road","name":"Southwest 2nd Avenue"},"geometry":{"type":"LineString","coordinates":[[-82.3522,29.65174],[-82.3522,29.65172],[-82.35221,29.65171],[-82.35221,29.65169],[-82.35222,29.65168],[-82.35223,29.65167],[-82.35225,29.65165],[-82.35227,29.65164],[-82.35228,29.65162],[-82.35231,29.6516],[-82.35234,29.65159],[-82.35511,29.65061],[-82.35555,29.65045],[-82.35575,29.6504]]}},{"type":"Feature","id":"way/413355311","properties":{"kind":"road","name":"West University Avenue"},"geometry":{"type":"LineString","coordinates":[[-82.34476,29.65211],[-82.3448,29.65211],[-82.34485,29.65211],[-82.34494,29.65211],[-82.34594,29.65212]]}},{"type":"Feature","id":"way/413470892","properties":{"kind":"road","name":""},"geometry":{"type":"LineString","coordinates":[[-82.3372,29.65017],[-82.33718,29.65015],[-82.33716,29.65015],[-82.33713,29.65014]]}},{"type":"Feature","id":"way/413487824","properties":{"kind":"road","name":""},"geometry":{"type":"LineString","coordinates":[[-82.33713,29.65014],[-82.3371,29.65015],[-82.33707,29.65016]]}},{"type":"Feature","id":"way/413487825","properties":{"kind":"road","name":""},"geometry":{"type":"LineString","coordinates":[[-82.33515,29.65017],[-82.33514,29.65016],[-82.33512,29.65015]]}},{"type":"Feature","id":"way/413487826","properties":{"kind":"road","name":""},"geometry":{"type":"LineString","coordinates":[[-82.33721,29.65029],[-82.33722,29.65027],[-82.33723,29.65025],[-82.33724,29.65023],[-82.33723,29.6502],[-82.33722,29.65019]]}},{"type":"Feature","id":"way/413493672","properties":{"kind":"road","name":"Archer Road"},"geometry":{"type":"LineString","coordinates":[[-82.35543,29.63479],[-82.35497,29.63496],[-82.35479,29.63502],[-82.35401,29.6353]]}},{"type":"Feature","id":"way/413493673","properties":{"kind":"road","name":"Archer Road"},"geometry":{"type":"LineString","coordinates":[[-82.34599,29.63817],[-82.34585,29.63822],[-82.34566,29.63828],[-82.34341,29.63907],[-82.3433,29.63911]]}},{"type":"Feature","id":"way/413493681","properties":{"kind":"road","name":"Northwest 8th Avenue"},"geometry":{"type":"LineString","coordinates":[[-82.33781,29.6593],[-82.33806,29.65926],[-82.33844,29.6592],[-82.33873,29.65919],[-82.33934,29.65919]]}},{"type":"Feature","id":"way/413493682","properties":{"kind":"road","name":"Northwest 8th Avenue"},"geometry":{"type":"LineString","coordinates":[[-82.34184,29.65939],[-82.34208,29.65939],[-82.34428,29.6594]]}},{"type":"Feature","id":"way/413494348","properties":{"kind":"road","name":"Southwest 20th Avenue"},"geometry":{"type":"LineString","coordinates":[[-82.3737,29.63419],[-82.37445,29.63416],[-82.37454,29.63416],[-82.37459,29.63416],[-82.37464,29.63416],[-82.3748,29.63415],[-82.37513,29.63414],[-82.37538,29.63413],[-82.37581,29.63411],[-82.37622,29.63409],[-82.37634,29.63409],[-82.37643,29.63408],[-82.37712,29.63406],[-82.37771,29.63403],[-82.37831,29.63401]]}},{"type":"Feature","id":"way/413666272","properties":{"kind":"road","name":"Southeast 2nd Avenue"},"geometry":{"type":"LineString","coordinates":[[-82.32235,29.65032],[-82.32244,29.65032],[-82.32254,29.65032],[-82.32309,29.65031]]}},{"type":"Feature","id":"way/413666278","properties":{"kind":"road","name":"Southeast 3rd Street"},"geometry":{"type":"LineString","coordinates":[[-82.32235,29.65032],[-82.32235,29.65037],[-82.32235,29.65059],[-82.32239,29.65066]]}},{"type":"Feature","id":"way/413666282","properties":{"kind":"road","name":"Southeast 3rd Street"},"geometry":{"type":"LineString","coordinates":[[-82.32235,29.65025],[-82.32235,29.65032]]}},{"type":"Feature","id":"way/413666286","properties":{"kind":"road","name":""},"geometry":{"type":"LineString","coordinates":[[-82.33502,29.65015],[-82.33499,29.65016],[-82.33497,29.65018]]}},{"type":"Feature","id":"way/413666289","properties":{"kind":"road","name":""},"geometry":{"type":"LineString","coordinates":[[-82.33497,29.65018],[-82.33496,29.65021],[-82.33495,29.65023],[-82.33496,29.65027],[-82.33498,29.65029]]}},{"type":"Feature","id":"way/413666292","properties":{"kind":"road","name":""},"geometry":{"type":"LineString","coordinates":[[-82.33515,29.65029],[-82.33517,29.65026],[-82.33517,29.65024],[-82.33517,29.65022],[-82.33517,29.6502],[-82.33515,29.65017]]}},{"type":"Feature","id":"way/413666294","properties":{"kind":"road","name":""},"geometry":{"type":"LineString","coordinates":[[-82.33093,29.65032],[-82.33095,29.6503],[-82.33096,29.65027],[-82.33096,29.65024],[-82.33095,29.65022],[-82.33094,29.6502]]}},{"type":"Feature","id":"way/413666295","properties":{"kind":"road","name":""},"geometry":{"type":"LineString","coordinates":[[-82.33706,29.6503],[-82.33708,29.65031],[-82.3371,29.65031],[-82.33711,29.65032],[-82.33713,29.65032],[-82.33715,29.65032],[-82.33717,29.65032],[-82.33719,29.6503],[-82.3372,29.6503],[-82.33721,29.65029]]}},{"type":"Feature","id":"way/413666296","properties":{"kind":"road","name":""},"geometry":{"type":"LineString","coordinates":[[-82.33075,29.6502],[-82.33074,29.65023],[-82.33074,29.65026],[-82.33074,29.65029],[-82.33076,29.65031]]}},{"type":"Feature","id":"way/413666297","properties":{"kind":"road","name":""},"geometry":{"type":"LineString","coordinates":[[-82.33078,29.65033],[-82.33081,29.65035],[-82.33084,29.65035],[-82.33087,29.65035],[-82.3309,29.65034]]}},{"type":"Feature","id":"way/413669724","properties":{"kind":"road","name":"Northwest 6th Street"},"geometry":{"type":"LineString","coordinates":[[-82.33086,29.66662],[-82.33086,29.66673],[-82.33086,29.66681],[-82.33086,29.66709],[-82.33086,29.66785],[-82.33086,29.66794],[-82.33085,29.66817],[-82.33085,29.66823],[-82.33085,29.66875],[-82.33085,29.66879],[-82.33085,29.66925],[-82.33085,29.66937],[-82.33084,29.67029],[-82.33084,29.67058],[-82.33083,29.67084],[-82.33083,29.67104],[-82.33083,29.67115],[-82.33083,29.67125],[-82.33082,29.67153],[-82.33082,29.67184],[-82.33082,29.67187],[-82.33082,29.67191],[-82.33081,29.67231],[-82.33081,29.6725],[-82.3308,29.67277],[-82.3308,29.67304],[-82.33079,29.67323],[-82.33079,29.67339]]}},{"type":"Feature","id":"way/413669725","properties":{"kind":"road","name":"South Main Street"},"geometry":{"type":"LineString","coordinates":[[-82.325,29.65031],[-82.325,29.65024]]}},{"type":"Feature","id":"way/413669727","properties":{"kind":"road","name":""},"geometry":{"type":"LineString","coordinates":[[-82.3309,29.65034],[-82.33091,29.65033],[-82.33093,29.65032]]}},{"type":"Feature","id":"way/413669728","properties":{"kind":"road","name":""},"geometry":{"type":"LineString","coordinates":[[-82.33076,29.65031],[-82.33077,29.65032],[-82.33078,29.65033]]}},{"type":"Feature","id":"way/413747105","properties":{"kind":"road","name":"Southwest 20th Avenue"},"geometry":{"type":"LineString","coordinates":[[-82.37245,29.63425],[-82.37261,29.63424]]}},{"type":"Feature","id":"way/413747106","properties":{"kind":"road","name":"Southwest 34th Street"},"geometry":{"type":"LineString","coordinates":[[-82.37259,29.6377],[-82.37259,29.63761]]}},{"type":"Feature","id":"way/413747107","properties":{"kind":"road","name":"Southwest 34th Street"},"geometry":{"type":"LineString","coordinates":[[-82.37244,29.6376],[-82.37244,29.6377],[-82.37243,29.63781],[-82.37242,29.6389]]}},{"type":"Feature","id":"way/413942848","properties":{"kind":"road","name":"Northeast 8th Avenue"},"geometry":{"type":"LineString","coordinates":[[-82.30652,29.6593],[-82.3064,29.65929],[-82.30594,29.65924],[-82.30585,29.65923]]}},{"type":"Feature","id":"way/413942858","properties":{"kind":"road","name":"Southeast 15th Street"},"geometry":{"type":"LineString","coordinates":[[-82.30585,29.63153],[-82.30585,29.63183],[-82.30586,29.63336],[-82.30586,29.63392],[-82.30587,29.63656],[-82.30587,29.63732],[-82.30587,29.638],[-82.30587,29.6381],[-82.30587,29.63882],[-82.30588,29.63954],[-82.30588,29.64027]]}},{"type":"Feature","id":"way/413942865","properties":{"kind":"road","name":"Southeast 15th Street"},"geometry":{"type":"LineString","coordinates":[[-82.30585,29.63118],[-82.30585,29.63153]]}},{"type":"Feature","id":"way/413942871","properties":{"kind":"road","name":"Southeast 15th Street"},"geometry":{"type":"LineString","coordinates":[[-82.30584,29.64917],[-82.30584,29.64927],[-82.30585,29.65007],[-82.30585,29.65055],[-82.30585,29.65089],[-82.30585,29.651],[-82.30585,29.65109],[-82.30585,29.6512]]}},{"type":"Feature","id":"way/413942883","properties":{"kind":"road","name":"Southeast 21st Avenue"},"geometry":{"type":"LineString","coordinates":[[-82.30609,29.63144],[-82.306,29.63136],[-82.30592,29.63127],[-82.30585,29.63118]]}},{"type":"Feature","id":"way/413942913","properties":{"kind":"road","name":"Southeast 3rd Avenue"},"geometry":{"type":"LineString","coordinates":[[-82.30584,29.64917],[-82.30573,29.64917],[-82.30398,29.64919],[-82.30351,29.6492],[-82.30302,29.6492],[-82.3028,29.6492],[-82.30262,29.6492],[-82.30211,29.64921],[-82.30195,29.64921]]}},{"type":"Feature","id":"way/413942917","properties":{"kind":"road","name":"Southeast 3rd Street"},"geometry":{"type":"LineString","coordinates":[[-82.32239,29.64988],[-82.32234,29.64997],[-82.32234,29.65007],[-82.32235,29.65019],[-82.32235,29.65025]]}},{"type":"Feature","id":"way/413942924","properties":{"kind":"road","name":"Southeast 3rd Street"},"geometry":{"type":"LineString","coordinates":[[-82.32237,29.64932],[-82.32242,29.64925],[-82.32241,29.64894],[-82.32237,29.64882]]}},{"type":"Feature","id":"way/413942936","properties":{"kind":"road","name":"Southeast 8th Avenue"},"geometry":{"type":"LineString","coordinates":[[-82.30587,29.64454],[-82.30576,29.64454],[-82.30485,29.64454],[-82.30445,29.64454],[-82.30445,29.64454],[-82.30392,29.64454],[-82.30339,29.64454],[-82.30264,29.64453],[-82.30193,29.64453],[-82.30108,29.64453],[-82.30023,29.64453],[-82.29973,29.64453],[-82.29938,29.64453]]}},{"type":"Feature","id":"way/413942964","properties":{"kind":"road","name":""},"geometry":{"type":"LineString","coordinates":[[-82.32151,29.64517],[-82.32155,29.64514],[-82.32158,29.64511],[-82.32159,29.64506]]}},{"type":"Feature","id":"way/413942966","properties":{"kind":"road","name":""},"geometry":{"type":"LineString","coordinates":[[-82.3215,29.64493],[-82.32145,29.64492],[-82.3214,29.64492],[-82.32136,29.64494],[-82.32132,29.64496]]}},{"type":"Feature","id":"way/413942968","properties":{"kind":"road","name":""},"geometry":{"type":"LineString","coordinates":[[-82.32159,29.64506],[-82.32159,29.64503],[-82.32158,29.645],[-82.32156,29.64497],[-82.32153,29.64494],[-82.3215,29.64493]]}},{"type":"Feature","id":"way/413952515","properties":{"kind":"road","name":"North Main Street"},"geometry":{"type":"LineString","coordinates":[[-82.32449,29.66597],[-82.32449,29.66579],[-82.3245,29.66554],[-82.3245,29.66549],[-82.3245,29.66534],[-82.3245,29.66523]]}},{"type":"Feature","id":"way/413952528","properties":{"kind":"road","name":"Northwest 16th Avenue"},"geometry":{"type":"LineString","coordinates":[[-82.32662,29.66662],[-82.32673,29.66662],[-82.3285,29.66661]]}},{"type":"Feature","id":"way/413952532","properties":{"kind":"green","name":"T B McPherson Recreation Complex"},"geometry":{"type":"Polygon","coordinates":[[[-82.30571,29.63486],[-82.30523,29.63486],[-82.30445,29.63486],[-82.30445,29.63406],[-82.30319,29.63405],[-82.30317,29.63221],[-82.30572,29.6322],[-82.3057,29.63239],[-82.30571,29.63486]]]}},{"type":"Feature","id":"way/414816506","properties":{"kind":"road","name":"Southwest Archer Road"},"geometry":{"type":"LineString","coordinates":[[-82.36581,29.63024],[-82.36541,29.63042],[-82.36501,29.6306],[-82.36372,29.63122]]}},{"type":"Feature","id":"way/414816526","properties":{"kind":"road","name":"Windmeadows Boulevard"},"geometry":{"type":"LineString","coordinates":[[-82.37266,29.62833],[-82.37248,29.62838]]}},{"type":"Feature","id":"way/414828224","properties":{"kind":"road","name":"Southeast 15th Street"},"geometry":{"type":"LineString","coordinates":[[-82.30586,29.64578],[-82.30586,29.64585],[-82.30586,29.64693],[-82.30585,29.64829],[-82.30584,29.64907],[-82.30584,29.64917]]}},{"type":"Feature","id":"way/414828241","properties":{"kind":"road","name":""},"geometry":{"type":"LineString","coordinates":[[-82.32132,29.64496],[-82.32129,29.64501]]}},{"type":"Feature","id":"way/414828244","properties":{"kind":"road","name":""},"geometry":{"type":"LineString","coordinates":[[-82.32132,29.64514],[-82.32137,29.64518],[-82.32144,29.64519],[-82.32151,29.64517]]}},{"type":"Feature","id":"way/414866264","properties":{"kind":"road","name":"Archer Road"},"geometry":{"type":"LineString","coordinates":[[-82.36161,29.63221],[-82.36152,29.63225]]}},{"type":"Feature","id":"way/414866265","properties":{"kind":"road","name":"Archer Road"},"geometry":{"type":"LineString","coordinates":[[-82.35869,29.63359],[-82.3586,29.63363],[-82.35828,29.63376],[-82.35824,29.63378]]}},{"type":"Feature","id":"way/414866266","properties":{"kind":"road","name":"Archer Road"},"geometry":{"type":"LineString","coordinates":[[-82.35879,29.63374],[-82.35895,29.63367],[-82.35929,29.63352],[-82.35982,29.63327],[-82.35985,29.63326]]}},{"type":"Feature","id":"way/414866268","properties":{"kind":"road","name":"Southwest 23rd Street"},"geometry":{"type":"LineString","coordinates":[[-82.36152,29.63225],[-82.36162,29.63241]]}},{"type":"Feature","id":"way/414875616","properties":{"kind":"road","name":"East University Avenue"},"geometry":{"type":"LineString","coordinates":[[-82.31474,29.65194],[-82.31464,29.65194],[-82.31405,29.65194],[-82.31377,29.65194],[-82.31365,29.65194],[-82.31357,29.65195]]}},{"type":"Feature","id":"way/414875623","properties":{"kind":"road","name":""},"geometry":{"type":"LineString","coordinates":[[-82.31469,29.65931],[-82.31468,29.65934],[-82.31468,29.65936],[-82.31469,29.65939],[-82.3147,29.65941]]}},{"type":"Feature","id":"way/414879659","properties":{"kind":"road","name":"Archer Road"},"geometry":{"type":"LineString","coordinates":[[-82.35131,29.63646],[-82.35294,29.63586]]}},{"type":"Feature","id":"way/415125339","properties":{"kind":"road","name":"Northeast 15th Street"},"geometry":{"type":"LineString","coordinates":[[-82.30583,29.66651],[-82.30583,29.66664],[-82.30583,29.66685],[-82.30583,29.66763],[-82.30583,29.66838],[-82.30583,29.66843],[-82.30584,29.66985],[-82.30583,29.66999],[-82.30584,29.67033],[-82.30584,29.67069],[-82.30583,29.6714],[-82.30583,29.6722],[-82.30585,29.67297],[-82.30585,29.6737],[-82.30585,29.67382]]}},{"type":"Feature","id":"way/415125342","properties":{"kind":"road","name":"Northeast 16th Avenue"},"geometry":{"type":"LineString","coordinates":[[-82.32448,29.66661],[-82.32437,29.66661],[-82.32385,29.66661],[-82.32357,29.6666],[-82.32354,29.6666],[-82.32342,29.6666],[-82.32325,29.6666],[-82.32308,29.6666],[-82.32265,29.6666],[-82.32184,29.66659]]}},{"type":"Feature","id":"way/415132358","properties":{"kind":"road","name":"4th Street"},"geometry":{"type":"LineString","coordinates":[[-82.31541,29.63285],[-82.31537,29.63277],[-82.31524,29.63254],[-82.31519,29.63247],[-82.31513,29.63241],[-82.31505,29.63237],[-82.31498,29.63235]]}},{"type":"Feature","id":"way/415132365","properties":{"kind":"water","name":"Sweetwater Branch"},"geometry":{"type":"LineString","coordinates":[[-82.31817,29.63799],[-82.31833,29.63794],[-82.3184,29.63793],[-82.31859,29.63791],[-82.31895,29.63794],[-82.31943,29.6379],[-82.3198,29.6378],[-82.32005,29.63762],[-82.32035,29.63746],[-82.32082,29.63727],[-82.3212,29.63719],[-82.32147,29.63713],[-82.32175,29.63716],[-82.32205,29.63714],[-82.32224,29.63709],[-82.32241,29.637],[-82.32248,29.63692],[-82.32252,29.63676],[-82.32249,29.63665],[-82.3224,29.63643],[-82.32236,29.63619],[-82.32237,29.63601],[-82.32242,29.6359],[-82.32257,29.63578],[-82.32358,29.63524],[-82.32385,29.63514],[-82.32408,29.6351],[-82.32426,29.63504],[-82.32436,29.63493],[-82.32441,29.63477],[-82.32439,29.63456],[-82.32447,29.63428],[-82.32459,29.63399],[-82.32464,29.63378],[-82.3246,29.63346],[-82.32457,29.63329],[-82.32449,29.63309],[-82.32453,29.6328],[-82.32463,29.63252],[-82.32457,29.63228],[-82.32448,29.63208],[-82.32428,29.63194],[-82.32384,29.63166],[-82.32368,29.63152],[-82.32354,29.63135],[-82.3234,29.63117],[-82.3233,29.63099],[-82.32314,29.6307],[-82.3228,29.63045],[-82.32234,29.63027],[-82.32224,29.63022]]}},{"type":"Feature","id":"way/415132366","properties":{"kind":"water","name":"Sweetwater Branch"},"geometry":{"type":"LineString","coordinates":[[-82.32224,29.63022],[-82.3219,29.63]]}},{"type":"Feature","id":"way/415135560","properties":{"kind":"road","name":"Southeast 4th Street"},"geometry":{"type":"LineString","coordinates":[[-82.32134,29.64457],[-82.32132,29.6445]]}},{"type":"Feature","id":"way/415145874","properties":{"kind":"road","name":"Northeast 16th Avenue"},"geometry":{"type":"LineString","coordinates":[[-82.32184,29.66659],[-82.3215,29.66659],[-82.32118,29.66659],[-82.32081,29.66658],[-82.31957,29.66658],[-82.31942,29.66658],[-82.31827,29.66658],[-82.31738,29.66656],[-82.31651,29.66656],[-82.31569,29.66656],[-82.31486,29.66655],[-82.31477,29.66655]]}},{"type":"Feature","id":"way/415145882","properties":{"kind":"road","name":"Northeast 9th Street"},"geometry":{"type":"LineString","coordinates":[[-82.31477,29.66655],[-82.31477,29.66668],[-82.31477,29.66709],[-82.31476,29.66727],[-82.31476,29.66748],[-82.31477,29.66782],[-82.31477,29.66822],[-82.31477,29.66849],[-82.31478,29.66859],[-82.31478,29.66942],[-82.31479,29.66956],[-82.31479,29.67003],[-82.31479,29.67072],[-82.31479,29.67145],[-82.31478,29.67259],[-82.31482,29.67373],[-82.31482,29.67386]]}},{"type":"Feature","id":"way/415145886","properties":{"kind":"road","name":"Southeast 4th Avenue"},"geometry":{"type":"LineString","coordinates":[[-82.31159,29.64823],[-82.31145,29.64823]]}},{"type":"Feature","id":"way/415145887","properties":{"kind":"road","name":"Southeast 4th Avenue"},"geometry":{"type":"LineString","coordinates":[[-82.31145,29.64823],[-82.31136,29.64823],[-82.31122,29.64823],[-82.31091,29.64829],[-82.31064,29.64837],[-82.31039,29.64851]]}},{"type":"Feature","id":"way/415145896","properties":{"kind":"road","name":""},"geometry":{"type":"LineString","coordinates":[[-82.31473,29.65943],[-82.31475,29.65944],[-82.31478,29.65945],[-82.31482,29.65944],[-82.31485,29.65943]]}},{"type":"Feature","id":"way/415380532","properties":{"kind":"road","name":"Southeast 2nd Avenue"},"geometry":{"type":"LineString","coordinates":[[-82.3114,29.65008],[-82.31154,29.65013]]}},{"type":"Feature","id":"way/415380533","properties":{"kind":"road","name":"Southeast 2nd Avenue"},"geometry":{"type":"LineString","coordinates":[[-82.3216,29.65033],[-82.32191,29.65033],[-82.32228,29.65033],[-82.32235,29.65032]]}},{"type":"Feature","id":"way/415380534","properties":{"kind":"road","name":"Southeast 2nd Avenue"},"geometry":{"type":"LineString","coordinates":[[-82.32235,29.65025],[-82.32229,29.65025],[-82.32191,29.65027],[-82.3216,29.65027],[-82.32099,29.65027],[-82.32092,29.65027],[-82.32022,29.65027],[-82.31931,29.65024],[-82.31865,29.65019],[-82.3183,29.65015]]}},{"type":"Feature","id":"way/415380535","properties":{"kind":"road","name":"Southeast 2nd Avenue"},"geometry":{"type":"LineString","coordinates":[[-82.3151,29.65012],[-82.31601,29.65012],[-82.3169,29.65012],[-82.31749,29.65015],[-82.31776,29.65018],[-82.31783,29.65018],[-82.31794,29.65019],[-82.31864,29.65025],[-82.31934,29.6503],[-82.31982,29.65032],[-82.32023,29.65033],[-82.3208,29.65033],[-82.32092,29.65033],[-82.32099,29.65033],[-82.3216,29.65033]]}},{"type":"Feature","id":"way/415393376","properties":{"kind":"road","name":"Northeast 16th Avenue"},"geometry":{"type":"LineString","coordinates":[[-82.30583,29.66651],[-82.30573,29.66651],[-82.30496,29.66651],[-82.30462,29.6665],[-82.30416,29.6665],[-82.30396,29.6665],[-82.30342,29.6665],[-82.30271,29.66649],[-82.3026,29.66649],[-82.30232,29.66649],[-82.30223,29.66649]]}},{"type":"Feature","id":"way/418780758","properties":{"kind":"road","name":"North Main Street"},"geometry":{"type":"LineString","coordinates":[[-82.32198,29.67309],[-82.32209,29.67288],[-82.32212,29.67283],[-82.32235,29.67242],[-82.32236,29.6724],[-82.32255,29.67206],[-82.3228,29.67162],[-82.32299,29.6713],[-82.32312,29.67106],[-82.32321,29.6709],[-82.32346,29.67045],[-82.3235,29.67039],[-82.32367,29.67009],[-82.32379,29.66987],[-82.32382,29.66981],[-82.32399,29.66945],[-82.32401,29.66942],[-82.32412,29.66916],[-82.32422,29.66888],[-82.32428,29.6687],[-82.3243,29.66864],[-82.32433,29.66853],[-82.32435,29.66845],[-82.3244,29.6682],[-82.32442,29.66807],[-82.32443,29.66803],[-82.32444,29.66787],[-82.32445,29.66774],[-82.32448,29.66728]]}},{"type":"Feature","id":"way/418780776","properties":{"kind":"road","name":"North Main Street"},"geometry":{"type":"LineString","coordinates":[[-82.32501,29.65268],[-82.32501,29.65259],[-82.32501,29.6521],[-82.32501,29.65195]]}},{"type":"Feature","id":"way/418780980","properties":{"kind":"road","name":"Northwest 6th Street"},"geometry":{"type":"LineString","coordinates":[[-82.33082,29.65605],[-82.33082,29.65656],[-82.33082,29.65683]]}},{"type":"Feature","id":"way/418785219","properties":{"kind":"road","name":"Southwest 34th Street"},"geometry":{"type":"LineString","coordinates":[[-82.37241,29.64223],[-82.37241,29.64233],[-82.37238,29.64457]]}},{"type":"Feature","id":"way/418800082","properties":{"kind":"road","name":"Archer Road"},"geometry":{"type":"LineString","coordinates":[[-82.35021,29.63685],[-82.3504,29.63678],[-82.35118,29.63651],[-82.35131,29.63646]]}},{"type":"Feature","id":"way/418800093","properties":{"kind":"road","name":"Archer Road"},"geometry":{"type":"LineString","coordinates":[[-82.35019,29.63671],[-82.35002,29.63677],[-82.34859,29.63727],[-82.34787,29.63752],[-82.34691,29.63785]]}},{"type":"Feature","id":"way/422829393","properties":{"kind":"road","name":"Southwest 13th Street"},"geometry":{"type":"LineString","coordinates":[[-82.33932,29.64411],[-82.33932,29.64453]]}},{"type":"Feature","id":"way/425677266","properties":{"kind":"water","name":""},"geometry":{"type":"LineString","coordinates":[[-82.3463,29.64113],[-82.34637,29.64112],[-82.34651,29.64113],[-82.3467,29.64115],[-82.3469,29.64118],[-82.34707,29.64118],[-82.34721,29.64116],[-82.34736,29.64111],[-82.34745,29.64106],[-82.34753,29.64098],[-82.34761,29.64097],[-82.34766,29.64098],[-82.34784,29.64103],[-82.34798,29.64111],[-82.34807,29.64116]]}},{"type":"Feature","id":"way/425677267","properties":{"kind":"water","name":""},"geometry":{"type":"LineString","coordinates":[[-82.35062,29.64074],[-82.35079,29.6407],[-82.35095,29.64064],[-82.35109,29.64062],[-82.35125,29.64056],[-82.35151,29.64049],[-82.35168,29.64043],[-82.35178,29.64042],[-82.35186,29.64042],[-82.35194,29.64046],[-82.35201,29.6405],[-82.35212,29.64052],[-82.35227,29.64049],[-82.35251,29.64039],[-82.35277,29.64029],[-82.35281,29.64019],[-82.35276,29.64005],[-82.35273,29.63989],[-82.35279,29.63971],[-82.35299,29.63956],[-82.35315,29.63943]]}},{"type":"Feature","id":"way/425677268","properties":{"kind":"water","name":""},"geometry":{"type":"LineString","coordinates":[[-82.35032,29.64082],[-82.35062,29.64074]]}},{"type":"Feature","id":"way/425677269","properties":{"kind":"water","name":""},"geometry":{"type":"LineString","coordinates":[[-82.34609,29.64122],[-82.3463,29.64113]]}},{"type":"Feature","id":"way/425677270","properties":{"kind":"water","name":""},"geometry":{"type":"LineString","coordinates":[[-82.34841,29.64134],[-82.34845,29.64134],[-82.34852,29.64131],[-82.34859,29.64127],[-82.34872,29.6412],[-82.34891,29.64115],[-82.34911,29.6411],[-82.34942,29.641],[-82.34953,29.64099]]}},{"type":"Feature","id":"way/425677271","properties":{"kind":"water","name":""},"geometry":{"type":"LineString","coordinates":[[-82.34944,29.64133],[-82.34944,29.64115],[-82.34947,29.64106],[-82.34953,29.64099]]}},{"type":"Feature","id":"way/425677272","properties":{"kind":"water","name":""},"geometry":{"type":"LineString","coordinates":[[-82.34953,29.64099],[-82.35032,29.64082]]}},{"type":"Feature","id":"way/427713673","properties":{"kind":"water","name":""},"geometry":{"type":"LineString","coordinates":[[-82.36443,29.64242],[-82.36445,29.64245],[-82.36455,29.64256],[-82.36465,29.64282],[-82.36467,29.64297],[-82.36471,29.64315],[-82.36475,29.64337],[-82.36484,29.64354],[-82.36495,29.64371],[-82.36504,29.64379],[-82.36523,29.64397],[-82.36546,29.6441],[-82.3656,29.64417]]}},{"type":"Feature","id":"way/427905291","properties":{"kind":"water","name":""},"geometry":{"type":"LineString","coordinates":[[-82.35766,29.64402],[-82.3577,29.64395]]}},{"type":"Feature","id":"way/428102764","properties":{"kind":"water","name":"Hume Creek"},"geometry":{"type":"LineString","coordinates":[[-82.35094,29.64498],[-82.35093,29.64477]]}},{"type":"Feature","id":"way/428102765","properties":{"kind":"water","name":"Hume Creek"},"geometry":{"type":"LineString","coordinates":[[-82.35096,29.64507],[-82.35094,29.64498]]}},{"type":"Feature","id":"way/428102766","properties":{"kind":"water","name":""},"geometry":{"type":"LineString","coordinates":[[-82.34897,29.64612],[-82.34918,29.64591],[-82.34933,29.64573],[-82.34944,29.64564],[-82.34953,29.64554],[-82.3496,29.64543],[-82.34969,29.64528],[-82.34978,29.64507]]}},{"type":"Feature","id":"way/428635905","properties":{"kind":"water","name":"Jennings Creek"},"geometry":{"type":"LineString","coordinates":[[-82.3425,29.64264],[-82.34245,29.64259],[-82.34245,29.64252],[-82.34249,29.64228],[-82.3425,29.64202],[-82.34247,29.64192],[-82.34243,29.64184]]}},{"type":"Feature","id":"way/428635906","properties":{"kind":"water","name":"Jennings Creek"},"geometry":{"type":"LineString","coordinates":[[-82.34072,29.645],[-82.34097,29.64464]]}},{"type":"Feature","id":"way/429545024","properties":{"kind":"water","name":""},"geometry":{"type":"Polygon","coordinates":[[[-82.35002,29.63573],[-82.35008,29.63571],[-82.35011,29.63566],[-82.35011,29.63562],[-82.35004,29.63543],[-82.34987,29.63508],[-82.34983,29.63507],[-82.34982,29.63509],[-82.34983,29.63522],[-82.3499,29.63554],[-82.34994,29.63566],[-82.34997,29.63572],[-82.35002,29.63573]]]}},{"type":"Feature","id":"way/432480644","properties":{"kind":"road","name":"East University Avenue"},"geometry":{"type":"LineString","coordinates":[[-82.31329,29.65195],[-82.31306,29.65195],[-82.31295,29.65195]]}},{"type":"Feature","id":"way/432480648","properties":{"kind":"road","name":"Southeast 4th Avenue"},"geometry":{"type":"LineString","coordinates":[[-82.31762,29.64824],[-82.31648,29.64824],[-82.31614,29.64823],[-82.31511,29.64823],[-82.31392,29.64823],[-82.31282,29.64823],[-82.3127,29.64823],[-82.31256,29.64823],[-82.31235,29.64823],[-82.31211,29.64823]]}},{"type":"Feature","id":"way/432503904","properties":{"kind":"road","name":"Northeast 9th Street"},"geometry":{"type":"LineString","coordinates":[[-82.31474,29.65194],[-82.31474,29.65206],[-82.31475,29.6524],[-82.31476,29.65344]]}},{"type":"Feature","id":"way/435045698","properties":{"kind":"road","name":"Southwest 16th Avenue"},"geometry":{"type":"LineString","coordinates":[[-82.35401,29.6353],[-82.35442,29.63533]]}},{"type":"Feature","id":"way/435045703","properties":{"kind":"road","name":"Archer Road"},"geometry":{"type":"LineString","coordinates":[[-82.35401,29.6353],[-82.3538,29.63538],[-82.35287,29.63573],[-82.35148,29.63624]]}},{"type":"Feature","id":"way/435590063","properties":{"kind":"green","name":"Roper Park"},"geometry":{"type":"Polygon","coordinates":[[[-82.32307,29.65567],[-82.32307,29.65474],[-82.32244,29.65474],[-82.32244,29.65567],[-82.32307,29.65567]]]}},{"type":"Feature","id":"way/456077221","properties":{"kind":"road","name":"Southwest 34th Street"},"geometry":{"type":"LineString","coordinates":[[-82.37266,29.62833],[-82.37266,29.62823],[-82.37266,29.62795]]}},{"type":"Feature","id":"way/456077222","properties":{"kind":"road","name":"Southwest 34th Street"},"geometry":{"type":"LineString","coordinates":[[-82.37229,29.64879],[-82.3723,29.64965]]}},{"type":"Feature","id":"way/461261496","properties":{"kind":"road","name":"Southwest Depot Avenue"},"geometry":{"type":"LineString","coordinates":[[-82.33083,29.64353],[-82.33034,29.64362],[-82.33016,29.64365],[-82.32955,29.64377],[-82.32814,29.64401],[-82.32728,29.64415],[-82.32604,29.64436],[-82.32569,29.64442]]}},{"type":"Feature","id":"way/461261497","properties":{"kind":"road","name":""},"geometry":{"type":"LineString","coordinates":[[-82.32506,29.64475],[-82.32511,29.64474],[-82.32515,29.64471],[-82.32519,29.64468],[-82.32521,29.64464],[-82.32523,29.6446],[-82.32523,29.64456],[-82.32522,29.64453],[-82.32521,29.64449],[-82.32519,29.64446],[-82.32518,29.64444],[-82.32516,29.64443]]}},{"type":"Feature","id":"way/461261498","properties":{"kind":"road","name":"Southwest 6th Street"},"geometry":{"type":"LineString","coordinates":[[-82.33089,29.64248],[-82.33087,29.64254],[-82.33095,29.6428],[-82.33104,29.64305],[-82.33109,29.64323],[-82.3311,29.64328],[-82.33111,29.64332],[-82.33111,29.64342]]}},{"type":"Feature","id":"way/461261499","properties":{"kind":"road","name":"Southwest Depot Avenue"},"geometry":{"type":"LineString","coordinates":[[-82.33358,29.64306],[-82.33231,29.64328],[-82.33153,29.64341]]}},{"type":"Feature","id":"way/461647483","properties":{"kind":"water","name":""},"geometry":{"type":"LineString","coordinates":[[-82.34807,29.64116],[-82.34841,29.64134]]}},{"type":"Feature","id":"way/461656794","properties":{"kind":"water","name":"Sunbay Duck Pond"},"geometry":{"type":"Polygon","coordinates":[[[-82.3315,29.63784],[-82.33154,29.63791],[-82.33144,29.63793],[-82.33131,29.63798],[-82.33097,29.63792],[-82.33091,29.63788],[-82.33086,29.63782],[-82.33083,29.63769],[-82.33077,29.63762],[-82.3307,29.63757],[-82.33066,29.63754],[-82.33068,29.63741],[-82.33066,29.63736],[-82.33063,29.63733],[-82.33054,29.63733],[-82.3304,29.63712],[-82.33047,29.63709],[-82.33052,29.63709],[-82.33066,29.63715],[-82.33072,29.63716],[-82.33082,29.6372],[-82.33101,29.63732],[-82.33131,29.63755],[-82.33138,29.63772],[-82.33142,29.63779],[-82.3315,29.63784]]]}},{"type":"Feature","id":"way/470072063","properties":{"kind":"green","name":"Pleasant Park"},"geometry":{"type":"Polygon","coordinates":[[[-82.32666,29.65613],[-82.32666,29.65576],[-82.32759,29.65577],[-82.32759,29.65585],[-82.32788,29.65585],[-82.32788,29.65613],[-82.32666,29.65613]]]}},{"type":"Feature","id":"way/472831971","properties":{"kind":"water","name":"Depot Park Lake"},"geometry":{"type":"Polygon","coordinates":[[[-82.32303,29.64421],[-82.32298,29.64421],[-82.32293,29.64419],[-82.32287,29.64417],[-82.32282,29.64415],[-82.32278,29.64413],[-82.32274,29.6441],[-82.32269,29.64406],[-82.32266,29.64402],[-82.32263,29.64398],[-82.3226,29.64394],[-82.32259,29.64391],[-82.32257,29.64388],[-82.32254,29.64386],[-82.32251,29.64383],[-82.32247,29.6438],[-82.32242,29.64378],[-82.32237,29.64377],[-82.32231,29.64377],[-82.32226,29.64377],[-82.32221,29.64378],[-82.32216,29.6438],[-82.32214,29.64381],[-82.32212,29.64383],[-82.32209,29.64384],[-82.32204,29.64387],[-82.32194,29.64393],[-82.3219,29.64395],[-82.32186,29.64396],[-82.32182,29.64397],[-82.32177,29.64397],[-82.32172,29.64397],[-82.32167,29.64396],[-82.32162,29.64394],[-82.32158,29.64391],[-82.32155,29.64389],[-82.32154,29.64388],[-82.32153,29.64386],[-82.32151,29.64384],[-82.32148,29.6438],[-82.32155,29.64378],[-82.32157,29.64378],[-82.32159,29.64377],[-82.3216,29.64376],[-82.3216,29.64375],[-82.32161,29.64373],[-82.32161,29.64372],[-82.32161,29.6437],[-82.32161,29.64369],[-82.32161,29.64367],[-82.3216,29.64366],[-82.32159,29.64365],[-82.32158,29.64364],[-82.32157,29.64364],[-82.32155,29.64363],[-82.32152,29.64362],[-82.32151,29.64361],[-82.3215,29.64358],[-82.32151,29.64355],[-82.32155,29.64351],[-82.32159,29.64348],[-82.32166,29.64343],[-82.32169,29.64339],[-82.32173,29.64333],[-82.32179,29.64327],[-82.32189,29.64321],[-82.32201,29.64316],[-82.32206,29.64314],[-82.32209,29.6431],[-82.3221,29.64307],[-82.32212,29.64307],[-82.32216,29.64307],[-82.32219,29.64307],[-82.32222,29.64308],[-82.32222,29.64309],[-82.32225,29.64315],[-82.32227,29.64317],[-82.3223,29.64319],[-82.32234,29.6432],[-82.32236,29.64322],[-82.32241,29.64324],[-82.3225,29.64325],[-82.32258,29.64323],[-82.32268,29.64318],[-82.32276,29.64313],[-82.32289,29.64302],[-82.323,29.64291],[-82.32311,29.64288],[-82.32315,29.64286],[-82.32322,29.64284],[-82.32329,29.64284],[-82.32335,29.64284],[-82.3234,29.64286],[-82.32346,29.64289],[-82.32359,29.64299],[-82.32366,29.64306],[-82.32371,29.64312],[-82.32375,29.64315],[-82.3238,29.64315],[-82.32383,29.6432],[-82.32385,29.64324],[-82.32387,29.64329],[-82.32389,29.64334],[-82.3239,29.64339],[-82.3239,29.64344],[-82.32391,29.6435],[-82.32391,29.64354],[-82.3239,29.64359],[-82.3239,29.6436],[-82.32389,29.64366],[-82.32386,29.64365],[-82.32383,29.64365],[-82.3238,29.64366],[-82.32377,29.64367],[-82.32375,29.64369],[-82.32372,29.64372],[-82.32371,29.64374],[-82.32371,29.64377],[-82.32371,29.6438],[-82.32373,29.64383],[-82.32374,29.64385],[-82.32376,29.64386],[-82.32379,29.64388],[-82.32376,29.64391],[-82.32373,29.64395],[-82.32369,29.64399],[-82.32365,29.64402],[-82.3236,29.64406],[-82.32356,29.64409],[-82.32352,29.64411],[-82.32348,29.64413],[-82.32344,29.64415],[-82.32338,29.64417],[-82.32334,29.64418],[-82.32329,29.64419],[-82.32322,29.64421],[-82.32316,29.64421],[-82.3231,29.64422],[-82.32303,29.64421]]]}},{"type":"Feature","id":"way/472832190","properties":{"kind":"green","name":"Depot Park"},"geometry":{"type":"Polygon","coordinates":[[[-82.32476,29.64241],[-82.32475,29.64251],[-82.32474,29.64255],[-82.32479,29.64259],[-82.32483,29.64266],[-82.32487,29.64276],[-82.32497,29.64274],[-82.3251,29.64272],[-82.32526,29.64272],[-82.32541,29.64275],[-82.32536,29.64294],[-82.3252,29.64341],[-82.32518,29.64348],[-82.32523,29.64357],[-82.32522,29.64363],[-82.32522,29.64368],[-82.32522,29.64373],[-82.32521,29.64378],[-82.32509,29.64414],[-82.32507,29.64421],[-82.32505,29.64425],[-82.32502,29.64429],[-82.32497,29.64434],[-82.32491,29.64437],[-82.32485,29.64439],[-82.3248,29.64444],[-82.32477,29.64449],[-82.32475,29.64453],[-82.32474,29.64455],[-82.32469,29.64457],[-82.32458,29.64462],[-82.32448,29.64464],[-82.32438,29.64467],[-82.32417,29.64471],[-82.32403,29.64474],[-82.32366,29.64487],[-82.3234,29.64495],[-82.32311,29.64502],[-82.32288,29.64508],[-82.32272,29.64511],[-82.32258,29.64513],[-82.32245,29.64514],[-82.32233,29.64514],[-82.32219,29.64514],[-82.3221,29.64513],[-82.322,29.64512],[-82.32192,29.64511],[-82.32183,29.6451],[-82.32176,29.64508],[-82.32172,29.64507],[-82.32168,29.64505],[-82.32167,29.64504],[-82.32166,29.64503],[-82.32165,29.645],[-82.32163,29.64496],[-82.32161,29.64493],[-82.32158,29.6449],[-82.32154,29.64488],[-82.32152,29.64487],[-82.3215,29.64484],[-82.32149,29.64481],[-82.32147,29.64476],[-82.32147,29.6447],[-82.32145,29.64463],[-82.32141,29.64451],[-82.32137,29.64441],[-82.32127,29.64419],[-82.32118,29.64402],[-82.32108,29.6438],[-82.32096,29.64358],[-82.32092,29.6435],[-82.32258,29.64186],[-82.32255,29.64155],[-82.32275,29.64135],[-82.32275,29.64085],[-82.32272,29.64085],[-82.32272,29.64069],[-82.32271,29.64062],[-82.32273,29.64059],[-82.32275,29.64055],[-82.3228,29.64051],[-82.32285,29.6405],[-82.3229,29.6405],[-82.32301,29.64053],[-82.32317,29.64057],[-82.32323,29.64058],[-82.32328,29.64057],[-82.32338,29.64055],[-82.32348,29.64051],[-82.32354,29.64058],[-82.32364,29.64067],[-82.32386,29.64087],[-82.32397,29.64099],[-82.32408,29.6411],[-82.32431,29.64136],[-82.32439,29.64147],[-82.32444,29.64169],[-82.32447,29.64184],[-82.32453,29.64198],[-82.32457,29.64201],[-82.3246,29.64205],[-82.32465,29.64211],[-82.32469,29.64216],[-82.32473,29.64219],[-82.32477,29.64223],[-82.32477,29.64231],[-82.32476,29.64241]]]}},{"type":"Feature","id":"way/475155569","properties":{"kind":"green","name":"Bo Diddley Plaza"},"geometry":{"type":"Polygon","coordinates":[[[-82.32383,29.65184],[-82.32366,29.65184],[-82.32342,29.65184],[-82.32319,29.65185],[-82.32319,29.65114],[-82.32383,29.65113],[-82.32383,29.65184]]]}},{"type":"Feature","id":"way/475550015","properties":{"kind":"water","name":"Duckpond"},"geometry":{"type":"Polygon","coordinates":[[[-82.31985,29.65674],[-82.31984,29.65628],[-82.31977,29.65586],[-82.3197,29.65584],[-82.31962,29.65583],[-82.31961,29.65604],[-82.31966,29.65644],[-82.31971,29.65675],[-82.31978,29.65675],[-82.31985,29.65674]]]}},{"type":"Feature","id":"way/475550016","properties":{"kind":"water","name":""},"geometry":{"type":"LineString","coordinates":[[-82.32133,29.65935],[-82.32137,29.6594],[-82.32148,29.65953],[-82.32164,29.65979],[-82.32173,29.65997]]}},{"type":"Feature","id":"way/475581006","properties":{"kind":"water","name":"Stormwater Enhancement Ecological Project"},"geometry":{"type":"Polygon","coordinates":[[[-82.36745,29.63386],[-82.36764,29.63377],[-82.36785,29.63373],[-82.36801,29.63381],[-82.36809,29.63391],[-82.36809,29.63406],[-82.36809,29.63421],[-82.36824,29.63446],[-82.3684,29.63468],[-82.36857,29.63479],[-82.3685,29.63516],[-82.36841,29.6353],[-82.3681,29.63531],[-82.36776,29.63531],[-82.36773,29.63546],[-82.36765,29.63558],[-82.36749,29.63564],[-82.36739,29.63553],[-82.36736,29.63534],[-82.36745,29.63511],[-82.3674,29.63471],[-82.36739,29.63438],[-82.36743,29.6342],[-82.36753,29.63413],[-82.36763,29.63414],[-82.36774,29.63426],[-82.36786,29.63449],[-82.3679,29.63447],[-82.36792,29.63442],[-82.36792,29.63424],[-82.3679,29.6341],[-82.36776,29.63404],[-82.36762,29.63402],[-82.36752,29.63397],[-82.36745,29.63386]]]}},{"type":"Feature","id":"way/479183115","properties":{"kind":"water","name":""},"geometry":{"type":"Polygon","coordinates":[[[-82.34545,29.63383],[-82.34507,29.63395],[-82.34502,29.63389],[-82.34495,29.63386],[-82.34489,29.63386],[-82.3449,29.63357],[-82.34494,29.63353],[-82.34546,29.63378],[-82.34545,29.63383]]]}},{"type":"Feature","id":"way/479186914","properties":{"kind":"water","name":""},"geometry":{"type":"Polygon","coordinates":[[[-82.35774,29.63232],[-82.35747,29.63229],[-82.35711,29.63233],[-82.357,29.63231],[-82.35685,29.63232],[-82.35675,29.63237],[-82.35667,29.63249],[-82.35656,29.6325],[-82.35642,29.63258],[-82.35637,29.63272],[-82.35618,29.63274],[-82.35613,29.63272],[-82.35608,29.63265],[-82.35617,29.63253],[-82.35619,29.63244],[-82.35615,29.63238],[-82.35611,29.63228],[-82.3562,29.6322],[-82.35665,29.63227],[-82.35696,29.63223],[-82.35734,29.63226],[-82.35772,29.63219],[-82.35777,29.63222],[-82.35779,29.63229],[-82.35774,29.63232]]]}},{"type":"Feature","id":"way/479738572","properties":{"kind":"green","name":"Sweetwater Park"},"geometry":{"type":"Polygon","coordinates":[[[-82.32075,29.65094],[-82.32032,29.65092],[-82.31959,29.65088],[-82.31957,29.65039],[-82.32075,29.65039],[-82.32077,29.65063],[-82.32077,29.65074],[-82.32075,29.65094]]]}},{"type":"Feature","id":"way/479788191","properties":{"kind":"water","name":"Sweetwater Branch Creek"},"geometry":{"type":"LineString","coordinates":[[-82.31968,29.65563],[-82.31969,29.65499]]}},{"type":"Feature","id":"way/479788192","properties":{"kind":"water","name":"Sweetwater Branch Creek"},"geometry":{"type":"LineString","coordinates":[[-82.31977,29.65459],[-82.32018,29.65341]]}},{"type":"Feature","id":"way/479788193","properties":{"kind":"water","name":"Sweetwater Branch Creek"},"geometry":{"type":"LineString","coordinates":[[-82.32062,29.65182],[-82.32073,29.65173],[-82.32062,29.6511]]}},{"type":"Feature","id":"way/479799351","properties":{"kind":"water","name":""},"geometry":{"type":"Polygon","coordinates":[[[-82.35998,29.63161],[-82.36028,29.63147],[-82.36033,29.63137],[-82.36055,29.63127],[-82.36058,29.63111],[-82.3603,29.63125],[-82.36015,29.6314],[-82.35992,29.63144],[-82.35986,29.63155],[-82.35998,29.63161]]]}},{"type":"Feature","id":"way/481227237","properties":{"kind":"green","name":"Presidents Park"},"geometry":{"type":"Polygon","coordinates":[[[-82.35577,29.65188],[-82.35577,29.65098],[-82.35566,29.65098],[-82.3557,29.65053],[-82.35465,29.65087],[-82.35233,29.65164],[-82.35228,29.65169],[-82.35226,29.65175],[-82.35225,29.6518],[-82.35225,29.6519],[-82.35227,29.65194],[-82.35229,29.65196],[-82.3523,29.65197],[-82.35233,29.65198],[-82.35234,29.65198],[-82.35242,29.65198],[-82.35332,29.652],[-82.35389,29.65201],[-82.35568,29.652],[-82.35577,29.652],[-82.35577,29.65188]]]}},{"type":"Feature","id":"way/481228802","properties":{"kind":"green","name":"University Park Arboretum"},"geometry":{"type":"Polygon","coordinates":[[[-82.35726,29.65333],[-82.35687,29.65332],[-82.35683,29.65319],[-82.35669,29.65298],[-82.35662,29.65285],[-82.35657,29.6527],[-82.35656,29.65257],[-82.35656,29.65224],[-82.35779,29.65229],[-82.35788,29.65279],[-82.35695,29.6528],[-82.35696,29.65287],[-82.35705,29.65295],[-82.35726,29.65329],[-82.35726,29.65333]]]}},{"type":"Feature","id":"way/481256550","properties":{"kind":"green","name":"Live Oak Park"},"geometry":{"type":"Polygon","coordinates":[[[-82.34406,29.64234],[-82.34396,29.64235],[-82.34389,29.64234],[-82.34385,29.64233],[-82.34383,29.6423],[-82.34383,29.64227],[-82.34384,29.64223],[-82.34386,29.6422],[-82.34388,29.64218],[-82.34388,29.64216],[-82.34388,29.64212],[-82.34389,29.64208],[-82.34392,29.64203],[-82.34396,29.642],[-82.34401,29.64198],[-82.34407,29.64197],[-82.34411,29.642],[-82.34416,29.64205],[-82.34419,29.6421],[-82.3442,29.6422],[-82.34418,29.64225],[-82.34414,29.6423],[-82.34406,29.64234]]]}},{"type":"Feature","id":"way/490375107","properties":{"kind":"green","name":""},"geometry":{"type":"Polygon","coordinates":[[[-82.3107,29.66156],[-82.30935,29.66155],[-82.30862,29.66155],[-82.30862,29.6594],[-82.30729,29.65939],[-82.30698,29.65996],[-82.30649,29.6597],[-82.30427,29.66304],[-82.30434,29.66312],[-82.30582,29.66313],[-82.30591,29.66333],[-82.31017,29.66336],[-82.31018,29.6632],[-82.31021,29.66303],[-82.31029,29.66285],[-82.31043,29.66265],[-82.31056,29.66248],[-82.31065,29.66229],[-82.3107,29.6621],[-82.3107,29.66156]]]}},{"type":"Feature","id":"way/498702283","properties":{"kind":"road","name":"Southeast 7th Avenue"},"geometry":{"type":"LineString","coordinates":[[-82.31755,29.6458],[-82.31651,29.6458],[-82.31644,29.6458],[-82.31583,29.64579],[-82.31512,29.64579]]}},{"type":"Feature","id":"way/502797299","properties":{"kind":"water","name":""},"geometry":{"type":"Polygon","coordinates":[[[-82.36463,29.63034],[-82.36472,29.63031],[-82.36482,29.63027],[-82.36483,29.63024],[-82.36482,29.63021],[-82.3648,29.63019],[-82.36476,29.63018],[-82.36468,29.63021],[-82.36463,29.63023],[-82.36461,29.63024],[-82.36461,29.63031],[-82.36457,29.63031],[-82.36457,29.63033],[-82.36449,29.63033],[-82.36448,29.63031],[-82.36445,29.63031],[-82.36444,29.63033],[-82.36445,29.63036],[-82.36448,29.63036],[-82.3645,29.63037],[-82.36454,29.63037],[-82.36458,29.63036],[-82.36463,29.63034]]]}},{"type":"Feature","id":"way/503484599","properties":{"kind":"water","name":""},"geometry":{"type":"LineString","coordinates":[[-82.32969,29.62909],[-82.32995,29.62937]]}},{"type":"Feature","id":"way/503484600","properties":{"kind":"water","name":""},"geometry":{"type":"LineString","coordinates":[[-82.3296,29.62888],[-82.32969,29.62909]]}},{"type":"Feature","id":"way/503484601","properties":{"kind":"water","name":""},"geometry":{"type":"LineString","coordinates":[[-82.32995,29.62937],[-82.33021,29.62955],[-82.33041,29.6298],[-82.33056,29.62993],[-82.3307,29.62996],[-82.33084,29.6299],[-82.33102,29.62983]]}},{"type":"Feature","id":"way/503484602","properties":{"kind":"water","name":""},"geometry":{"type":"LineString","coordinates":[[-82.32789,29.63195],[-82.32762,29.63148],[-82.32761,29.63107],[-82.32769,29.63071],[-82.3277,29.63021],[-82.32783,29.6298],[-82.32798,29.62952],[-82.32815,29.62923],[-82.32826,29.62908],[-82.32833,29.62903],[-82.32844,29.62902],[-82.32856,29.62908],[-82.32864,29.62913],[-82.32876,29.62916],[-82.32884,29.62914],[-82.32885,29.62908],[-82.32887,29.62898]]}},{"type":"Feature","id":"way/503484603","properties":{"kind":"water","name":""},"geometry":{"type":"LineString","coordinates":[[-82.33272,29.62992],[-82.33288,29.62995]]}},{"type":"Feature","id":"way/503484604","properties":{"kind":"water","name":""},"geometry":{"type":"LineString","coordinates":[[-82.33211,29.62967],[-82.33226,29.62977],[-82.33247,29.62984],[-82.33262,29.6299],[-82.33272,29.62992]]}},{"type":"Feature","id":"way/503484605","properties":{"kind":"water","name":""},"geometry":{"type":"LineString","coordinates":[[-82.33288,29.62995],[-82.33304,29.62999],[-82.33321,29.62999],[-82.33347,29.63],[-82.3337,29.62993],[-82.33388,29.62985],[-82.33405,29.62973],[-82.33422,29.62958],[-82.33445,29.62944],[-82.33466,29.62933],[-82.33479,29.6292],[-82.33492,29.62908],[-82.33509,29.62894],[-82.33513,29.62891],[-82.33524,29.62881],[-82.33544,29.62862],[-82.33557,29.62842]]}},{"type":"Feature","id":"way/503484612","properties":{"kind":"water","name":""},"geometry":{"type":"LineString","coordinates":[[-82.33906,29.63447],[-82.33956,29.63397]]}},{"type":"Feature","id":"way/503484614","properties":{"kind":"water","name":""},"geometry":{"type":"LineString","coordinates":[[-82.33853,29.63593],[-82.33859,29.63544],[-82.33873,29.63505],[-82.33887,29.63463],[-82.33906,29.63447]]}},{"type":"Feature","id":"way/503484616","properties":{"kind":"water","name":""},"geometry":{"type":"LineString","coordinates":[[-82.33956,29.63397],[-82.33966,29.63382],[-82.34018,29.63348],[-82.34039,29.63332],[-82.34085,29.63272],[-82.34169,29.63168],[-82.34217,29.63109],[-82.34284,29.63053],[-82.34325,29.63049],[-82.34344,29.63043],[-82.34366,29.63024],[-82.34385,29.63001],[-82.34396,29.62982],[-82.34409,29.62949],[-82.34419,29.62917],[-82.34433,29.6289],[-82.34452,29.62862],[-82.34468,29.62843],[-82.34479,29.62833]]}},{"type":"Feature","id":"way/503645400","properties":{"kind":"water","name":""},"geometry":{"type":"LineString","coordinates":[[-82.30745,29.63852],[-82.30758,29.63833],[-82.30767,29.6382],[-82.30772,29.6381]]}},{"type":"Feature","id":"way/503645401","properties":{"kind":"water","name":""},"geometry":{"type":"LineString","coordinates":[[-82.30737,29.63862],[-82.30745,29.63852]]}},{"type":"Feature","id":"way/503645403","properties":{"kind":"water","name":""},"geometry":{"type":"LineString","coordinates":[[-82.30603,29.63973],[-82.3063,29.63958],[-82.3065,29.63944],[-82.30662,29.63932],[-82.30689,29.63908],[-82.30709,29.6389],[-82.30727,29.63873],[-82.30737,29.63862]]}},{"type":"Feature","id":"way/540721895","properties":{"kind":"road","name":"Southwest 16th Street"},"geometry":{"type":"LineString","coordinates":[[-82.34308,29.6384],[-82.34303,29.63813]]}},{"type":"Feature","id":"way/540721896","properties":{"kind":"road","name":"Southwest 16th Street"},"geometry":{"type":"LineString","coordinates":[[-82.3433,29.63911],[-82.34326,29.63903],[-82.3432,29.63882],[-82.34312,29.63857],[-82.34308,29.6384]]}},{"type":"Feature","id":"way/544455387","properties":{"kind":"green","name":"Sunbay Duck Pond"},"geometry":{"type":"Polygon","coordinates":[[[-82.33181,29.63805],[-82.33179,29.63801],[-82.33145,29.63722],[-82.33117,29.63727],[-82.33115,29.63716],[-82.33111,29.63696],[-82.33035,29.63692],[-82.33038,29.6379],[-82.33181,29.63805]]]}},{"type":"Feature","id":"way/556494149","properties":{"kind":"water","name":""},"geometry":{"type":"LineString","coordinates":[[-82.33912,29.64243],[-82.33905,29.64248],[-82.33894,29.64256],[-82.33864,29.64282],[-82.33833,29.64303],[-82.33811,29.64313],[-82.33788,29.64322],[-82.33763,29.6433],[-82.33748,29.64339],[-82.33736,29.64357]]}},{"type":"Feature","id":"way/588029438","properties":{"kind":"green","name":"Law School Park"},"geometry":{"type":"Polygon","coordinates":[[[-82.35984,29.64951],[-82.36023,29.64952],[-82.36026,29.64952],[-82.36028,29.64953],[-82.36031,29.64955],[-82.36039,29.65029],[-82.36039,29.65031],[-82.35992,29.65029],[-82.35991,29.65024],[-82.3599,29.65017],[-82.35988,29.65012],[-82.35984,29.65005],[-82.3598,29.64999],[-82.35977,29.64995],[-82.35976,29.6499],[-82.35977,29.64983],[-82.35979,29.64978],[-82.35981,29.64971],[-82.35981,29.64953],[-82.35982,29.64952],[-82.35984,29.64951]]]}},{"type":"Feature","id":"way/630756135","properties":{"kind":"road","name":"Southwest 2nd Avenue"},"geometry":{"type":"LineString","coordinates":[[-82.3717,29.65042],[-82.37175,29.65042],[-82.37203,29.65042],[-82.3722,29.65043],[-82.3723,29.65043]]}},{"type":"Feature","id":"way/637438641","properties":{"kind":"road","name":"Southeast Depot Avenue"},"geometry":{"type":"LineString","coordinates":[[-82.32391,29.64488],[-82.32409,29.64483],[-82.3242,29.64479],[-82.3243,29.64477],[-82.32439,29.64475],[-82.32449,29.64473],[-82.32465,29.64469],[-82.3247,29.64469],[-82.32474,29.64468],[-82.32478,29.64469],[-82.32484,29.64469]]}},{"type":"Feature","id":"way/637438649","properties":{"kind":"road","name":"Southwest 9th Road"},"geometry":{"type":"LineString","coordinates":[[-82.33596,29.64308],[-82.33599,29.64307],[-82.33603,29.64306],[-82.33609,29.64305],[-82.33624,29.64304],[-82.33629,29.64302]]}},{"type":"Feature","id":"way/637438652","properties":{"kind":"road","name":"Southwest 6th Street"},"geometry":{"type":"LineString","coordinates":[[-82.33128,29.64426],[-82.33128,29.64409]]}},{"type":"Feature","id":"way/637438655","properties":{"kind":"road","name":""},"geometry":{"type":"LineString","coordinates":[[-82.33156,29.64349],[-82.33232,29.64335],[-82.3331,29.64321],[-82.33361,29.64312]]}},{"type":"Feature","id":"way/637438656","properties":{"kind":"road","name":"Southwest Depot Avenue"},"geometry":{"type":"LineString","coordinates":[[-82.32655,29.64435],[-82.32728,29.64422],[-82.32814,29.64408],[-82.32955,29.64384],[-82.33018,29.64372],[-82.33034,29.64369],[-82.33084,29.6436]]}},{"type":"Feature","id":"way/637438660","properties":{"kind":"road","name":"Southwest Depot Avenue"},"geometry":{"type":"LineString","coordinates":[[-82.32523,29.6446],[-82.32533,29.64455],[-82.32534,29.64455],[-82.32545,29.64453],[-82.32596,29.64444]]}},{"type":"Feature","id":"way/637438662","properties":{"kind":"road","name":"South Main Street"},"geometry":{"type":"LineString","coordinates":[[-82.32526,29.64397],[-82.32526,29.64395],[-82.32536,29.6437],[-82.32545,29.64342],[-82.32553,29.64321],[-82.32557,29.64306],[-82.32562,29.64291],[-82.32564,29.64283],[-82.32567,29.64271],[-82.3257,29.64258],[-82.32573,29.64244],[-82.32576,29.6423],[-82.32579,29.64216],[-82.32583,29.64192],[-82.3258,29.64184]]}},{"type":"Feature","id":"way/637438667","properties":{"kind":"road","name":"South Main Street"},"geometry":{"type":"LineString","coordinates":[[-82.32492,29.64496],[-82.32493,29.64513],[-82.32496,29.64522]]}},{"type":"Feature","id":"way/637438674","properties":{"kind":"road","name":"Southeast Depot Avenue"},"geometry":{"type":"LineString","coordinates":[[-82.32479,29.64454],[-82.32475,29.64458],[-82.3247,29.6446],[-82.32467,29.64461],[-82.32462,29.64463],[-82.32458,29.64464]]}},{"type":"Feature","id":"way/649460546","properties":{"kind":"road","name":"Northeast 8th Avenue"},"geometry":{"type":"LineString","coordinates":[[-82.32393,29.65924],[-82.32405,29.65924],[-82.32429,29.65924],[-82.32446,29.65924],[-82.3245,29.65924],[-82.32481,29.65924],[-82.32498,29.65921]]}},{"type":"Feature","id":"way/649460548","properties":{"kind":"road","name":"Northeast 8th Avenue"},"geometry":{"type":"LineString","coordinates":[[-82.32405,29.65916],[-82.32393,29.65924]]}},{"type":"Feature","id":"way/649460550","properties":{"kind":"road","name":"Northeast 8th Avenue"},"geometry":{"type":"LineString","coordinates":[[-82.32437,29.65915],[-82.32405,29.65916]]}},{"type":"Feature","id":"way/654526305","properties":{"kind":"water","name":""},"geometry":{"type":"Polygon","coordinates":[[[-82.36277,29.62976],[-82.36272,29.62973],[-82.3627,29.62967],[-82.36272,29.62961],[-82.36275,29.62955],[-82.3628,29.6295],[-82.36289,29.62947],[-82.36296,29.62946],[-82.36301,29.62947],[-82.36304,29.62946],[-82.36308,29.62944],[-82.3631,29.62944],[-82.36312,29.62946],[-82.36313,29.62949],[-82.36314,29.62952],[-82.36318,29.62955],[-82.36319,29.62958],[-82.36318,29.6296],[-82.36318,29.62963],[-82.36305,29.62965],[-82.36299,29.62965],[-82.36291,29.62968],[-82.36287,29.62972],[-82.36283,29.62974],[-82.36277,29.62976]]]}},{"type":"Feature","id":"way/674162754","properties":{"kind":"green","name":"Garden of Hope"},"geometry":{"type":"Polygon","coordinates":[[[-82.3415,29.63814],[-82.34143,29.63811],[-82.34134,29.63808],[-82.34125,29.63807],[-82.34115,29.63807],[-82.34104,29.63809],[-82.34096,29.63812],[-82.34088,29.63816],[-82.34082,29.63821],[-82.34076,29.63828],[-82.34072,29.63835],[-82.3407,29.63844],[-82.3407,29.63851],[-82.3407,29.63856],[-82.34074,29.63866],[-82.34082,29.63877],[-82.34094,29.63891],[-82.34102,29.63897],[-82.3411,29.63905],[-82.34116,29.63909],[-82.3412,29.63912],[-82.34126,29.63914],[-82.3413,29.63915],[-82.34135,29.63916],[-82.34141,29.63915],[-82.34147,29.63914],[-82.34153,29.63912],[-82.34158,29.63909],[-82.34163,29.63905],[-82.34166,29.63901],[-82.34169,29.63894],[-82.3417,29.63886],[-82.3417,29.63879],[-82.34169,29.63871],[-82.34169,29.63866],[-82.34165,29.63848],[-82.34164,29.63839],[-82.34161,29.63827],[-82.34158,29.63821],[-82.34155,29.63818],[-82.3415,29.63814]]]}},{"type":"Feature","id":"way/699558780","properties":{"kind":"road","name":"Southwest 24th Avenue"},"geometry":{"type":"LineString","coordinates":[[-82.3759,29.63033],[-82.37599,29.63036],[-82.37618,29.63036],[-82.37636,29.63036],[-82.37661,29.63034],[-82.37674,29.63034],[-82.37738,29.63029],[-82.3775,29.63028],[-82.37768,29.63027],[-82.37776,29.63027],[-82.37786,29.63026],[-82.37801,29.63026],[-82.37879,29.63026],[-82.37963,29.63026],[-82.38023,29.63027],[-82.38042,29.63027],[-82.38049,29.63027]]}},{"type":"Feature","id":"way/699600301","properties":{"kind":"road","name":"Northwest 16th Avenue"},"geometry":{"type":"LineString","coordinates":[[-82.34766,29.66677],[-82.34851,29.66678],[-82.34881,29.66678],[-82.34994,29.66678],[-82.35138,29.66678],[-82.35232,29.66679],[-82.35268,29.66679],[-82.35287,29.66679],[-82.35302,29.66679],[-82.35387,29.6668],[-82.35432,29.6668],[-82.35577,29.66681],[-82.35647,29.66681],[-82.35738,29.6668],[-82.35775,29.66681],[-82.35847,29.66681],[-82.35939,29.66681],[-82.35977,29.66681],[-82.36002,29.66681],[-82.36067,29.66681]]}},{"type":"Feature","id":"way/702299219","properties":{"kind":"road","name":"South Main Street"},"geometry":{"type":"LineString","coordinates":[[-82.32602,29.64028],[-82.32604,29.64016],[-82.32611,29.63974],[-82.32613,29.63963],[-82.32615,29.63954],[-82.32619,29.63941],[-82.3262,29.63934],[-82.32627,29.63912],[-82.32638,29.63882],[-82.32642,29.6387],[-82.32649,29.63852],[-82.32654,29.63838]]}},{"type":"Feature","id":"way/702299220","properties":{"kind":"road","name":""},"geometry":{"type":"LineString","coordinates":[[-82.31802,29.64572],[-82.318,29.6457],[-82.31797,29.64568],[-82.31793,29.64568],[-82.31789,29.64568],[-82.31786,29.6457],[-82.31784,29.64572],[-82.31782,29.64574]]}},{"type":"Feature","id":"way/702299221","properties":{"kind":"road","name":""},"geometry":{"type":"LineString","coordinates":[[-82.32581,29.64071],[-82.32579,29.64073],[-82.32577,29.64076],[-82.32577,29.64079],[-82.32577,29.64082]]}},{"type":"Feature","id":"way/702299223","properties":{"kind":"road","name":""},"geometry":{"type":"LineString","coordinates":[[-82.33101,29.64825],[-82.33102,29.64828],[-82.33103,29.6483],[-82.33105,29.64831],[-82.33106,29.64832],[-82.33109,29.64834],[-82.33113,29.64834],[-82.33116,29.64834],[-82.3312,29.64834],[-82.33122,29.64832],[-82.33125,29.6483],[-82.33127,29.64827],[-82.33128,29.64823],[-82.33128,29.64821],[-82.33127,29.64818],[-82.33126,29.64816],[-82.33124,29.64814],[-82.33121,29.64812],[-82.33117,29.64811],[-82.33112,29.64811],[-82.33109,29.64812],[-82.33105,29.64813],[-82.33103,29.64816],[-82.33101,29.64819],[-82.331,29.64822],[-82.33101,29.64825]]}},{"type":"Feature","id":"way/751518034","properties":{"kind":"road","name":"Southwest 13th Street"},"geometry":{"type":"LineString","coordinates":[[-82.33932,29.63752],[-82.33932,29.63773]]}},{"type":"Feature","id":"way/751518035","properties":{"kind":"road","name":"Southwest 13th Street"},"geometry":{"type":"LineString","coordinates":[[-82.33932,29.63735],[-82.33932,29.63752]]}},{"type":"Feature","id":"way/751518036","properties":{"kind":"road","name":"Southwest 13th Street"},"geometry":{"type":"LineString","coordinates":[[-82.33931,29.63799],[-82.33931,29.6381],[-82.33931,29.63865],[-82.33931,29.63872]]}},{"type":"Feature","id":"way/751518037","properties":{"kind":"road","name":"Southwest 13th Street"},"geometry":{"type":"LineString","coordinates":[[-82.33931,29.63786],[-82.33931,29.63799]]}},{"type":"Feature","id":"way/751802676","properties":{"kind":"road","name":"Northwest 13th Street"},"geometry":{"type":"LineString","coordinates":[[-82.33916,29.66439],[-82.33916,29.66465],[-82.33916,29.66488],[-82.33916,29.66511],[-82.33916,29.66552],[-82.33916,29.6657],[-82.33916,29.66582],[-82.33916,29.66623]]}},{"type":"Feature","id":"way/751802677","properties":{"kind":"road","name":"Northwest 13th Street"},"geometry":{"type":"LineString","coordinates":[[-82.33916,29.66422],[-82.33916,29.66439]]}},{"type":"Feature","id":"way/753206808","properties":{"kind":"road","name":"Southeast Second Avenue"},"geometry":{"type":"LineString","coordinates":[[-82.32244,29.65025],[-82.32235,29.65025]]}},{"type":"Feature","id":"way/753206809","properties":{"kind":"road","name":"Southeast 3rd Street"},"geometry":{"type":"LineString","coordinates":[[-82.32244,29.65025],[-82.32244,29.65019],[-82.32244,29.65007],[-82.32244,29.64995],[-82.32239,29.64988]]}},{"type":"Feature","id":"way/753206810","properties":{"kind":"road","name":"Southeast 3rd Street"},"geometry":{"type":"LineString","coordinates":[[-82.32244,29.65032],[-82.32244,29.65025]]}},{"type":"Feature","id":"way/753206811","properties":{"kind":"road","name":"Southeast 3rd Street"},"geometry":{"type":"LineString","coordinates":[[-82.32239,29.65066],[-82.32244,29.65059],[-82.32244,29.65037],[-82.32244,29.65032]]}},{"type":"Feature","id":"way/753212282","properties":{"kind":"road","name":"Southwest 4th Avenue"},"geometry":{"type":"LineString","coordinates":[[-82.33413,29.64846],[-82.33451,29.64846],[-82.33455,29.64842]]}},{"type":"Feature","id":"way/753212283","properties":{"kind":"road","name":"Southwest 4th Avenue"},"geometry":{"type":"LineString","coordinates":[[-82.33381,29.6484],[-82.33359,29.64839],[-82.33339,29.64837],[-82.33327,29.64836]]}},{"type":"Feature","id":"way/753212284","properties":{"kind":"road","name":"Southwest 4th Avenue"},"geometry":{"type":"LineString","coordinates":[[-82.33327,29.64836],[-82.33308,29.64833],[-82.33299,29.64837]]}},{"type":"Feature","id":"way/753212285","properties":{"kind":"road","name":"Southwest 4th Avenue"},"geometry":{"type":"LineString","coordinates":[[-82.33299,29.64837],[-82.33305,29.64839],[-82.33309,29.6484],[-82.33331,29.64842],[-82.33335,29.64843],[-82.3337,29.64846],[-82.33381,29.64846],[-82.33387,29.64846],[-82.33413,29.64846]]}},{"type":"Feature","id":"way/753281136","properties":{"kind":"road","name":"West University Avenue"},"geometry":{"type":"LineString","coordinates":[[-82.34782,29.65208],[-82.34771,29.65203],[-82.34668,29.65204]]}},{"type":"Feature","id":"way/753281137","properties":{"kind":"road","name":"West University Avenue"},"geometry":{"type":"LineString","coordinates":[[-82.34475,29.65203],[-82.34467,29.65203],[-82.34453,29.65203],[-82.34428,29.65203],[-82.34368,29.65203]]}},{"type":"Feature","id":"way/753281138","properties":{"kind":"road","name":"West University Avenue"},"geometry":{"type":"LineString","coordinates":[[-82.34859,29.65209],[-82.34861,29.65209],[-82.34903,29.65209],[-82.34952,29.6521],[-82.34958,29.6521],[-82.3497,29.6521]]}},{"type":"Feature","id":"way/753285854","properties":{"kind":"road","name":"West University Avenue"},"geometry":{"type":"LineString","coordinates":[[-82.34668,29.65204],[-82.34642,29.65204],[-82.34638,29.65204],[-82.34633,29.65204],[-82.34629,29.65204]]}},{"type":"Feature","id":"way/753285855","properties":{"kind":"road","name":"West University Avenue"},"geometry":{"type":"LineString","coordinates":[[-82.34629,29.65204],[-82.34626,29.65204],[-82.34622,29.65204],[-82.34604,29.65204],[-82.34513,29.65203]]}},{"type":"Feature","id":"way/753285856","properties":{"kind":"road","name":"West University Avenue"},"geometry":{"type":"LineString","coordinates":[[-82.34513,29.65203],[-82.34488,29.65203],[-82.34484,29.65203],[-82.34475,29.65203]]}},{"type":"Feature","id":"way/753285857","properties":{"kind":"road","name":"West University Avenue"},"geometry":{"type":"LineString","coordinates":[[-82.34368,29.65203],[-82.34353,29.65203],[-82.3435,29.65203],[-82.34324,29.65203]]}},{"type":"Feature","id":"way/753285858","properties":{"kind":"road","name":"West University Avenue"},"geometry":{"type":"LineString","coordinates":[[-82.34324,29.65203],[-82.34231,29.65203]]}},{"type":"Feature","id":"way/753285859","properties":{"kind":"road","name":"West University Avenue"},"geometry":{"type":"LineString","coordinates":[[-82.34231,29.65203],[-82.34204,29.65203],[-82.34189,29.65202],[-82.3418,29.65202]]}},{"type":"Feature","id":"way/753285860","properties":{"kind":"road","name":"West University Avenue"},"geometry":{"type":"LineString","coordinates":[[-82.3418,29.65202],[-82.34172,29.65202],[-82.34101,29.65202]]}},{"type":"Feature","id":"way/753285861","properties":{"kind":"road","name":"West University Avenue"},"geometry":{"type":"LineString","coordinates":[[-82.34101,29.65202],[-82.34073,29.65202],[-82.34038,29.65202]]}},{"type":"Feature","id":"way/753285862","properties":{"kind":"road","name":"West University Avenue"},"geometry":{"type":"LineString","coordinates":[[-82.34038,29.65202],[-82.33948,29.65202],[-82.33938,29.65202]]}},{"type":"Feature","id":"way/753285863","properties":{"kind":"road","name":"West University Avenue"},"geometry":{"type":"LineString","coordinates":[[-82.34423,29.65211],[-82.34427,29.65211],[-82.34464,29.65211],[-82.34468,29.65211],[-82.34476,29.65211]]}},{"type":"Feature","id":"way/753285864","properties":{"kind":"road","name":"West University Avenue"},"geometry":{"type":"LineString","coordinates":[[-82.34594,29.65212],[-82.34618,29.65212],[-82.34621,29.65212],[-82.34626,29.65212],[-82.34629,29.65212]]}},{"type":"Feature","id":"way/753285865","properties":{"kind":"road","name":"West University Avenue"},"geometry":{"type":"LineString","coordinates":[[-82.34629,29.65212],[-82.34637,29.65212],[-82.34646,29.65212],[-82.34676,29.65212],[-82.34703,29.65212],[-82.34713,29.65212],[-82.34757,29.65213]]}},{"type":"Feature","id":"way/753936391","properties":{"kind":"road","name":"Southwest 34th Street"},"geometry":{"type":"LineString","coordinates":[[-82.3723,29.65034],[-82.3723,29.65043]]}},{"type":"Feature","id":"way/753936392","properties":{"kind":"road","name":"Southwest 34th Street"},"geometry":{"type":"LineString","coordinates":[[-82.37244,29.65044],[-82.37244,29.65034]]}},{"type":"Feature","id":"way/753936398","properties":{"kind":"road","name":"Southwest 2nd Avenue"},"geometry":{"type":"LineString","coordinates":[[-82.37583,29.65082],[-82.37637,29.65093]]}},{"type":"Feature","id":"way/753936401","properties":{"kind":"road","name":"Southwest 2nd Avenue"},"geometry":{"type":"LineString","coordinates":[[-82.3748,29.65065],[-82.37508,29.65069]]}},{"type":"Feature","id":"way/753936402","properties":{"kind":"road","name":"Southwest 2nd Avenue"},"geometry":{"type":"LineString","coordinates":[[-82.37426,29.65056],[-82.3748,29.65065]]}},{"type":"Feature","id":"way/753936403","properties":{"kind":"road","name":"Southwest 2nd Avenue"},"geometry":{"type":"LineString","coordinates":[[-82.37244,29.65044],[-82.37255,29.65044],[-82.37261,29.65044],[-82.37306,29.65046],[-82.37329,29.65047]]}},{"type":"Feature","id":"way/753936404","properties":{"kind":"road","name":"Southwest 2nd Avenue"},"geometry":{"type":"LineString","coordinates":[[-82.37142,29.65042],[-82.3717,29.65042]]}},{"type":"Feature","id":"way/753936405","properties":{"kind":"road","name":"Southwest 2nd Avenue"},"geometry":{"type":"LineString","coordinates":[[-82.37244,29.65034],[-82.3723,29.65034]]}},{"type":"Feature","id":"way/753936406","properties":{"kind":"road","name":"Southwest 2nd Avenue"},"geometry":{"type":"LineString","coordinates":[[-82.37312,29.65038],[-82.37254,29.65035],[-82.37244,29.65034]]}},{"type":"Feature","id":"way/753936408","properties":{"kind":"road","name":"Southwest 2nd Avenue"},"geometry":{"type":"LineString","coordinates":[[-82.37481,29.65055],[-82.37426,29.65047],[-82.37354,29.6504],[-82.37312,29.65038]]}},{"type":"Feature","id":"way/753936409","properties":{"kind":"road","name":"Southwest 2nd Avenue"},"geometry":{"type":"LineString","coordinates":[[-82.37511,29.65059],[-82.37481,29.65055]]}},{"type":"Feature","id":"way/753936411","properties":{"kind":"road","name":"Southwest 2nd Avenue"},"geometry":{"type":"LineString","coordinates":[[-82.37662,29.65089],[-82.3765,29.65086],[-82.37639,29.65084],[-82.37595,29.65075]]}},{"type":"Feature","id":"way/753936414","properties":{"kind":"road","name":"Southwest 2nd Avenue"},"geometry":{"type":"LineString","coordinates":[[-82.3723,29.65034],[-82.3722,29.65034],[-82.37145,29.65034],[-82.37127,29.65034],[-82.3712,29.65038]]}},{"type":"Feature","id":"way/754244539","properties":{"kind":"road","name":"Southwest 24th Avenue"},"geometry":{"type":"LineString","coordinates":[[-82.37521,29.63031],[-82.37541,29.63031]]}},{"type":"Feature","id":"way/754244540","properties":{"kind":"road","name":"Southwest 24th Avenue"},"geometry":{"type":"LineString","coordinates":[[-82.37521,29.63031],[-82.37514,29.63027],[-82.37443,29.63025],[-82.37438,29.63028]]}},{"type":"Feature","id":"way/754244541","properties":{"kind":"road","name":"Southwest 24th Avenue"},"geometry":{"type":"LineString","coordinates":[[-82.37541,29.63031],[-82.37578,29.63032],[-82.3759,29.63033]]}},{"type":"Feature","id":"way/754244542","properties":{"kind":"road","name":"Southwest 24th Avenue"},"geometry":{"type":"LineString","coordinates":[[-82.37438,29.63028],[-82.37442,29.63031],[-82.37479,29.63032],[-82.37497,29.63033],[-82.37514,29.63034],[-82.37521,29.63031]]}},{"type":"Feature","id":"way/754285090","properties":{"kind":"road","name":"West University Avenue"},"geometry":{"type":"LineString","coordinates":[[-82.35421,29.65208],[-82.35407,29.65206],[-82.35377,29.65205],[-82.35364,29.65205]]}},{"type":"Feature","id":"way/754285092","properties":{"kind":"road","name":"West University Avenue"},"geometry":{"type":"LineString","coordinates":[[-82.35215,29.65212],[-82.35223,29.65212]]}},{"type":"Feature","id":"way/754285093","properties":{"kind":"road","name":"West University Avenue"},"geometry":{"type":"LineString","coordinates":[[-82.35278,29.65212],[-82.35287,29.65212],[-82.35326,29.65212]]}},{"type":"Feature","id":"way/754285094","properties":{"kind":"road","name":"West University Avenue"},"geometry":{"type":"LineString","coordinates":[[-82.35364,29.65213],[-82.35413,29.65213],[-82.35421,29.65208]]}},{"type":"Feature","id":"way/754285095","properties":{"kind":"road","name":"Southwest 2nd Avenue"},"geometry":{"type":"LineString","coordinates":[[-82.3522,29.65174],[-82.35215,29.65179],[-82.35215,29.65195],[-82.35215,29.65198],[-82.35215,29.65204]]}},{"type":"Feature","id":"way/754285097","properties":{"kind":"road","name":"Northwest 21st Terrace"},"geometry":{"type":"LineString","coordinates":[[-82.35215,29.65204],[-82.35215,29.65212]]}},{"type":"Feature","id":"way/754285098","properties":{"kind":"road","name":"Northwest 21st Terrace"},"geometry":{"type":"LineString","coordinates":[[-82.35223,29.65212],[-82.35223,29.65204]]}},{"type":"Feature","id":"way/754285099","properties":{"kind":"road","name":"West University Avenue"},"geometry":{"type":"LineString","coordinates":[[-82.35223,29.65204],[-82.35215,29.65204]]}},{"type":"Feature","id":"way/754836213","properties":{"kind":"road","name":"West University Avenue"},"geometry":{"type":"LineString","coordinates":[[-82.33938,29.65202],[-82.33926,29.65206]]}},{"type":"Feature","id":"way/754836214","properties":{"kind":"road","name":"Southwest 13th Street"},"geometry":{"type":"LineString","coordinates":[[-82.33938,29.65211],[-82.33938,29.65202]]}},{"type":"Feature","id":"way/755194164","properties":{"kind":"road","name":"Southwest 16th Avenue"},"geometry":{"type":"LineString","coordinates":[[-82.33066,29.63632],[-82.33053,29.63631],[-82.33023,29.63629],[-82.33,29.63627],[-82.32983,29.63626]]}},{"type":"Feature","id":"way/755194165","properties":{"kind":"road","name":"Southwest 16th Avenue"},"geometry":{"type":"LineString","coordinates":[[-82.33275,29.63646],[-82.33264,29.63645],[-82.33091,29.63634],[-82.33066,29.63632]]}},{"type":"Feature","id":"way/755194166","properties":{"kind":"road","name":"Southwest 16th Avenue"},"geometry":{"type":"LineString","coordinates":[[-82.33319,29.6365],[-82.33275,29.63646]]}},{"type":"Feature","id":"way/755194167","properties":{"kind":"road","name":"Southwest 16th Avenue"},"geometry":{"type":"LineString","coordinates":[[-82.33442,29.63663],[-82.33427,29.63657],[-82.33399,29.63654],[-82.33319,29.6365]]}},{"type":"Feature","id":"way/755194168","properties":{"kind":"road","name":"Southwest 16th Avenue"},"geometry":{"type":"LineString","coordinates":[[-82.33205,29.63653],[-82.33273,29.63658]]}},{"type":"Feature","id":"way/755194169","properties":{"kind":"road","name":"Southwest 16th Avenue"},"geometry":{"type":"LineString","coordinates":[[-82.33273,29.63658],[-82.33426,29.63669]]}},{"type":"Feature","id":"way/755194170","properties":{"kind":"road","name":"Southwest 16th Avenue"},"geometry":{"type":"LineString","coordinates":[[-82.33426,29.63669],[-82.33442,29.63663]]}},{"type":"Feature","id":"way/755194171","properties":{"kind":"road","name":"Southwest 16th Avenue"},"geometry":{"type":"LineString","coordinates":[[-82.32897,29.63626],[-82.32905,29.63632]]}},{"type":"Feature","id":"way/755194172","properties":{"kind":"road","name":"Southwest 16th Avenue"},"geometry":{"type":"LineString","coordinates":[[-82.32983,29.63626],[-82.32968,29.63625],[-82.32909,29.6362],[-82.32897,29.63626]]}},{"type":"Feature","id":"way/755818271","properties":{"kind":"road","name":"Southwest 2nd Avenue"},"geometry":{"type":"LineString","coordinates":[[-82.37088,29.65038],[-82.3712,29.65038]]}},{"type":"Feature","id":"way/755818272","properties":{"kind":"road","name":"Southwest 2nd Avenue"},"geometry":{"type":"LineString","coordinates":[[-82.3712,29.65038],[-82.37126,29.65042],[-82.37142,29.65042]]}},{"type":"Feature","id":"way/755835135","properties":{"kind":"road","name":"Southwest 24th Avenue"},"geometry":{"type":"LineString","coordinates":[[-82.37263,29.6303],[-82.37275,29.6303],[-82.37306,29.6303],[-82.37311,29.63027]]}},{"type":"Feature","id":"way/755835136","properties":{"kind":"road","name":"Southwest 24th Avenue"},"geometry":{"type":"LineString","coordinates":[[-82.37311,29.63027],[-82.37306,29.63025],[-82.3728,29.63025],[-82.37278,29.63025],[-82.37275,29.63024],[-82.37271,29.63022],[-82.37263,29.63017]]}},{"type":"Feature","id":"way/755835140","properties":{"kind":"road","name":"Southwest 24th Avenue"},"geometry":{"type":"LineString","coordinates":[[-82.38045,29.63018],[-82.38035,29.63018],[-82.37961,29.63018],[-82.37917,29.63018],[-82.37877,29.63018],[-82.37795,29.63018],[-82.3775,29.63021],[-82.37738,29.63021],[-82.37675,29.63026],[-82.3766,29.63027],[-82.37637,29.63028],[-82.37617,29.63029],[-82.37599,29.63029],[-82.3759,29.63033]]}},{"type":"Feature","id":"way/756768269","properties":{"kind":"road","name":"Northwest 13th Street"},"geometry":{"type":"LineString","coordinates":[[-82.33918,29.65368],[-82.33918,29.65376],[-82.33918,29.65383],[-82.33918,29.65387],[-82.33918,29.65392]]}},{"type":"Feature","id":"way/756768273","properties":{"kind":"road","name":""},"geometry":{"type":"LineString","coordinates":[[-82.33512,29.65015],[-82.33509,29.65014],[-82.33506,29.65014],[-82.33504,29.65014],[-82.33502,29.65015]]}},{"type":"Feature","id":"way/756768276","properties":{"kind":"road","name":"Southwest 4th Avenue"},"geometry":{"type":"LineString","coordinates":[[-82.33153,29.64832],[-82.33195,29.64832],[-82.3322,29.64832],[-82.33225,29.64832],[-82.33234,29.64832]]}},{"type":"Feature","id":"way/756768277","properties":{"kind":"road","name":"Southwest 4th Avenue"},"geometry":{"type":"LineString","coordinates":[[-82.33153,29.64832],[-82.33146,29.6483],[-82.33141,29.6483],[-82.33138,29.64829],[-82.33133,29.64827],[-82.33128,29.64823]]}},{"type":"Feature","id":"way/756768280","properties":{"kind":"road","name":"Southwest 6th Street"},"geometry":{"type":"LineString","coordinates":[[-82.33126,29.6476],[-82.33127,29.64755],[-82.33127,29.64731],[-82.33127,29.64719]]}},{"type":"Feature","id":"way/756768282","properties":{"kind":"road","name":"Southwest 6th Street"},"geometry":{"type":"LineString","coordinates":[[-82.33122,29.64785],[-82.33122,29.64791],[-82.33121,29.64798],[-82.3312,29.64801],[-82.33118,29.64804],[-82.33117,29.64806],[-82.33112,29.64811]]}},{"type":"Feature","id":"way/756768286","properties":{"kind":"road","name":"Southwest 6th Street"},"geometry":{"type":"LineString","coordinates":[[-82.33116,29.64834],[-82.33112,29.6484],[-82.33109,29.64845],[-82.33106,29.64855]]}},{"type":"Feature","id":"way/756768287","properties":{"kind":"road","name":"Southwest 6th Street"},"geometry":{"type":"LineString","coordinates":[[-82.33105,29.64831],[-82.33104,29.64835],[-82.33104,29.64838],[-82.33103,29.64843],[-82.33099,29.64859]]}},{"type":"Feature","id":"way/756768288","properties":{"kind":"road","name":"Southwest 4th Avenue"},"geometry":{"type":"LineString","coordinates":[[-82.33103,29.6483],[-82.33097,29.64832],[-82.33089,29.64834],[-82.33086,29.64834],[-82.33082,29.64835],[-82.33075,29.64832]]}},{"type":"Feature","id":"way/756768289","properties":{"kind":"road","name":"Southwest 4th Avenue"},"geometry":{"type":"LineString","coordinates":[[-82.33075,29.64832],[-82.33081,29.64829],[-82.33085,29.64829],[-82.33088,29.64828],[-82.33093,29.64827],[-82.33097,29.64825],[-82.331,29.64822]]}},{"type":"Feature","id":"way/756769765","properties":{"kind":"road","name":"Southwest 6th Street"},"geometry":{"type":"LineString","coordinates":[[-82.33094,29.64897],[-82.33095,29.6489],[-82.33097,29.64876],[-82.331,29.64866]]}},{"type":"Feature","id":"way/756769766","properties":{"kind":"road","name":"Southwest 6th Street"},"geometry":{"type":"LineString","coordinates":[[-82.33085,29.64948],[-82.3309,29.64936],[-82.33095,29.64907],[-82.33094,29.64897]]}},{"type":"Feature","id":"way/756769767","properties":{"kind":"road","name":"Southwest 6th Street"},"geometry":{"type":"LineString","coordinates":[[-82.33094,29.64897],[-82.33089,29.64906],[-82.33084,29.64935],[-82.33085,29.64948]]}},{"type":"Feature","id":"way/756773587","properties":{"kind":"road","name":"Southeast 2nd Avenue"},"geometry":{"type":"LineString","coordinates":[[-82.3183,29.65015],[-82.31793,29.65008],[-82.31785,29.65007]]}},{"type":"Feature","id":"way/756773588","properties":{"kind":"road","name":"Southeast 2nd Avenue"},"geometry":{"type":"LineString","coordinates":[[-82.31512,29.64999],[-82.31498,29.64999],[-82.31447,29.64999],[-82.31395,29.65002],[-82.31334,29.65006],[-82.31314,29.65006],[-82.3126,29.65005],[-82.31243,29.65005],[-82.312,29.65004],[-82.31164,29.65004],[-82.31154,29.65003]]}},{"type":"Feature","id":"way/756773589","properties":{"kind":"road","name":""},"geometry":{"type":"LineString","coordinates":[[-82.31794,29.64829],[-82.31796,29.64828]]}},{"type":"Feature","id":"way/756773590","properties":{"kind":"road","name":"Southeast 4th Avenue"},"geometry":{"type":"LineString","coordinates":[[-82.31796,29.64828],[-82.318,29.64828],[-82.31804,29.64828],[-82.31809,29.64827],[-82.31815,29.64824]]}},{"type":"Feature","id":"way/756773594","properties":{"kind":"road","name":"Southeast 4th Avenue"},"geometry":{"type":"LineString","coordinates":[[-82.31762,29.64824],[-82.31771,29.64826],[-82.31778,29.64827],[-82.31781,29.64827],[-82.31783,29.64827],[-82.31786,29.64827]]}},{"type":"Feature","id":"way/756773595","properties":{"kind":"road","name":"Southeast 4th Avenue"},"geometry":{"type":"LineString","coordinates":[[-82.31786,29.64821],[-82.31783,29.64821],[-82.31778,29.64821],[-82.31771,29.64822],[-82.31762,29.64824]]}},{"type":"Feature","id":"way/756773596","properties":{"kind":"road","name":"Southeast 4th Avenue"},"geometry":{"type":"LineString","coordinates":[[-82.31815,29.64824],[-82.31809,29.64823],[-82.31801,29.64822],[-82.318,29.64822],[-82.31797,29.64821]]}},{"type":"Feature","id":"way/756778045","properties":{"kind":"road","name":"Southeast 3rd Street"},"geometry":{"type":"LineString","coordinates":[[-82.32237,29.64882],[-82.32233,29.64894],[-82.32234,29.64925],[-82.32237,29.64932]]}},{"type":"Feature","id":"way/756778046","properties":{"kind":"road","name":"South Main Street"},"geometry":{"type":"LineString","coordinates":[[-82.3258,29.64184],[-82.32576,29.64191],[-82.32574,29.64201]]}},{"type":"Feature","id":"way/756778047","properties":{"kind":"road","name":"South Main Street"},"geometry":{"type":"LineString","coordinates":[[-82.32501,29.645],[-82.32502,29.64486],[-82.32506,29.64475]]}},{"type":"Feature","id":"way/756778048","properties":{"kind":"road","name":"Northwest 8th Avenue"},"geometry":{"type":"LineString","coordinates":[[-82.32949,29.65943],[-82.32979,29.65943],[-82.32995,29.65943],[-82.33014,29.65943],[-82.3302,29.65943]]}},{"type":"Feature","id":"way/756778049","properties":{"kind":"road","name":"Northwest 8th Avenue"},"geometry":{"type":"LineString","coordinates":[[-82.32919,29.65943],[-82.32905,29.65939],[-82.3289,29.65938],[-82.32881,29.65942]]}},{"type":"Feature","id":"way/757110855","properties":{"kind":"road","name":"Southwest 9th Road"},"geometry":{"type":"LineString","coordinates":[[-82.33629,29.64302],[-82.33623,29.643],[-82.3362,29.643],[-82.33615,29.643],[-82.33611,29.64299],[-82.33605,29.64297],[-82.33601,29.64295],[-82.33597,29.64293]]}},{"type":"Feature","id":"way/759639924","properties":{"kind":"road","name":"Archer Road"},"geometry":{"type":"LineString","coordinates":[[-82.35294,29.63586],[-82.35403,29.63547],[-82.35442,29.63533]]}},{"type":"Feature","id":"way/761621992","properties":{"kind":"road","name":"Northwest 6th Street"},"geometry":{"type":"LineString","coordinates":[[-82.3309,29.66181],[-82.33089,29.66209],[-82.33089,29.66224],[-82.33089,29.66235],[-82.33089,29.66292],[-82.33089,29.66299],[-82.33089,29.66329],[-82.33088,29.6635],[-82.33088,29.66375],[-82.33088,29.66459],[-82.33088,29.6648],[-82.33087,29.66529],[-82.33087,29.66544],[-82.33087,29.66571],[-82.33087,29.66603]]}},{"type":"Feature","id":"way/764883418","properties":{"kind":"road","name":"Southwest 16th Avenue"},"geometry":{"type":"LineString","coordinates":[[-82.33582,29.63658],[-82.33612,29.63655],[-82.33617,29.63655],[-82.33669,29.63652],[-82.33711,29.63649],[-82.33742,29.63647],[-82.33767,29.63646],[-82.33773,29.63646],[-82.33776,29.63646],[-82.33799,29.63645],[-82.33845,29.63645]]}},{"type":"Feature","id":"way/775946609","properties":{"kind":"road","name":"Northeast 8th Avenue"},"geometry":{"type":"LineString","coordinates":[[-82.32311,29.65923],[-82.32235,29.65923],[-82.32161,29.65923],[-82.32144,29.65923],[-82.32122,29.65923],[-82.32101,29.65924],[-82.32088,29.65924],[-82.32017,29.65924],[-82.32011,29.65924],[-82.32006,29.65924],[-82.31942,29.65923],[-82.31936,29.65923],[-82.3193,29.65923],[-82.31907,29.65923],[-82.31888,29.65924],[-82.31868,29.65927],[-82.31853,29.65929],[-82.31839,29.65933],[-82.31825,29.65935],[-82.3181,29.65936],[-82.31791,29.65936],[-82.31767,29.65936]]}},{"type":"Feature","id":"way/778216897","properties":{"kind":"road","name":"Northwest 13th Street"},"geometry":{"type":"LineString","coordinates":[[-82.33909,29.66879],[-82.33909,29.66884],[-82.33909,29.66906],[-82.33915,29.66923]]}},{"type":"Feature","id":"way/778959590","properties":{"kind":"road","name":"Southeast Depot Avenue"},"geometry":{"type":"LineString","coordinates":[[-82.32205,29.64524],[-82.3221,29.64525],[-82.32223,29.64526],[-82.32232,29.64526]]}},{"type":"Feature","id":"way/785087363","properties":{"kind":"water","name":""},"geometry":{"type":"Polygon","coordinates":[[[-82.35775,29.62947],[-82.35765,29.62948],[-82.3575,29.62948],[-82.35738,29.62947],[-82.35727,29.62946],[-82.35724,29.62943],[-82.35723,29.62934],[-82.35724,29.62926],[-82.35726,29.62925],[-82.35746,29.62926],[-82.35756,29.62927],[-82.35769,29.62926],[-82.35779,29.62927],[-82.35788,29.62927],[-82.35805,29.62927],[-82.35814,29.62927],[-82.35818,29.62926],[-82.35819,29.62927],[-82.35818,29.62928],[-82.35812,29.6293],[-82.35805,29.62933],[-82.35794,29.62938],[-82.35783,29.62944],[-82.35775,29.62947]]]}},{"type":"Feature","id":"way/785102626","properties":{"kind":"water","name":""},"geometry":{"type":"Polygon","coordinates":[[[-82.34105,29.63878],[-82.34103,29.63874],[-82.34099,29.6387],[-82.34095,29.63866],[-82.34091,29.63862],[-82.34089,29.63858],[-82.34087,29.63855],[-82.34086,29.63852],[-82.34085,29.63848],[-82.34086,29.63845],[-82.34086,29.63842],[-82.34088,29.63841],[-82.34089,29.63837],[-82.34091,29.63835],[-82.34094,29.63833],[-82.34098,29.63832],[-82.34101,29.63832],[-82.34104,29.63833],[-82.34106,29.63835],[-82.34107,29.63839],[-82.34107,29.63841],[-82.34106,29.63844],[-82.34105,29.63847],[-82.34106,29.63851],[-82.34108,29.63853],[-82.3411,29.63854],[-82.34112,29.63855],[-82.34112,29.63857],[-82.34109,29.63858],[-82.34107,29.6386],[-82.34106,29.63861],[-82.34105,29.63862],[-82.34104,29.63864],[-82.34104,29.63866],[-82.34106,29.63868],[-82.34107,29.6387],[-82.34108,29.63872],[-82.34108,29.63874],[-82.34107,29.63876],[-82.34106,29.63877],[-82.34105,29.63878]]]}},{"type":"Feature","id":"way/818259556","properties":{"kind":"road","name":"West University Avenue"},"geometry":{"type":"LineString","coordinates":[[-82.35223,29.65212],[-82.35234,29.65212],[-82.35278,29.65212]]}},{"type":"Feature","id":"way/818259557","properties":{"kind":"road","name":"West University Avenue"},"geometry":{"type":"LineString","coordinates":[[-82.35215,29.65204],[-82.35205,29.65204],[-82.3515,29.65203],[-82.35098,29.65206],[-82.35084,29.65211]]}},{"type":"Feature","id":"way/824714901","properties":{"kind":"road","name":"Southwest 16th Avenue"},"geometry":{"type":"LineString","coordinates":[[-82.34092,29.63629],[-82.34055,29.63636],[-82.34044,29.63638]]}},{"type":"Feature","id":"way/826846080","properties":{"kind":"road","name":"Southeast Second Avenue"},"geometry":{"type":"LineString","coordinates":[[-82.32309,29.65024],[-82.32254,29.65025],[-82.32244,29.65025]]}},{"type":"Feature","id":"way/826850224","properties":{"kind":"road","name":"Southeast Second Avenue"},"geometry":{"type":"LineString","coordinates":[[-82.32383,29.65023],[-82.32353,29.65024],[-82.32309,29.65024]]}},{"type":"Feature","id":"way/826850225","properties":{"kind":"road","name":"Southeast 2nd Avenue"},"geometry":{"type":"LineString","coordinates":[[-82.32379,29.6503],[-82.32383,29.6503],[-82.32395,29.6503],[-82.32408,29.6503],[-82.32487,29.65031],[-82.325,29.65031]]}},{"type":"Feature","id":"way/826850226","properties":{"kind":"road","name":"Southeast 2nd Avenue"},"geometry":{"type":"LineString","coordinates":[[-82.32309,29.65031],[-82.32353,29.6503],[-82.32379,29.6503]]}},{"type":"Feature","id":"way/841164294","properties":{"kind":"road","name":"Archer Road"},"geometry":{"type":"LineString","coordinates":[[-82.36162,29.63241],[-82.36171,29.63237]]}},{"type":"Feature","id":"way/841164295","properties":{"kind":"road","name":"Southwest 23rd Street"},"geometry":{"type":"LineString","coordinates":[[-82.36161,29.63221],[-82.36158,29.63215]]}},{"type":"Feature","id":"way/847120727","properties":{"kind":"road","name":"Southwest 13th Street"},"geometry":{"type":"LineString","coordinates":[[-82.33927,29.63525],[-82.33927,29.63546],[-82.33927,29.63577]]}},{"type":"Feature","id":"way/848761136","properties":{"kind":"road","name":"Southeast 16th Avenue"},"geometry":{"type":"LineString","coordinates":[[-82.32648,29.63428],[-82.32637,29.63392],[-82.32616,29.63329],[-82.32606,29.63296],[-82.32604,29.63288],[-82.32602,29.63283],[-82.32593,29.63253],[-82.32579,29.63211],[-82.32567,29.63177],[-82.32551,29.63149],[-82.32531,29.63123],[-82.32509,29.63099],[-82.32505,29.63095],[-82.32476,29.63071],[-82.32445,29.63052],[-82.3243,29.63046],[-82.32421,29.63041],[-82.32416,29.63039],[-82.32374,29.63021],[-82.32328,29.62999]]}},{"type":"Feature","id":"way/855294262","properties":{"kind":"road","name":"Southeast 7th Avenue"},"geometry":{"type":"LineString","coordinates":[[-82.31381,29.64579],[-82.31229,29.64578],[-82.31211,29.64578],[-82.31168,29.64578],[-82.31159,29.64578],[-82.31145,29.64578],[-82.31136,29.64578],[-82.31052,29.64578],[-82.31045,29.64578],[-82.31002,29.64578],[-82.30982,29.64578],[-82.30959,29.64578],[-82.30923,29.64578],[-82.30914,29.64578],[-82.30867,29.64578],[-82.30793,29.64578],[-82.30723,29.64578],[-82.30653,29.64578],[-82.30597,29.64578],[-82.30586,29.64578]]}},{"type":"Feature","id":"way/860243729","properties":{"kind":"green","name":"Tigert Park"},"geometry":{"type":"Polygon","coordinates":[[[-82.3395,29.64867],[-82.34013,29.64868],[-82.34014,29.64902],[-82.34006,29.64907],[-82.33995,29.64907],[-82.33995,29.64903],[-82.33983,29.64903],[-82.33983,29.64907],[-82.33977,29.64907],[-82.33949,29.64907],[-82.3395,29.64867]]]}},{"type":"Feature","id":"way/863456046","properties":{"kind":"water","name":""},"geometry":{"type":"LineString","coordinates":[[-82.34714,29.64558],[-82.34714,29.64555],[-82.34711,29.6455],[-82.34708,29.64545],[-82.34701,29.64541],[-82.34692,29.64535],[-82.34686,29.64531],[-82.34678,29.64529]]}},{"type":"Feature","id":"way/864520975","properties":{"kind":"green","name":"Norman Park"},"geometry":{"type":"Polygon","coordinates":[[[-82.33917,29.64598],[-82.33917,29.64673],[-82.33918,29.64675],[-82.33918,29.64678],[-82.33919,29.64724],[-82.33917,29.64726],[-82.33905,29.64726],[-82.33895,29.64727],[-82.33884,29.6473],[-82.33869,29.64735],[-82.33846,29.64744],[-82.33837,29.64748],[-82.33819,29.64748],[-82.33818,29.64706],[-82.33822,29.64706],[-82.33822,29.64703],[-82.33828,29.64703],[-82.33828,29.64704],[-82.33834,29.64704],[-82.33834,29.64703],[-82.33839,29.64703],[-82.33846,29.64703],[-82.33851,29.64703],[-82.33858,29.64703],[-82.33858,29.647],[-82.33858,29.6469],[-82.33858,29.64684],[-82.33846,29.64684],[-82.33836,29.64684],[-82.33836,29.64675],[-82.33835,29.64636],[-82.33829,29.64636],[-82.33829,29.64614],[-82.33823,29.6461],[-82.33823,29.64592],[-82.33838,29.64596],[-82.33917,29.64598]]]}},{"type":"Feature","id":"way/867290277","properties":{"kind":"water","name":""},"geometry":{"type":"Polygon","coordinates":[[[-82.36711,29.6443],[-82.3671,29.64437],[-82.36707,29.64445],[-82.36704,29.64452],[-82.36701,29.64459],[-82.36697,29.64464],[-82.36694,29.6447],[-82.36692,29.64473],[-82.36686,29.64474],[-82.36679,29.64474],[-82.36665,29.64473],[-82.36655,29.64473],[-82.36647,29.64473],[-82.36637,29.6447],[-82.3663,29.64468],[-82.3662,29.64465],[-82.36606,29.64461],[-82.36593,29.64456],[-82.36582,29.64448],[-82.3657,29.64439],[-82.36561,29.64429],[-82.36558,29.64424],[-82.3656,29.64417],[-82.36569,29.64416],[-82.36579,29.64417],[-82.36594,29.64418],[-82.36605,29.64421],[-82.36617,29.64425],[-82.36626,29.6443],[-82.36632,29.64431],[-82.36638,29.64433],[-82.36645,29.64432],[-82.36652,29.64429],[-82.36656,29.64425],[-82.3666,29.64421],[-82.36663,29.64412],[-82.36668,29.64405],[-82.36672,29.64402],[-82.36678,29.644],[-82.36684,29.64401],[-82.36695,29.64401],[-82.36701,29.64404],[-82.36706,29.64408],[-82.36711,29.64414],[-82.36713,29.64418],[-82.36712,29.64425],[-82.36711,29.6443]]]}},{"type":"Feature","id":"way/867290313","properties":{"kind":"water","name":""},"geometry":{"type":"LineString","coordinates":[[-82.36345,29.64248],[-82.36368,29.64239],[-82.3637,29.64238],[-82.36372,29.64236],[-82.36372,29.64234],[-82.36372,29.64231],[-82.36372,29.64229],[-82.36372,29.64227],[-82.36373,29.64226],[-82.36374,29.64225],[-82.36378,29.64224],[-82.36381,29.64223],[-82.36384,29.64224],[-82.36387,29.64224],[-82.3639,29.64225],[-82.36395,29.64228],[-82.36398,29.64229],[-82.36401,29.6423]]}},{"type":"Feature","id":"way/867290314","properties":{"kind":"water","name":""},"geometry":{"type":"LineString","coordinates":[[-82.36401,29.6423],[-82.3641,29.64231],[-82.36423,29.64231],[-82.36427,29.64231],[-82.36431,29.64232],[-82.36433,29.64233],[-82.36434,29.64234],[-82.36443,29.64242]]}},{"type":"Feature","id":"way/911300705","properties":{"kind":"water","name":""},"geometry":{"type":"Polygon","coordinates":[[[-82.36507,29.64631],[-82.36503,29.64632],[-82.365,29.64634],[-82.36497,29.64636],[-82.36495,29.64638],[-82.36493,29.6464],[-82.3649,29.64641],[-82.36487,29.6464],[-82.36483,29.64638],[-82.36479,29.64635],[-82.36474,29.64631],[-82.36472,29.64627],[-82.36469,29.64624],[-82.36465,29.64618],[-82.36461,29.64615],[-82.36459,29.64612],[-82.36457,29.64608],[-82.36456,29.64605],[-82.36457,29.64602],[-82.36458,29.64599],[-82.36461,29.64596],[-82.36465,29.64594],[-82.36471,29.64591],[-82.36475,29.6459],[-82.36482,29.64589],[-82.36488,29.64588],[-82.36495,29.64588],[-82.365,29.64588],[-82.36506,29.64587],[-82.36512,29.64586],[-82.36517,29.64585],[-82.36521,29.64585],[-82.36525,29.64586],[-82.3653,29.6459],[-82.36537,29.64594],[-82.36542,29.64597],[-82.36547,29.646],[-82.3655,29.64602],[-82.36553,29.64603],[-82.36559,29.64605],[-82.36565,29.64606],[-82.36571,29.64608],[-82.36576,29.64609],[-82.36581,29.64611],[-82.36583,29.64614],[-82.36587,29.64616],[-82.36589,29.64618],[-82.36592,29.64622],[-82.36594,29.64625],[-82.36595,29.64629],[-82.36595,29.6463],[-82.36594,29.64633],[-82.36593,29.64637],[-82.36593,29.64641],[-82.36593,29.64644],[-82.36594,29.64645],[-82.36594,29.64647],[-82.36595,29.64649],[-82.36593,29.64649],[-82.3659,29.64648],[-82.36588,29.64648],[-82.36584,29.64649],[-82.36581,29.6465],[-82.36577,29.64651],[-82.36571,29.6465],[-82.36566,29.64649],[-82.36562,29.64648],[-82.36559,29.64647],[-82.36555,29.64645],[-82.36552,29.64642],[-82.36549,29.6464],[-82.36545,29.64638],[-82.36544,29.64636],[-82.36543,29.64634],[-82.3654,29.64634],[-82.36537,29.64634],[-82.36533,29.64633],[-82.36529,29.64631],[-82.36525,29.6463],[-82.3652,29.64629],[-82.36515,29.64629],[-82.3651,29.6463],[-82.36507,29.64631]]]}},{"type":"Feature","id":"way/921535697","properties":{"kind":"road","name":"Northwest 16th Boulevard"},"geometry":{"type":"LineString","coordinates":[[-82.37237,29.66682],[-82.3725,29.66684],[-82.37255,29.66684],[-82.37274,29.66687],[-82.37297,29.66692],[-82.37318,29.66698],[-82.37339,29.66706],[-82.37359,29.66714],[-82.3739,29.66729]]}},{"type":"Feature","id":"way/924676887","properties":{"kind":"road","name":"West University Avenue"},"geometry":{"type":"LineString","coordinates":[[-82.35944,29.65224],[-82.35997,29.65223],[-82.36048,29.65212],[-82.36091,29.65202],[-82.36116,29.65199],[-82.36153,29.65199],[-82.36285,29.652],[-82.36364,29.65201],[-82.3643,29.65202],[-82.36433,29.65202],[-82.36453,29.65204],[-82.36466,29.65206],[-82.36517,29.65218],[-82.36532,29.6522],[-82.36556,29.65223],[-82.36571,29.65224],[-82.36637,29.65224],[-82.36729,29.65223],[-82.36979,29.65224]]}},{"type":"Feature","id":"way/930662859","properties":{"kind":"water","name":"Sweetwater Branch Creek"},"geometry":{"type":"LineString","coordinates":[[-82.32024,29.65322],[-82.32023,29.65249]]}},{"type":"Feature","id":"way/930662860","properties":{"kind":"water","name":"Sweetwater Branch Creek"},"geometry":{"type":"LineString","coordinates":[[-82.32022,29.65212],[-82.32062,29.65182]]}},{"type":"Feature","id":"way/958042835","properties":{"kind":"water","name":""},"geometry":{"type":"Polygon","coordinates":[[[-82.32727,29.66901],[-82.32727,29.6691],[-82.32727,29.66912],[-82.32725,29.66913],[-82.3272,29.66913],[-82.32687,29.66912],[-82.32685,29.66912],[-82.32684,29.66908],[-82.32683,29.66901],[-82.32684,29.66891],[-82.32686,29.6689],[-82.32691,29.66889],[-82.32722,29.66889],[-82.32725,29.6689],[-82.32727,29.66891],[-82.32727,29.66894],[-82.32727,29.66901]]]}},{"type":"Feature","id":"way/958042836","properties":{"kind":"water","name":""},"geometry":{"type":"Polygon","coordinates":[[[-82.32603,29.66909],[-82.32599,29.66919],[-82.32588,29.66926],[-82.32572,29.66927],[-82.32567,29.66925],[-82.32562,29.66921],[-82.32559,29.66905],[-82.32561,29.6689],[-82.32567,29.66883],[-82.32579,29.66881],[-82.32594,29.66883],[-82.32599,29.66886],[-82.32603,29.66896],[-82.32603,29.66909]]]}},{"type":"Feature","id":"way/958042848","properties":{"kind":"water","name":""},"geometry":{"type":"Polygon","coordinates":[[[-82.3213,29.66954],[-82.32129,29.66962],[-82.32124,29.66973],[-82.32124,29.66978],[-82.32118,29.66985],[-82.32108,29.66989],[-82.32098,29.66992],[-82.32091,29.66991],[-82.32087,29.66989],[-82.32081,29.66983],[-82.32074,29.66971],[-82.32059,29.66953],[-82.3204,29.66941],[-82.32034,29.66933],[-82.32027,29.66919],[-82.32024,29.66911],[-82.32025,29.66904],[-82.3203,29.66898],[-82.32036,29.66894],[-82.32045,29.66894],[-82.32054,29.66896],[-82.32064,29.669],[-82.32072,29.66909],[-82.3208,29.66921],[-82.32088,29.66926],[-82.32102,29.66933],[-82.32121,29.66945],[-82.32127,29.6695],[-82.3213,29.66954]]]}},{"type":"Feature","id":"way/958042849","properties":{"kind":"water","name":""},"geometry":{"type":"Polygon","coordinates":[[[-82.32311,29.66767],[-82.32311,29.66765],[-82.32311,29.66763],[-82.32311,29.66761],[-82.32311,29.66759],[-82.3231,29.66756],[-82.3231,29.66753],[-82.32311,29.66751],[-82.32311,29.66749],[-82.32311,29.66746],[-82.32309,29.66745],[-82.32306,29.66744],[-82.32304,29.66745],[-82.32302,29.66747],[-82.32302,29.6675],[-82.32304,29.66753],[-82.32304,29.66756],[-82.32303,29.66761],[-82.32302,29.66764],[-82.32303,29.66766],[-82.32305,29.66767],[-82.32309,29.66768],[-82.3231,29.66768],[-82.32311,29.66767]]]}},{"type":"Feature","id":"way/959821705","properties":{"kind":"road","name":"Southwest 34th Street"},"geometry":{"type":"LineString","coordinates":[[-82.37233,29.65207],[-82.37233,29.65217]]}},{"type":"Feature","id":"way/959821706","properties":{"kind":"road","name":"Southwest 34th Street"},"geometry":{"type":"LineString","coordinates":[[-82.37247,29.65215],[-82.37247,29.65205]]}},{"type":"Feature","id":"way/959821707","properties":{"kind":"road","name":"West University Avenue"},"geometry":{"type":"LineString","coordinates":[[-82.37233,29.65217],[-82.37247,29.65215]]}},{"type":"Feature","id":"way/959821708","properties":{"kind":"road","name":"West University Avenue"},"geometry":{"type":"LineString","coordinates":[[-82.37247,29.65205],[-82.37233,29.65207]]}},{"type":"Feature","id":"way/959821709","properties":{"kind":"road","name":"West University Avenue"},"geometry":{"type":"LineString","coordinates":[[-82.35326,29.65212],[-82.35353,29.65213],[-82.35357,29.65213],[-82.35364,29.65213]]}},{"type":"Feature","id":"way/961799025","properties":{"kind":"water","name":"Sweetwater Branch Creek"},"geometry":{"type":"LineString","coordinates":[[-82.32047,29.65017],[-82.32041,29.64987],[-82.32039,29.64973]]}},{"type":"Feature","id":"way/961799026","properties":{"kind":"water","name":"Sweetwater Branch Creek"},"geometry":{"type":"LineString","coordinates":[[-82.3205,29.6504],[-82.32047,29.65017]]}},{"type":"Feature","id":"way/961799029","properties":{"kind":"water","name":"Sweetwater Branch Creek"},"geometry":{"type":"LineString","coordinates":[[-82.32023,29.65249],[-82.32022,29.65212]]}},{"type":"Feature","id":"way/961799030","properties":{"kind":"water","name":"Sweetwater Branch Creek"},"geometry":{"type":"LineString","coordinates":[[-82.32022,29.65328],[-82.32024,29.65322],[-82.32051,29.65296],[-82.32072,29.65276]]}},{"type":"Feature","id":"way/961799031","properties":{"kind":"water","name":"Sweetwater Branch Creek"},"geometry":{"type":"LineString","coordinates":[[-82.32018,29.65341],[-82.32022,29.65328]]}},{"type":"Feature","id":"way/961799032","properties":{"kind":"water","name":"Sweetwater Branch Creek"},"geometry":{"type":"LineString","coordinates":[[-82.31969,29.65499],[-82.31971,29.65477]]}},{"type":"Feature","id":"way/961799033","properties":{"kind":"water","name":"Sweetwater Branch Creek"},"geometry":{"type":"LineString","coordinates":[[-82.31971,29.65477],[-82.31977,29.65459]]}},{"type":"Feature","id":"way/961799034","properties":{"kind":"water","name":"Sweetwater Branch Creek"},"geometry":{"type":"LineString","coordinates":[[-82.3197,29.65584],[-82.31968,29.65563]]}},{"type":"Feature","id":"way/961799035","properties":{"kind":"water","name":""},"geometry":{"type":"LineString","coordinates":[[-82.31978,29.65675],[-82.31979,29.65682]]}},{"type":"Feature","id":"way/961799036","properties":{"kind":"water","name":""},"geometry":{"type":"LineString","coordinates":[[-82.31979,29.65682],[-82.3198,29.65686],[-82.31981,29.65697]]}},{"type":"Feature","id":"way/961799037","properties":{"kind":"water","name":""},"geometry":{"type":"LineString","coordinates":[[-82.31981,29.65697],[-82.31981,29.65704],[-82.31983,29.65716],[-82.31992,29.65728],[-82.31993,29.65737],[-82.3199,29.65742],[-82.31994,29.65751],[-82.31999,29.65758],[-82.32006,29.6577],[-82.32025,29.65794]]}},{"type":"Feature","id":"way/961799038","properties":{"kind":"water","name":""},"geometry":{"type":"LineString","coordinates":[[-82.32025,29.65794],[-82.32039,29.65814]]}},{"type":"Feature","id":"way/961799039","properties":{"kind":"water","name":""},"geometry":{"type":"LineString","coordinates":[[-82.32039,29.65814],[-82.32044,29.65821],[-82.32047,29.65831],[-82.32058,29.65845],[-82.32072,29.65854],[-82.32084,29.65864],[-82.32087,29.65879],[-82.32099,29.65895],[-82.32112,29.65912]]}},{"type":"Feature","id":"way/961799040","properties":{"kind":"water","name":""},"geometry":{"type":"LineString","coordinates":[[-82.32112,29.65912],[-82.32114,29.65914],[-82.32133,29.65935]]}},{"type":"Feature","id":"way/961799041","properties":{"kind":"water","name":""},"geometry":{"type":"LineString","coordinates":[[-82.32228,29.66087],[-82.32238,29.6609],[-82.32245,29.66089],[-82.32253,29.66087],[-82.3226,29.66087],[-82.32268,29.66088],[-82.32274,29.66089],[-82.32281,29.66089],[-82.32289,29.66088],[-82.32306,29.66088]]}},{"type":"Feature","id":"way/961799042","properties":{"kind":"water","name":""},"geometry":{"type":"LineString","coordinates":[[-82.32173,29.65997],[-82.32187,29.66023]]}},{"type":"Feature","id":"way/970236164","properties":{"kind":"road","name":"Northeast 8th Avenue"},"geometry":{"type":"LineString","coordinates":[[-82.30696,29.6593],[-82.30672,29.6593],[-82.30652,29.6593]]}},{"type":"Feature","id":"way/970236165","properties":{"kind":"road","name":"Northeast 8th Avenue"},"geometry":{"type":"LineString","coordinates":[[-82.30705,29.6593],[-82.30696,29.6593]]}},{"type":"Feature","id":"way/970248994","properties":{"kind":"road","name":"Southwest 2nd Avenue"},"geometry":{"type":"LineString","coordinates":[[-82.37595,29.65075],[-82.37548,29.65065]]}},{"type":"Feature","id":"way/970248995","properties":{"kind":"road","name":"Southwest 2nd Avenue"},"geometry":{"type":"LineString","coordinates":[[-82.37548,29.65065],[-82.37511,29.65059]]}},{"type":"Feature","id":"way/970509685","properties":{"kind":"road","name":"Southeast 4th Street"},"geometry":{"type":"LineString","coordinates":[[-82.32132,29.6445],[-82.32126,29.64435],[-82.32119,29.64419],[-82.32091,29.64365],[-82.32076,29.64336],[-82.32068,29.64318],[-82.32047,29.64277],[-82.32037,29.64258],[-82.32007,29.642],[-82.31985,29.64156]]}},{"type":"Feature","id":"way/989247545","properties":{"kind":"green","name":"Springhill Park"},"geometry":{"type":"Polygon","coordinates":[[[-82.31388,29.64815],[-82.31309,29.64816],[-82.3131,29.64794],[-82.31313,29.64706],[-82.31504,29.64703],[-82.31505,29.6472],[-82.31388,29.64815]]]}},{"type":"Feature","id":"way/989247546","properties":{"kind":"water","name":""},"geometry":{"type":"Polygon","coordinates":[[[-82.31351,29.64782],[-82.3136,29.64787],[-82.31369,29.64787],[-82.31373,29.64778],[-82.31372,29.64763],[-82.31374,29.64757],[-82.31383,29.64753],[-82.31399,29.64751],[-82.3141,29.64751],[-82.31418,29.64747],[-82.31424,29.64744],[-82.31425,29.64738],[-82.3141,29.6474],[-82.31397,29.64743],[-82.31385,29.6474],[-82.31375,29.64741],[-82.31366,29.64743],[-82.31359,29.64749],[-82.31352,29.64751],[-82.31342,29.64751],[-82.31334,29.64749],[-82.31325,29.64752],[-82.31322,29.64763],[-82.31327,29.64769],[-82.31331,29.64773],[-82.31338,29.64771],[-82.31346,29.64774],[-82.31351,29.64782]]]}},{"type":"Feature","id":"way/992047613","properties":{"kind":"road","name":"Northwest 34th Street"},"geometry":{"type":"LineString","coordinates":[[-82.37237,29.66671],[-82.37237,29.66682]]}},{"type":"Feature","id":"way/992047614","properties":{"kind":"road","name":"Northwest 34th Street"},"geometry":{"type":"LineString","coordinates":[[-82.37241,29.65392],[-82.37241,29.65428],[-82.37242,29.65493],[-82.37242,29.6552],[-82.37241,29.65689],[-82.37241,29.6574],[-82.37241,29.6579],[-82.37241,29.65866],[-82.37241,29.6594],[-82.37241,29.65951]]}},{"type":"Feature","id":"way/992047615","properties":{"kind":"road","name":"Northwest 6th Street"},"geometry":{"type":"LineString","coordinates":[[-82.33083,29.65741],[-82.33083,29.65748]]}},{"type":"Feature","id":"way/1000691460","properties":{"kind":"green","name":"Haisley Lynch Dog Park"},"geometry":{"type":"Polygon","coordinates":[[[-82.32579,29.6472],[-82.32512,29.64721],[-82.32512,29.64751],[-82.32512,29.64813],[-82.3258,29.64812],[-82.32579,29.64751],[-82.32579,29.6472]]]}},{"type":"Feature","id":"way/1000804407","properties":{"kind":"road","name":"South Main Street"},"geometry":{"type":"LineString","coordinates":[[-82.32598,29.64072],[-82.32597,29.64068],[-82.32598,29.64064],[-82.32599,29.64059],[-82.32604,29.64035]]}},{"type":"Feature","id":"way/1000804408","properties":{"kind":"road","name":"South Main Street"},"geometry":{"type":"LineString","coordinates":[[-82.32597,29.64036],[-82.32595,29.64047],[-82.32593,29.64053],[-82.32592,29.64058],[-82.3259,29.64062],[-82.32588,29.64065],[-82.32585,29.64069]]}},{"type":"Feature","id":"way/1000892744","properties":{"kind":"road","name":"Southeast 7th Avenue"},"geometry":{"type":"LineString","coordinates":[[-82.31755,29.6458],[-82.31767,29.64582],[-82.31771,29.64583],[-82.31778,29.64584],[-82.31784,29.64586]]}},{"type":"Feature","id":"way/1000892745","properties":{"kind":"road","name":"Southeast 7th Avenue"},"geometry":{"type":"LineString","coordinates":[[-82.31782,29.64574],[-82.31776,29.64576],[-82.31771,29.64577],[-82.31766,29.64578],[-82.31755,29.6458]]}},{"type":"Feature","id":"way/1000892748","properties":{"kind":"road","name":"Southeast Depot Avenue"},"geometry":{"type":"LineString","coordinates":[[-82.31825,29.64571],[-82.31817,29.64572],[-82.31812,29.64572],[-82.3181,29.64572],[-82.31802,29.64572]]}},{"type":"Feature","id":"way/1000892749","properties":{"kind":"road","name":"Southeast Depot Avenue"},"geometry":{"type":"LineString","coordinates":[[-82.31804,29.64584],[-82.31807,29.64581],[-82.3181,29.64579],[-82.31815,29.64578],[-82.31822,29.64575],[-82.31825,29.64571]]}},{"type":"Feature","id":"way/1001585038","properties":{"kind":"road","name":"Northeast 9th Street"},"geometry":{"type":"LineString","coordinates":[[-82.31479,29.65899],[-82.31477,29.65902],[-82.31476,29.65917],[-82.31476,29.65918],[-82.31475,29.65922],[-82.31474,29.65927]]}},{"type":"Feature","id":"way/1001585039","properties":{"kind":"road","name":"Northeast 9th Street"},"geometry":{"type":"LineString","coordinates":[[-82.31483,29.65927],[-82.31482,29.65924],[-82.31482,29.6592],[-82.31482,29.65918],[-82.31482,29.65902],[-82.31479,29.65899]]}},{"type":"Feature","id":"way/1001585040","properties":{"kind":"road","name":"Northeast 8th Avenue"},"geometry":{"type":"LineString","coordinates":[[-82.31522,29.65936],[-82.31518,29.65933],[-82.31501,29.65933],[-82.31499,29.65933],[-82.31494,29.65932],[-82.31488,29.65931]]}},{"type":"Feature","id":"way/1001585041","properties":{"kind":"road","name":"Northeast 8th Avenue"},"geometry":{"type":"LineString","coordinates":[[-82.31488,29.6594],[-82.31492,29.65938],[-82.31498,29.65938],[-82.31499,29.65938],[-82.31518,29.65937],[-82.31522,29.65936]]}},{"type":"Feature","id":"way/1001585042","properties":{"kind":"road","name":"Northeast 9th Street"},"geometry":{"type":"LineString","coordinates":[[-82.31479,29.6598],[-82.31482,29.65977],[-82.31481,29.65957],[-82.31482,29.65953],[-82.31482,29.6595],[-82.31483,29.65946],[-82.31485,29.65943]]}},{"type":"Feature","id":"way/1001585043","properties":{"kind":"road","name":"Northeast 9th Street"},"geometry":{"type":"LineString","coordinates":[[-82.31473,29.65943],[-82.31475,29.65947],[-82.31475,29.6595],[-82.31476,29.65953],[-82.31476,29.65956],[-82.31476,29.65978],[-82.31479,29.6598]]}},{"type":"Feature","id":"way/1001585044","properties":{"kind":"road","name":"Northeast 8th Avenue"},"geometry":{"type":"LineString","coordinates":[[-82.3144,29.65935],[-82.31444,29.65938],[-82.31455,29.65938],[-82.31459,29.65938],[-82.31461,29.65938],[-82.31466,29.65939],[-82.3147,29.65941]]}},{"type":"Feature","id":"way/1001585045","properties":{"kind":"road","name":"Northeast 8th Avenue"},"geometry":{"type":"LineString","coordinates":[[-82.31469,29.65931],[-82.31465,29.65932],[-82.31462,29.65933],[-82.31459,29.65933],[-82.31455,29.65933],[-82.31444,29.65933],[-82.3144,29.65935]]}},{"type":"Feature","id":"way/1010275374","properties":{"kind":"water","name":""},"geometry":{"type":"Polygon","coordinates":[[[-82.33392,29.64737],[-82.33392,29.64738],[-82.33391,29.64741],[-82.3339,29.64742],[-82.33384,29.64742],[-82.33377,29.64739],[-82.33373,29.64737],[-82.33374,29.64728],[-82.33371,29.64719],[-82.33371,29.64713],[-82.33373,29.64713],[-82.33376,29.64712],[-82.33383,29.64713],[-82.33392,29.64737]]]}},{"type":"Feature","id":"way/1013482795","properties":{"kind":"green","name":"Mother Lucille Perkins Tot Lot"},"geometry":{"type":"Polygon","coordinates":[[[-82.32898,29.6453],[-82.32899,29.6456],[-82.32871,29.6456],[-82.3287,29.6453],[-82.32898,29.6453]]]}},{"type":"Feature","id":"way/1013532336","properties":{"kind":"water","name":""},"geometry":{"type":"Polygon","coordinates":[[[-82.32417,29.63709],[-82.3241,29.63719],[-82.32399,29.63731],[-82.32378,29.63748],[-82.32358,29.63763],[-82.32338,29.63778],[-82.3233,29.63785],[-82.32326,29.63786],[-82.32323,29.63786],[-82.32319,29.63785],[-82.32316,29.63778],[-82.32311,29.63755],[-82.32307,29.63742],[-82.32304,29.6373],[-82.32303,29.63701],[-82.32304,29.63691],[-82.32309,29.63683],[-82.32312,29.63677],[-82.32316,29.63674],[-82.32322,29.63675],[-82.32331,29.63677],[-82.32363,29.63686],[-82.32393,29.63698],[-82.32406,29.63701],[-82.32413,29.63703],[-82.32417,29.63709]]]}},{"type":"Feature","id":"way/1014636220","properties":{"kind":"water","name":""},"geometry":{"type":"Polygon","coordinates":[[[-82.37005,29.62953],[-82.37021,29.62954],[-82.37031,29.62959],[-82.37032,29.62965],[-82.37031,29.62973],[-82.3703,29.62983],[-82.3703,29.62994],[-82.37031,29.63005],[-82.37031,29.6301],[-82.37028,29.63014],[-82.37024,29.63019],[-82.37018,29.63023],[-82.37012,29.63025],[-82.37004,29.63027],[-82.36997,29.63026],[-82.3699,29.63025],[-82.36985,29.63025],[-82.36979,29.63023],[-82.36973,29.63018],[-82.36971,29.63013],[-82.36969,29.63005],[-82.36969,29.62997],[-82.3697,29.62983],[-82.36972,29.62973],[-82.36974,29.62965],[-82.36976,29.62959],[-82.36983,29.62955],[-82.3699,29.62952],[-82.36996,29.62951],[-82.37005,29.62953]]]}},{"type":"Feature","id":"way/1015597063","properties":{"kind":"water","name":""},"geometry":{"type":"LineString","coordinates":[[-82.32318,29.66088],[-82.32325,29.66089],[-82.32336,29.66092],[-82.32345,29.66095],[-82.3235,29.66096],[-82.32355,29.66096],[-82.32359,29.66098]]}},{"type":"Feature","id":"way/1015597064","properties":{"kind":"water","name":""},"geometry":{"type":"LineString","coordinates":[[-82.32306,29.66088],[-82.32318,29.66088]]}},{"type":"Feature","id":"way/1015597065","properties":{"kind":"water","name":""},"geometry":{"type":"LineString","coordinates":[[-82.32187,29.66023],[-82.32191,29.66042],[-82.32197,29.66053],[-82.32214,29.66071]]}},{"type":"Feature","id":"way/1015597066","properties":{"kind":"water","name":""},"geometry":{"type":"LineString","coordinates":[[-82.32214,29.66071],[-82.32228,29.66087]]}},{"type":"Feature","id":"way/1015988907","properties":{"kind":"water","name":""},"geometry":{"type":"Polygon","coordinates":[[[-82.35953,29.65405],[-82.35949,29.65409],[-82.35945,29.65411],[-82.35939,29.65412],[-82.35933,29.65411],[-82.35927,29.65408],[-82.35921,29.65401],[-82.35919,29.65394],[-82.35919,29.65386],[-82.35921,29.6538],[-82.35926,29.65375],[-82.35932,29.65372],[-82.3594,29.65371],[-82.35946,29.65373],[-82.35949,29.65374],[-82.35952,29.65377],[-82.35956,29.65382],[-82.35956,29.65386],[-82.35957,29.65394],[-82.35956,29.654],[-82.35953,29.65405]]]}},{"type":"Feature","id":"way/1017837694","properties":{"kind":"water","name":""},"geometry":{"type":"Polygon","coordinates":[[[-82.35097,29.66089],[-82.35089,29.66107],[-82.35089,29.66115],[-82.35093,29.66125],[-82.35102,29.66135],[-82.35112,29.66145],[-82.35121,29.6615],[-82.35128,29.66152],[-82.35135,29.66151],[-82.35143,29.66148],[-82.35155,29.66145],[-82.35169,29.66137],[-82.35174,29.6613],[-82.35173,29.66118],[-82.3517,29.66108],[-82.35166,29.66101],[-82.3516,29.66096],[-82.35145,29.6609],[-82.35135,29.66083],[-82.35129,29.66078],[-82.35121,29.66076],[-82.35112,29.66077],[-82.35104,29.66081],[-82.35097,29.66089]]]}},{"type":"Feature","id":"way/1020008380","properties":{"kind":"water","name":""},"geometry":{"type":"Polygon","coordinates":[[[-82.3754,29.6286],[-82.37547,29.62862],[-82.37553,29.62866],[-82.37559,29.62873],[-82.37561,29.62883],[-82.37561,29.62895],[-82.37556,29.62903],[-82.37546,29.62907],[-82.37533,29.6291],[-82.37521,29.62908],[-82.3751,29.62906],[-82.37502,29.62906],[-82.37497,29.62904],[-82.37494,29.62902],[-82.37493,29.62899],[-82.37493,29.62897],[-82.37494,29.62893],[-82.37494,29.62889],[-82.37496,29.62881],[-82.37495,29.62875],[-82.37498,29.62867],[-82.37502,29.62863],[-82.37509,29.62863],[-82.37516,29.62862],[-82.37522,29.6286],[-82.37528,29.62859],[-82.37535,29.62858],[-82.3754,29.6286]]]}},{"type":"Feature","id":"way/1020610251","properties":{"kind":"road","name":"East University Avenue"},"geometry":{"type":"LineString","coordinates":[[-82.31254,29.65199],[-82.31273,29.65199],[-82.31295,29.65195]]}},{"type":"Feature","id":"way/1021315183","properties":{"kind":"water","name":""},"geometry":{"type":"Polygon","coordinates":[[[-82.348,29.63481],[-82.34803,29.63483],[-82.34805,29.63486],[-82.34806,29.63496],[-82.34816,29.63542],[-82.34827,29.63583],[-82.34828,29.63588],[-82.34827,29.63592],[-82.34824,29.63595],[-82.34821,29.63597],[-82.34818,29.63596],[-82.34815,29.63594],[-82.34813,29.6359],[-82.3481,29.63581],[-82.34805,29.6357],[-82.34801,29.6356],[-82.34798,29.63557],[-82.34795,29.63557],[-82.34793,29.63559],[-82.34794,29.63564],[-82.34798,29.6358],[-82.34799,29.6359],[-82.34799,29.63594],[-82.34797,29.63597],[-82.34792,29.63599],[-82.34785,29.636],[-82.34783,29.636],[-82.34779,29.63594],[-82.34764,29.63558],[-82.34746,29.6352],[-82.3474,29.63505],[-82.34738,29.63498],[-82.34739,29.63495],[-82.34742,29.63493],[-82.34747,29.63491],[-82.34753,29.63492],[-82.34759,29.63497],[-82.34768,29.63509],[-82.34775,29.6352],[-82.34778,29.63525],[-82.34781,29.63525],[-82.34784,29.63523],[-82.34785,29.63518],[-82.3478,29.63504],[-82.34775,29.63495],[-82.34772,29.63491],[-82.34772,29.63488],[-82.34772,29.63486],[-82.34773,29.63483],[-82.34775,29.63482],[-82.34787,29.63482],[-82.348,29.63481]]]}},{"type":"Feature","id":"way/1021682633","properties":{"kind":"water","name":""},"geometry":{"type":"LineString","coordinates":[[-82.34345,29.64253],[-82.34384,29.64251]]}},{"type":"Feature","id":"way/1021682634","properties":{"kind":"water","name":"Lake Alice Creek"},"geometry":{"type":"LineString","coordinates":[[-82.34243,29.64184],[-82.34239,29.64179],[-82.34209,29.64157],[-82.34197,29.64149]]}},{"type":"Feature","id":"way/1021682635","properties":{"kind":"water","name":""},"geometry":{"type":"LineString","coordinates":[[-82.33963,29.64221],[-82.33912,29.64243]]}},{"type":"Feature","id":"way/1021973326","properties":{"kind":"water","name":"Sweetwater Branch Creek"},"geometry":{"type":"LineString","coordinates":[[-82.32058,29.65088],[-82.32051,29.65051],[-82.3205,29.6504]]}},{"type":"Feature","id":"way/1021973327","properties":{"kind":"water","name":"Sweetwater Branch Creek"},"geometry":{"type":"LineString","coordinates":[[-82.32062,29.6511],[-82.32058,29.65088]]}},{"type":"Feature","id":"way/1035984098","properties":{"kind":"road","name":"Archer Road"},"geometry":{"type":"LineString","coordinates":[[-82.3508,29.63649],[-82.35035,29.63666],[-82.35019,29.63671]]}},{"type":"Feature","id":"way/1043652344","properties":{"kind":"road","name":"West University Avenue"},"geometry":{"type":"LineString","coordinates":[[-82.3418,29.65212],[-82.34183,29.65213],[-82.34188,29.65213],[-82.34258,29.65212],[-82.3427,29.65212],[-82.34324,29.65212],[-82.34423,29.65211]]}},{"type":"Feature","id":"way/1043652345","properties":{"kind":"road","name":"West University Avenue"},"geometry":{"type":"LineString","coordinates":[[-82.34134,29.65212],[-82.34172,29.65213],[-82.3418,29.65212]]}},{"type":"Feature","id":"way/1050340764","properties":{"kind":"green","name":""},"geometry":{"type":"Polygon","coordinates":[[[-82.32032,29.65208],[-82.31992,29.65207],[-82.31946,29.65207],[-82.31946,29.65284],[-82.31991,29.65283],[-82.31996,29.65285],[-82.32,29.6529],[-82.32002,29.65313],[-82.32011,29.65313],[-82.32032,29.65208]]]}},{"type":"Feature","id":"way/1050340765","properties":{"kind":"green","name":""},"geometry":{"type":"Polygon","coordinates":[[[-82.32021,29.65338],[-82.32031,29.65346],[-82.32023,29.65353],[-82.32041,29.65369],[-82.32041,29.65382],[-82.3203,29.65404],[-82.32077,29.65416],[-82.32078,29.65435],[-82.32057,29.65436],[-82.32058,29.6546],[-82.31978,29.65461],[-82.32021,29.65338]]]}},{"type":"Feature","id":"way/1050747737","properties":{"kind":"green","name":""},"geometry":{"type":"Polygon","coordinates":[[[-82.33383,29.64796],[-82.33378,29.64796],[-82.33352,29.64796],[-82.33337,29.64796],[-82.3332,29.64794],[-82.33306,29.64792],[-82.33295,29.64789],[-82.33294,29.64727],[-82.33301,29.64727],[-82.33308,29.64727],[-82.33316,29.64729],[-82.33326,29.64732],[-82.33337,29.64737],[-82.33349,29.64743],[-82.33362,29.6475],[-82.33372,29.64755],[-82.33378,29.64758],[-82.33383,29.64759],[-82.33383,29.64796]]]}},{"type":"Feature","id":"way/1050759892","properties":{"kind":"green","name":""},"geometry":{"type":"Polygon","coordinates":[[[-82.33538,29.64446],[-82.33538,29.64422],[-82.33531,29.64423],[-82.33526,29.6442],[-82.33523,29.64419],[-82.33518,29.64414],[-82.33515,29.64411],[-82.33505,29.64398],[-82.33498,29.64396],[-82.33488,29.64395],[-82.33472,29.64385],[-82.33461,29.64375],[-82.33452,29.64365],[-82.33447,29.64356],[-82.33447,29.64348],[-82.33406,29.64347],[-82.334,29.64343],[-82.33395,29.64336],[-82.33393,29.64316],[-82.33391,29.64314],[-82.33389,29.64313],[-82.33374,29.64316],[-82.33373,29.64331],[-82.33371,29.64338],[-82.33369,29.64348],[-82.33369,29.64371],[-82.33385,29.64371],[-82.33389,29.64373],[-82.3339,29.64378],[-82.33394,29.64386],[-82.33401,29.64386],[-82.33414,29.64384],[-82.33433,29.64386],[-82.33443,29.64391],[-82.33452,29.64401],[-82.3346,29.6441],[-82.33472,29.64418],[-82.33483,29.64422],[-82.33491,29.64428],[-82.33503,29.64432],[-82.33505,29.64439],[-82.33505,29.64446],[-82.33538,29.64446]]]}},{"type":"Feature","id":"way/1050759893","properties":{"kind":"water","name":"Sorority Pond"},"geometry":{"type":"Polygon","coordinates":[[[-82.33565,29.64384],[-82.33564,29.64386],[-82.33564,29.64388],[-82.33559,29.64395],[-82.33555,29.64402],[-82.3355,29.6441],[-82.33545,29.64413],[-82.33543,29.64414],[-82.3354,29.64418],[-82.33538,29.64422],[-82.33531,29.64423],[-82.33526,29.6442],[-82.33523,29.64419],[-82.33518,29.64414],[-82.3352,29.64411],[-82.33523,29.64408],[-82.33527,29.64406],[-82.33532,29.64406],[-82.33537,29.64406],[-82.33542,29.64403],[-82.33545,29.64398],[-82.33544,29.64391],[-82.33541,29.64387],[-82.33536,29.64385],[-82.33531,29.64384],[-82.33529,29.64382],[-82.33529,29.64377],[-82.33532,29.64375],[-82.3354,29.64376],[-82.33552,29.64378],[-82.3356,29.6438],[-82.33565,29.64384]]]}},{"type":"Feature","id":"way/1050759894","properties":{"kind":"green","name":""},"geometry":{"type":"Polygon","coordinates":[[[-82.33447,29.64348],[-82.33447,29.64356],[-82.33452,29.64365],[-82.33461,29.64375],[-82.33472,29.64385],[-82.33488,29.64395],[-82.33498,29.64396],[-82.33505,29.64398],[-82.33515,29.64411],[-82.33518,29.64414],[-82.33523,29.64419],[-82.33526,29.6442],[-82.33531,29.64423],[-82.33538,29.64422],[-82.33569,29.64422],[-82.33569,29.64372],[-82.33545,29.64368],[-82.33521,29.64361],[-82.33502,29.64353],[-82.33489,29.64349],[-82.33474,29.64347],[-82.33447,29.64348]]]}},{"type":"Feature","id":"way/1050759895","properties":{"kind":"green","name":"Sorority Park"},"geometry":{"type":"Polygon","coordinates":[[[-82.33585,29.64374],[-82.33585,29.64411],[-82.33695,29.64411],[-82.33703,29.64406],[-82.33707,29.64398],[-82.33715,29.64374],[-82.33712,29.64374],[-82.33587,29.64374],[-82.33585,29.64374]]]}},{"type":"Feature","id":"way/1050759896","properties":{"kind":"green","name":""},"geometry":{"type":"Polygon","coordinates":[[[-82.33918,29.64231],[-82.33893,29.64243],[-82.33871,29.64262],[-82.33845,29.64281],[-82.33817,29.64301],[-82.33782,29.64313],[-82.3375,29.64322],[-82.33728,29.64329],[-82.33725,29.64337],[-82.33724,29.6436],[-82.33761,29.6436],[-82.33761,29.64349],[-82.33767,29.64344],[-82.33786,29.64332],[-82.33811,29.64332],[-82.33828,29.64326],[-82.33842,29.64318],[-82.33863,29.64316],[-82.33872,29.64315],[-82.33877,29.64306],[-82.33885,29.64298],[-82.33898,29.64294],[-82.33897,29.64269],[-82.33918,29.64268],[-82.33918,29.64261],[-82.33918,29.64231]]]}},{"type":"Feature","id":"way/1051936615","properties":{"kind":"water","name":""},"geometry":{"type":"Polygon","coordinates":[[[-82.37439,29.63589],[-82.37438,29.63592],[-82.37436,29.63594],[-82.37432,29.63594],[-82.37428,29.63594],[-82.37426,29.63592],[-82.37424,29.6359],[-82.37421,29.63588],[-82.37416,29.63587],[-82.37412,29.63587],[-82.37407,29.63586],[-82.37405,29.63583],[-82.37403,29.63581],[-82.37401,29.63576],[-82.37401,29.63567],[-82.37401,29.63541],[-82.37402,29.63539],[-82.37404,29.63537],[-82.37407,29.63535],[-82.37411,29.63534],[-82.37424,29.63534],[-82.37431,29.63536],[-82.37436,29.63538],[-82.37439,29.63541],[-82.37441,29.63545],[-82.37441,29.63555],[-82.37439,29.63586],[-82.37439,29.63589]]]}},{"type":"Feature","id":"way/1051936621","properties":{"kind":"green","name":""},"geometry":{"type":"Polygon","coordinates":[[[-82.37081,29.62738],[-82.37027,29.62771],[-82.36966,29.62802],[-82.36917,29.62731],[-82.36886,29.62686],[-82.36873,29.6266],[-82.36856,29.62631],[-82.36848,29.62621],[-82.3678,29.62624],[-82.3678,29.62608],[-82.36749,29.62608],[-82.36749,29.62562],[-82.36893,29.62551],[-82.36943,29.62618],[-82.36978,29.62598],[-82.37081,29.62738]]]}},{"type":"Feature","id":"way/1056304886","properties":{"kind":"water","name":""},"geometry":{"type":"Polygon","coordinates":[[[-82.3113,29.64122],[-82.31128,29.64119],[-82.31125,29.64117],[-82.3112,29.64116],[-82.31115,29.64116],[-82.31109,29.64116],[-82.31105,29.64116],[-82.31103,29.64118],[-82.31101,29.64122],[-82.31101,29.64128],[-82.31099,29.64134],[-82.31095,29.64138],[-82.31091,29.6414],[-82.31088,29.64143],[-82.31086,29.64145],[-82.31085,29.64152],[-82.31086,29.64157],[-82.31088,29.6416],[-82.31092,29.64161],[-82.31096,29.6416],[-82.31103,29.64157],[-82.31107,29.64155],[-82.3111,29.64151],[-82.31111,29.64146],[-82.3111,29.64141],[-82.31111,29.64137],[-82.31115,29.64134],[-82.3112,29.64131],[-82.31124,29.6413],[-82.31127,29.64127],[-82.31129,29.64125],[-82.3113,29.64122]]]}},{"type":"Feature","id":"way/1056418170","properties":{"kind":"water","name":""},"geometry":{"type":"Polygon","coordinates":[[[-82.34858,29.63285],[-82.34858,29.63288],[-82.34858,29.6329],[-82.34856,29.63291],[-82.34844,29.63294],[-82.34827,29.63298],[-82.34823,29.63298],[-82.34821,29.63296],[-82.34821,29.63292],[-82.34826,29.63274],[-82.34828,29.63272],[-82.3483,29.6327],[-82.34841,29.63267],[-82.34848,29.63265],[-82.3485,29.63265],[-82.34852,29.63266],[-82.34857,29.63282],[-82.34858,29.63285]]]}},{"type":"Feature","id":"way/1058183105","properties":{"kind":"road","name":""},"geometry":{"type":"LineString","coordinates":[[-82.32479,29.64454],[-82.32479,29.64458],[-82.3248,29.64462],[-82.32481,29.64466],[-82.32484,29.64469]]}},{"type":"Feature","id":"way/1058183106","properties":{"kind":"road","name":""},"geometry":{"type":"LineString","coordinates":[[-82.32499,29.64438],[-82.32494,29.64438],[-82.32489,29.6444],[-82.32485,29.64443],[-82.32482,29.64446],[-82.3248,29.6445],[-82.32479,29.64454]]}},{"type":"Feature","id":"way/1058183107","properties":{"kind":"road","name":""},"geometry":{"type":"LineString","coordinates":[[-82.32516,29.64443],[-82.32512,29.6444],[-82.32508,29.64438],[-82.32503,29.64438],[-82.32499,29.64438]]}},{"type":"Feature","id":"way/1058183108","properties":{"kind":"road","name":""},"geometry":{"type":"LineString","coordinates":[[-82.32598,29.64072],[-82.32595,29.6407],[-82.32592,29.64069],[-82.32589,29.64068],[-82.32585,29.64069]]}},{"type":"Feature","id":"way/1058183109","properties":{"kind":"road","name":""},"geometry":{"type":"LineString","coordinates":[[-82.32597,29.64086],[-82.32599,29.64084],[-82.326,29.64081],[-82.32601,29.64078],[-82.326,29.64074],[-82.32598,29.64072]]}},{"type":"Feature","id":"way/1058183110","properties":{"kind":"road","name":""},"geometry":{"type":"LineString","coordinates":[[-82.32584,29.64088],[-82.32587,29.64089],[-82.32591,29.64089],[-82.32594,29.64088],[-82.32597,29.64086]]}},{"type":"Feature","id":"way/1058190010","properties":{"kind":"road","name":"South Main Street"},"geometry":{"type":"LineString","coordinates":[[-82.32604,29.64035],[-82.32602,29.64028]]}},{"type":"Feature","id":"way/1058190011","properties":{"kind":"road","name":"South Main Street"},"geometry":{"type":"LineString","coordinates":[[-82.32602,29.64028],[-82.32597,29.64034],[-82.32597,29.64036]]}},{"type":"Feature","id":"way/1058190020","properties":{"kind":"road","name":"South Main Street"},"geometry":{"type":"LineString","coordinates":[[-82.32519,29.64397],[-82.32517,29.64402],[-82.32516,29.64405],[-82.32514,29.64408],[-82.32513,29.64411],[-82.3251,29.64419],[-82.32509,29.64424],[-82.32507,29.64428],[-82.32505,29.64431],[-82.32503,29.64434],[-82.32499,29.64438]]}},{"type":"Feature","id":"way/1058190021","properties":{"kind":"road","name":"South Main Street"},"geometry":{"type":"LineString","coordinates":[[-82.32516,29.64443],[-82.32516,29.64438],[-82.32516,29.64433],[-82.32516,29.6443],[-82.32518,29.64422],[-82.3252,29.64413],[-82.32522,29.64407],[-82.32526,29.64397]]}},{"type":"Feature","id":"way/1058190032","properties":{"kind":"road","name":"South Main Street"},"geometry":{"type":"LineString","coordinates":[[-82.32586,29.64123],[-82.32586,29.64125],[-82.32588,29.64133]]}},{"type":"Feature","id":"way/1058190033","properties":{"kind":"road","name":"South Main Street"},"geometry":{"type":"LineString","coordinates":[[-82.32588,29.64133],[-82.32593,29.64126],[-82.32593,29.6412]]}},{"type":"Feature","id":"way/1058190036","properties":{"kind":"road","name":"South Main Street"},"geometry":{"type":"LineString","coordinates":[[-82.32588,29.64133],[-82.32586,29.64149],[-82.32584,29.64164],[-82.32581,29.64178]]}},{"type":"Feature","id":"way/1058190037","properties":{"kind":"road","name":"South Main Street"},"geometry":{"type":"LineString","coordinates":[[-82.32593,29.6412],[-82.32594,29.64116],[-82.32594,29.64106],[-82.32594,29.64099],[-82.32594,29.64095],[-82.32595,29.64091],[-82.32597,29.64086]]}},{"type":"Feature","id":"way/1058190038","properties":{"kind":"road","name":"South Main Street"},"geometry":{"type":"LineString","coordinates":[[-82.32584,29.64088],[-82.32585,29.64092],[-82.32586,29.64095],[-82.32586,29.64099],[-82.32587,29.64104],[-82.32587,29.64111],[-82.32586,29.64119],[-82.32586,29.64123]]}},{"type":"Feature","id":"way/1059062309","properties":{"kind":"green","name":""},"geometry":{"type":"Polygon","coordinates":[[[-82.32686,29.64653],[-82.32686,29.6471],[-82.3272,29.6471],[-82.32721,29.64709],[-82.32722,29.64707],[-82.32723,29.6466],[-82.32723,29.64656],[-82.32721,29.64654],[-82.32719,29.64654],[-82.32686,29.64653]]]}},{"type":"Feature","id":"way/1059062311","properties":{"kind":"green","name":""},"geometry":{"type":"Polygon","coordinates":[[[-82.32694,29.64746],[-82.32694,29.64774],[-82.3274,29.64774],[-82.3274,29.64791],[-82.32791,29.64791],[-82.32791,29.64747],[-82.32694,29.64746]]]}},{"type":"Feature","id":"way/1059062322","properties":{"kind":"water","name":""},"geometry":{"type":"Polygon","coordinates":[[[-82.33395,29.65076],[-82.33396,29.65079],[-82.33399,29.65082],[-82.33402,29.65084],[-82.33407,29.65085],[-82.33407,29.65105],[-82.33396,29.65105],[-82.33396,29.65097],[-82.33381,29.65097],[-82.33371,29.65097],[-82.33371,29.65072],[-82.33381,29.65072],[-82.33394,29.65072],[-82.33395,29.65076]]]}},{"type":"Feature","id":"way/1059283817","properties":{"kind":"green","name":""},"geometry":{"type":"Polygon","coordinates":[[[-82.323,29.63783],[-82.32307,29.63796],[-82.32314,29.63803],[-82.32319,29.6381],[-82.32326,29.63818],[-82.3233,29.63823],[-82.32344,29.63868],[-82.32348,29.63886],[-82.32348,29.63901],[-82.32344,29.63917],[-82.32337,29.63928],[-82.32326,29.63941],[-82.32321,29.63955],[-82.32315,29.63976],[-82.3231,29.63993],[-82.32294,29.63989],[-82.32294,29.63797],[-82.32295,29.63789],[-82.32296,29.63784],[-82.323,29.63783]]]}},{"type":"Feature","id":"way/1059283818","properties":{"kind":"green","name":""},"geometry":{"type":"Polygon","coordinates":[[[-82.32275,29.63996],[-82.32267,29.63754],[-82.32267,29.63749],[-82.32262,29.63596],[-82.32263,29.63582],[-82.32267,29.63551],[-82.32265,29.6351],[-82.32264,29.6344],[-82.3226,29.63422],[-82.32255,29.63408],[-82.3226,29.63389],[-82.3226,29.6333],[-82.32254,29.6332],[-82.32255,29.63278],[-82.32248,29.63111],[-82.32243,29.63093],[-82.32236,29.63084],[-82.32203,29.63061],[-82.32199,29.63064],[-82.32184,29.63092],[-82.32173,29.63106],[-82.32165,29.63116],[-82.32137,29.63165],[-82.32099,29.63224],[-82.32092,29.63236],[-82.32093,29.63242],[-82.32105,29.63244],[-82.32125,29.63246],[-82.32137,29.63243],[-82.32151,29.63236],[-82.3216,29.63229],[-82.32172,29.63231],[-82.32178,29.6324],[-82.32187,29.63252],[-82.32209,29.63265],[-82.32221,29.63284],[-82.32219,29.63296],[-82.32219,29.63308],[-82.32226,29.63321],[-82.32229,29.63331],[-82.32221,29.63336],[-82.32202,29.63342],[-82.32181,29.63344],[-82.32158,29.63342],[-82.32139,29.63329],[-82.32117,29.63309],[-82.32101,29.63293],[-82.32095,29.63285],[-82.32096,29.6328],[-82.32101,29.63276],[-82.32102,29.63271],[-82.32086,29.63255],[-82.32081,29.63254],[-82.32076,29.63255],[-82.32057,29.63282],[-82.32057,29.63289],[-82.3206,29.63293],[-82.32085,29.63305],[-82.32094,29.63312],[-82.32095,29.63317],[-82.32089,29.6333],[-82.32075,29.63356],[-82.32075,29.63363],[-82.32081,29.63369],[-82.32082,29.63376],[-82.32088,29.63383],[-82.32097,29.63386],[-82.32105,29.63384],[-82.3211,29.63377],[-82.32108,29.63369],[-82.32104,29.63362],[-82.32103,29.63358],[-82.32095,29.63353],[-82.32092,29.63345],[-82.32096,29.63339],[-82.32108,29.63332],[-82.32126,29.63335],[-82.32135,29.63344],[-82.32132,29.63353],[-82.32121,29.63362],[-82.32119,29.6337],[-82.32124,29.63378],[-82.32134,29.63386],[-82.3215,29.63399],[-82.3216,29.634],[-82.32171,29.63392],[-82.3218,29.63383],[-82.32191,29.63384],[-82.32202,29.63399],[-82.32212,29.63414],[-82.32227,29.63422],[-82.32235,29.63429],[-82.32243,29.63444],[-82.32242,29.63463],[-82.32231,29.63476],[-82.32216,29.63478],[-82.32198,29.63484],[-82.32183,29.63493],[-82.32163,29.63516],[-82.32126,29.63573],[-82.32117,29.63588],[-82.32116,29.63604],[-82.3212,29.63616],[-82.32121,29.63633],[-82.32117,29.63645],[-82.32099,29.63669],[-82.32073,29.63692],[-82.32042,29.6371],[-82.32027,29.63714],[-82.32006,29.63723],[-82.31989,29.63735],[-82.31963,29.63749],[-82.3194,29.63763],[-82.31916,29.6377],[-82.31872,29.63772],[-82.31857,29.63762],[-82.31845,29.63748],[-82.31815,29.63768],[-82.31805,29.63759],[-82.31799,29.63763],[-82.3182,29.63799],[-82.31839,29.63797],[-82.31865,29.63801],[-82.31916,29.63804],[-82.31947,29.63798],[-82.31986,29.63788],[-82.32016,29.63776],[-82.32068,29.63762],[-82.3211,29.63754],[-82.32131,29.6375],[-82.32142,29.63757],[-82.32135,29.63773],[-82.32135,29.63797],[-82.32123,29.63816],[-82.32103,29.63833],[-82.32088,29.63839],[-82.32076,29.63834],[-82.32071,29.63819],[-82.32066,29.6381],[-82.32055,29.63808],[-82.32048,29.63801],[-82.32041,29.63798],[-82.31999,29.63825],[-82.31967,29.63849],[-82.31967,29.63861],[-82.31971,29.63871],[-82.31971,29.63883],[-82.3197,29.63895],[-82.31967,29.63903],[-82.31963,29.63904],[-82.31958,29.639],[-82.31949,29.63886],[-82.31942,29.63875],[-82.31929,29.63874],[-82.31919,29.63878],[-82.31908,29.63885],[-82.31899,29.63884],[-82.31896,29.6388],[-82.31886,29.63878],[-82.31866,29.63873],[-82.31862,29.63862],[-82.31854,29.63854],[-82.31843,29.63853],[-82.31859,29.63885],[-82.31867,29.63889],[-82.31974,29.63919],[-82.32275,29.63996]]]}},{"type":"Feature","id":"way/1059283819","properties":{"kind":"green","name":""},"geometry":{"type":"Polygon","coordinates":[[[-82.32506,29.63654],[-82.32501,29.63657],[-82.32489,29.63657],[-82.32463,29.63648],[-82.32489,29.63585],[-82.32484,29.63578],[-82.32475,29.63573],[-82.32394,29.63547],[-82.3239,29.63548],[-82.32383,29.63553],[-82.32342,29.63579],[-82.32327,29.63587],[-82.3232,29.63585],[-82.32314,29.63581],[-82.32307,29.63575],[-82.32295,29.63561],[-82.32289,29.63542],[-82.32286,29.63514],[-82.32286,29.63492],[-82.32287,29.63482],[-82.32291,29.63465],[-82.32291,29.63412],[-82.32282,29.63276],[-82.32281,29.63228],[-82.32281,29.63198],[-82.3228,29.6317],[-82.32282,29.63103],[-82.3228,29.63086],[-82.32268,29.63072],[-82.3225,29.63062],[-82.32235,29.6305],[-82.32235,29.63035],[-82.32241,29.63019],[-82.32245,29.63005],[-82.32247,29.63],[-82.32253,29.62998],[-82.32261,29.62997],[-82.32272,29.62996],[-82.3228,29.63002],[-82.32304,29.6301],[-82.32328,29.63014],[-82.32354,29.63025],[-82.32382,29.6304],[-82.32406,29.63051],[-82.32439,29.63066],[-82.32468,29.63086],[-82.32511,29.63126],[-82.32542,29.6317],[-82.32568,29.63216],[-82.32585,29.63262],[-82.32593,29.63294],[-82.32602,29.63333],[-82.32608,29.63353],[-82.32589,29.63354],[-82.32473,29.63351],[-82.32483,29.6341],[-82.3246,29.63472],[-82.32466,29.63492],[-82.32452,29.63495],[-82.32458,29.63513],[-82.32471,29.6351],[-82.32487,29.63563],[-82.32515,29.63582],[-82.32506,29.63654]]]}},{"type":"Feature","id":"way/1059283822","properties":{"kind":"green","name":""},"geometry":{"type":"Polygon","coordinates":[[[-82.3191,29.63374],[-82.31909,29.63368],[-82.31889,29.63346],[-82.31879,29.63343],[-82.31869,29.63347],[-82.31861,29.63354],[-82.3184,29.63361],[-82.31809,29.63372],[-82.31775,29.63384],[-82.31676,29.63422],[-82.31648,29.6343],[-82.31642,29.63434],[-82.31642,29.63439],[-82.31647,29.63441],[-82.31658,29.63439],[-82.31725,29.63423],[-82.31784,29.63407],[-82.3182,29.63396],[-82.31831,29.63396],[-82.31843,29.634],[-82.31862,29.63412],[-82.3191,29.63374]]]}},{"type":"Feature","id":"way/1059283823","properties":{"kind":"green","name":""},"geometry":{"type":"Polygon","coordinates":[[[-82.32017,29.63564],[-82.3203,29.63574],[-82.3204,29.63579],[-82.32043,29.63588],[-82.32032,29.63588],[-82.3202,29.63589],[-82.31988,29.63594],[-82.31974,29.63591],[-82.31968,29.6358],[-82.31963,29.63568],[-82.31944,29.63546],[-82.31924,29.6353],[-82.3191,29.6352],[-82.31912,29.63509],[-82.31919,29.63502],[-82.31928,29.63507],[-82.31944,29.63519],[-82.3196,29.63524],[-82.31986,29.63535],[-82.32003,29.63546],[-82.32017,29.63564]]]}},{"type":"Feature","id":"way/1059293757","properties":{"kind":"green","name":""},"geometry":{"type":"Polygon","coordinates":[[[-82.36338,29.6334],[-82.36338,29.63394],[-82.36209,29.63394],[-82.36206,29.63393],[-82.36205,29.63391],[-82.36204,29.63355],[-82.36207,29.63346],[-82.36211,29.63341],[-82.36338,29.6334]]]}},{"type":"Feature","id":"way/1059389588","properties":{"kind":"green","name":""},"geometry":{"type":"Polygon","coordinates":[[[-82.342,29.63452],[-82.34187,29.6346],[-82.34166,29.63469],[-82.34148,29.63471],[-82.34137,29.63475],[-82.34132,29.63484],[-82.34129,29.63513],[-82.34128,29.63526],[-82.34191,29.6353],[-82.342,29.63452]]]}},{"type":"Feature","id":"way/1059389603","properties":{"kind":"green","name":""},"geometry":{"type":"Polygon","coordinates":[[[-82.33979,29.62593],[-82.33971,29.62599],[-82.33966,29.62607],[-82.33963,29.62609],[-82.33962,29.62607],[-82.33959,29.62589],[-82.33959,29.62578],[-82.33963,29.62566],[-82.33971,29.6257],[-82.33982,29.62572],[-82.34001,29.62572],[-82.34018,29.62571],[-82.34028,29.62572],[-82.34034,29.62569],[-82.34038,29.62564],[-82.3405,29.62562],[-82.34061,29.62561],[-82.34067,29.62563],[-82.3407,29.62567],[-82.34071,29.62574],[-82.34072,29.62603],[-82.34076,29.6262],[-82.34079,29.6264],[-82.34081,29.62656],[-82.34083,29.62679],[-82.34088,29.62701],[-82.34093,29.6272],[-82.34098,29.62735],[-82.34102,29.62747],[-82.34102,29.62753],[-82.34102,29.62758],[-82.34106,29.62764],[-82.3411,29.62776],[-82.34112,29.62793],[-82.34112,29.62799],[-82.34109,29.628],[-82.34055,29.628],[-82.34051,29.62794],[-82.3405,29.62788],[-82.34051,29.62782],[-82.34058,29.62777],[-82.34062,29.62767],[-82.34063,29.62757],[-82.34063,29.62734],[-82.34063,29.62719],[-82.34064,29.62707],[-82.34067,29.6269],[-82.34066,29.62667],[-82.34063,29.62641],[-82.34061,29.62621],[-82.34056,29.62607],[-82.34037,29.62593],[-82.34022,29.62589],[-82.34005,29.62588],[-82.33991,29.62589],[-82.33979,29.62593]]]}},{"type":"Feature","id":"way/1059389605","properties":{"kind":"green","name":""},"geometry":{"type":"Polygon","coordinates":[[[-82.34045,29.62945],[-82.3405,29.63027],[-82.34049,29.63031],[-82.34047,29.63034],[-82.34031,29.63035],[-82.34028,29.63032],[-82.34029,29.63027],[-82.34032,29.6302],[-82.34035,29.63011],[-82.34036,29.62998],[-82.34031,29.62986],[-82.34027,29.6298],[-82.34018,29.62977],[-82.3401,29.62979],[-82.34002,29.6298],[-82.33996,29.62977],[-82.33991,29.62969],[-82.33985,29.62961],[-82.33975,29.62956],[-82.33971,29.62955],[-82.33967,29.62959],[-82.33964,29.62959],[-82.33959,29.62954],[-82.3396,29.62947],[-82.34045,29.62945]]]}},{"type":"Feature","id":"way/1059412473","properties":{"kind":"green","name":""},"geometry":{"type":"Polygon","coordinates":[[[-82.32655,29.65705],[-82.32627,29.65705],[-82.32624,29.65708],[-82.32622,29.65712],[-82.32618,29.65714],[-82.32612,29.65715],[-82.32594,29.65715],[-82.32594,29.65741],[-82.32655,29.65741],[-82.32655,29.65705]]]}},{"type":"Feature","id":"way/1059412476","properties":{"kind":"green","name":""},"geometry":{"type":"Polygon","coordinates":[[[-82.32603,29.65997],[-82.32581,29.65997],[-82.32581,29.66023],[-82.32576,29.66026],[-82.32574,29.66027],[-82.3257,29.66031],[-82.32565,29.66055],[-82.32574,29.66054],[-82.32586,29.66057],[-82.32596,29.66066],[-82.326,29.66072],[-82.32604,29.66068],[-82.32607,29.66062],[-82.32608,29.66055],[-82.32602,29.66052],[-82.32603,29.65997]]]}},{"type":"Feature","id":"way/1059412478","properties":{"kind":"green","name":""},"geometry":{"type":"Polygon","coordinates":[[[-82.32639,29.66103],[-82.32638,29.66097],[-82.32635,29.66095],[-82.32635,29.66092],[-82.32637,29.66089],[-82.32638,29.66087],[-82.32635,29.66085],[-82.32631,29.66084],[-82.32627,29.66084],[-82.32622,29.66084],[-82.3262,29.66083],[-82.32618,29.66084],[-82.32616,29.66086],[-82.32613,29.66089],[-82.32611,29.66092],[-82.32607,29.66093],[-82.32604,29.66093],[-82.32602,29.66094],[-82.32602,29.66102],[-82.32639,29.66103]]]}},{"type":"Feature","id":"way/1059600378","properties":{"kind":"green","name":""},"geometry":{"type":"Polygon","coordinates":[[[-82.33,29.64628],[-82.33,29.64642],[-82.33,29.64647],[-82.33003,29.64651],[-82.33008,29.64654],[-82.33009,29.64659],[-82.33008,29.64664],[-82.33002,29.64666],[-82.3299,29.64666],[-82.32987,29.64663],[-82.32987,29.64653],[-82.32984,29.64652],[-82.32976,29.6465],[-82.32963,29.6465],[-82.32963,29.64631],[-82.32965,29.64628],[-82.32968,29.64627],[-82.33,29.64628]]]}},{"type":"Feature","id":"way/1059600379","properties":{"kind":"green","name":""},"geometry":{"type":"Polygon","coordinates":[[[-82.32993,29.64674],[-82.32993,29.64714],[-82.32964,29.64714],[-82.32962,29.64712],[-82.32962,29.64681],[-82.32962,29.64674],[-82.32964,29.64673],[-82.32993,29.64674]]]}},{"type":"Feature","id":"way/1059600380","properties":{"kind":"green","name":""},"geometry":{"type":"Polygon","coordinates":[[[-82.32952,29.64399],[-82.32947,29.64398],[-82.32939,29.64398],[-82.32929,29.644],[-82.32911,29.64403],[-82.32904,29.64404],[-82.32901,29.64404],[-82.329,29.64402],[-82.329,29.64399],[-82.32875,29.64403],[-82.32875,29.64407],[-82.32879,29.6441],[-82.32881,29.64415],[-82.32882,29.64426],[-82.32881,29.64438],[-82.32881,29.64444],[-82.32881,29.6445],[-82.3288,29.64456],[-82.32879,29.64458],[-82.32894,29.64458],[-82.32895,29.64449],[-82.32897,29.6444],[-82.32902,29.64437],[-82.32912,29.64435],[-82.32917,29.64432],[-82.32921,29.64433],[-82.32925,29.64436],[-82.32932,29.64436],[-82.32941,29.64436],[-82.32953,29.64435],[-82.32952,29.64399]]]}},{"type":"Feature","id":"way/1059600381","properties":{"kind":"green","name":""},"geometry":{"type":"Polygon","coordinates":[[[-82.33005,29.64531],[-82.3298,29.64531],[-82.32982,29.64541],[-82.32983,29.64553],[-82.32984,29.64554],[-82.32987,29.64561],[-82.33,29.64561],[-82.33012,29.6456],[-82.33024,29.64558],[-82.33032,29.64549],[-82.33026,29.64542],[-82.33019,29.64545],[-82.33015,29.6455],[-82.33009,29.64551],[-82.33005,29.64546],[-82.33005,29.64539],[-82.33005,29.64531]]]}},{"type":"Feature","id":"way/1059600382","properties":{"kind":"green","name":""},"geometry":{"type":"Polygon","coordinates":[[[-82.33089,29.64367],[-82.33093,29.6437],[-82.33099,29.64385],[-82.33104,29.64406],[-82.33107,29.64422],[-82.33108,29.64436],[-82.33109,29.64454],[-82.33109,29.64476],[-82.33095,29.64476],[-82.33089,29.64471],[-82.33089,29.64464],[-82.33086,29.64459],[-82.33076,29.64458],[-82.33041,29.64458],[-82.33042,29.64437],[-82.33076,29.64437],[-82.33078,29.6443],[-82.33076,29.64421],[-82.33041,29.6442],[-82.33042,29.64397],[-82.33053,29.64398],[-82.3306,29.64396],[-82.33062,29.6439],[-82.33061,29.64382],[-82.33056,29.64375],[-82.33058,29.64372],[-82.33089,29.64367]]]}},{"type":"Feature","id":"way/1059600387","properties":{"kind":"green","name":""},"geometry":{"type":"Polygon","coordinates":[[[-82.31783,29.64469],[-82.31784,29.64548],[-82.31689,29.64548],[-82.31689,29.64469],[-82.31783,29.64469]]]}},{"type":"Feature","id":"way/1059600388","properties":{"kind":"green","name":""},"geometry":{"type":"Polygon","coordinates":[[[-82.31773,29.64589],[-82.31776,29.64589],[-82.31779,29.64589],[-82.31782,29.64591],[-82.31783,29.64593],[-82.31784,29.64597],[-82.31783,29.64601],[-82.31727,29.64623],[-82.31694,29.6464],[-82.31677,29.64648],[-82.31669,29.64656],[-82.31665,29.6466],[-82.31659,29.64659],[-82.31654,29.64654],[-82.31656,29.6464],[-82.31674,29.6463],[-82.31716,29.64612],[-82.31757,29.64595],[-82.31773,29.64589]]]}},{"type":"Feature","id":"way/1059600389","properties":{"kind":"green","name":""},"geometry":{"type":"Polygon","coordinates":[[[-82.31611,29.64654],[-82.31581,29.6467],[-82.31547,29.64689],[-82.31517,29.6471],[-82.31517,29.64702],[-82.31517,29.64691],[-82.31526,29.64685],[-82.31542,29.64675],[-82.31551,29.64669],[-82.31566,29.64661],[-82.3158,29.64658],[-82.31587,29.64655],[-82.31592,29.64649],[-82.31601,29.64646],[-82.31609,29.64648],[-82.31611,29.64654]]]}},{"type":"Feature","id":"way/1059600390","properties":{"kind":"green","name":""},"geometry":{"type":"Polygon","coordinates":[[[-82.31449,29.6483],[-82.31449,29.64876],[-82.31453,29.64882],[-82.31466,29.6489],[-82.31475,29.64897],[-82.31475,29.64926],[-82.31471,29.64946],[-82.31471,29.64964],[-82.31358,29.64968],[-82.31356,29.6494],[-82.31351,29.64932],[-82.31334,29.64932],[-82.31321,29.64941],[-82.31301,29.64974],[-82.31288,29.64989],[-82.31273,29.64993],[-82.31268,29.64992],[-82.31295,29.64953],[-82.31324,29.64909],[-82.31356,29.64869],[-82.31378,29.64842],[-82.3139,29.6483],[-82.31449,29.6483]]]}},{"type":"Feature","id":"way/1059600391","properties":{"kind":"green","name":""},"geometry":{"type":"Polygon","coordinates":[[[-82.31252,29.65023],[-82.31247,29.65028],[-82.31238,29.65035],[-82.31221,29.65054],[-82.31189,29.65095],[-82.3118,29.65104],[-82.31174,29.65102],[-82.3117,29.6509],[-82.31181,29.6508],[-82.3119,29.65067],[-82.31196,29.65054],[-82.31191,29.65047],[-82.31167,29.65048],[-82.31167,29.65027],[-82.31182,29.65027],[-82.31198,29.65024],[-82.31216,29.65025],[-82.31231,29.65024],[-82.3124,29.65023],[-82.31247,29.65022],[-82.31252,29.65023]]]}},{"type":"Feature","id":"way/1059600392","properties":{"kind":"green","name":""},"geometry":{"type":"Polygon","coordinates":[[[-82.3126,29.65026],[-82.31268,29.65026],[-82.3128,29.65031],[-82.3129,29.6504],[-82.31297,29.6505],[-82.31298,29.65068],[-82.31288,29.65075],[-82.31291,29.65088],[-82.31292,29.651],[-82.31281,29.65101],[-82.31272,29.65095],[-82.31261,29.65087],[-82.31251,29.65082],[-82.3123,29.65073],[-82.31221,29.65076],[-82.31214,29.65076],[-82.31216,29.6507],[-82.31234,29.65047],[-82.31243,29.65037],[-82.31253,29.65031],[-82.3126,29.65026]]]}},{"type":"Feature","id":"way/1059676575","properties":{"kind":"green","name":"Reserve Park"},"geometry":{"type":"Polygon","coordinates":[[[-82.3117,29.65747],[-82.31029,29.65745],[-82.31027,29.65924],[-82.31059,29.65924],[-82.3106,29.65841],[-82.3117,29.65842],[-82.3117,29.65809],[-82.3117,29.65771],[-82.3117,29.65747]]]}},{"type":"Feature","id":"way/1061163508","properties":{"kind":"green","name":""},"geometry":{"type":"Polygon","coordinates":[[[-82.33819,29.62888],[-82.33819,29.6292],[-82.33818,29.6295],[-82.33817,29.62965],[-82.33817,29.62983],[-82.33822,29.62987],[-82.33856,29.62985],[-82.3385,29.63022],[-82.33852,29.63036],[-82.33844,29.63036],[-82.33834,29.63038],[-82.33824,29.63037],[-82.33814,29.63036],[-82.33808,29.63036],[-82.33803,29.63038],[-82.338,29.6304],[-82.33797,29.63058],[-82.33808,29.63168],[-82.33819,29.63276],[-82.33794,29.63274],[-82.33767,29.63271],[-82.33755,29.63194],[-82.33725,29.63187],[-82.33703,29.63185],[-82.33691,29.63187],[-82.33682,29.63181],[-82.33679,29.63159],[-82.33683,29.63136],[-82.33683,29.63122],[-82.33654,29.63116],[-82.33633,29.63124],[-82.33602,29.63114],[-82.33593,29.63098],[-82.33584,29.63087],[-82.3356,29.63094],[-82.33532,29.63093],[-82.33518,29.63109],[-82.33498,29.63114],[-82.3348,29.63112],[-82.33472,29.63095],[-82.33465,29.63056],[-82.33466,29.63038],[-82.33483,29.63039],[-82.33488,29.63035],[-82.33495,29.6302],[-82.33508,29.63019],[-82.33525,29.63026],[-82.33539,29.63039],[-82.33548,29.63049],[-82.33565,29.63056],[-82.33596,29.63061],[-82.33618,29.63061],[-82.33629,29.63055],[-82.33639,29.63046],[-82.33649,29.63035],[-82.33657,29.63031],[-82.33669,29.63033],[-82.33678,29.63038],[-82.33687,29.63041],[-82.33699,29.63037],[-82.33707,29.63028],[-82.33717,29.63027],[-82.33728,29.6302],[-82.33729,29.63013],[-82.33727,29.62994],[-82.33722,29.62976],[-82.33707,29.62974],[-82.33694,29.62972],[-82.33681,29.62961],[-82.33678,29.62946],[-82.33677,29.62933],[-82.33712,29.62921],[-82.33782,29.62899],[-82.33819,29.62888]]]}},{"type":"Feature","id":"way/1062355094","properties":{"kind":"water","name":""},"geometry":{"type":"Polygon","coordinates":[[[-82.3484,29.63658],[-82.3485,29.63663],[-82.34855,29.63674],[-82.34854,29.63685],[-82.34849,29.63694],[-82.34825,29.63702],[-82.34792,29.63626],[-82.34815,29.63618],[-82.34823,29.63623],[-82.3484,29.63658]]]}},{"type":"Feature","id":"way/1062355095","properties":{"kind":"green","name":""},"geometry":{"type":"Polygon","coordinates":[[[-82.34792,29.63626],[-82.34825,29.63702],[-82.34764,29.63723],[-82.34758,29.63709],[-82.34729,29.63642],[-82.34784,29.63624],[-82.34792,29.63626]]]}},{"type":"Feature","id":"way/1064189528","properties":{"kind":"water","name":""},"geometry":{"type":"Polygon","coordinates":[[[-82.33072,29.65759],[-82.33073,29.6576],[-82.33073,29.65761],[-82.33072,29.65765],[-82.33071,29.65771],[-82.3307,29.65777],[-82.3307,29.65785],[-82.33071,29.65794],[-82.33072,29.65797],[-82.33072,29.65797],[-82.33071,29.65798],[-82.33069,29.65798],[-82.33067,29.65799],[-82.33064,29.65798],[-82.33059,29.65798],[-82.33055,29.65798],[-82.33053,29.65798],[-82.33051,29.65798],[-82.33051,29.65797],[-82.33051,29.65796],[-82.33051,29.65795],[-82.33052,29.65794],[-82.33054,29.65792],[-82.33055,29.6579],[-82.33057,29.65788],[-82.33059,29.65785],[-82.33061,29.65782],[-82.33062,29.65779],[-82.33063,29.65775],[-82.33065,29.65771],[-82.33066,29.65767],[-82.33067,29.65763],[-82.33068,29.6576],[-82.3307,29.65759],[-82.33072,29.65759]]]}},{"type":"Feature","id":"way/1064189529","properties":{"kind":"green","name":""},"geometry":{"type":"Polygon","coordinates":[[[-82.33041,29.65787],[-82.33009,29.65787],[-82.33007,29.65835],[-82.33027,29.65811],[-82.33041,29.65787]]]}},{"type":"Feature","id":"way/1064189531","properties":{"kind":"green","name":""},"geometry":{"type":"Polygon","coordinates":[[[-82.32767,29.66165],[-82.32738,29.66205],[-82.32767,29.66205],[-82.32796,29.66165],[-82.32767,29.66165]]]}},{"type":"Feature","id":"way/1064189532","properties":{"kind":"green","name":""},"geometry":{"type":"Polygon","coordinates":[[[-82.32749,29.66167],[-82.32719,29.66214],[-82.32716,29.66213],[-82.32713,29.66212],[-82.32715,29.66167],[-82.32749,29.66167]]]}},{"type":"Feature","id":"way/1064189534","properties":{"kind":"green","name":""},"geometry":{"type":"Polygon","coordinates":[[[-82.32805,29.66304],[-82.32805,29.66346],[-82.3267,29.66346],[-82.3267,29.66304],[-82.32805,29.66304]]]}},{"type":"Feature","id":"way/1064189535","properties":{"kind":"green","name":""},"geometry":{"type":"Polygon","coordinates":[[[-82.32621,29.66444],[-82.3262,29.6647],[-82.32651,29.6647],[-82.32651,29.66448],[-82.32649,29.66447],[-82.32646,29.66446],[-82.32643,29.66446],[-82.32641,29.66447],[-82.32639,29.66447],[-82.32637,29.66445],[-82.32635,29.66444],[-82.32632,29.66443],[-82.3263,29.66442],[-82.32627,29.66441],[-82.32624,29.66442],[-82.32621,29.66444]]]}},{"type":"Feature","id":"way/1064189538","properties":{"kind":"green","name":""},"geometry":{"type":"Polygon","coordinates":[[[-82.32612,29.66527],[-82.32508,29.66526],[-82.32507,29.66604],[-82.3256,29.66603],[-82.32568,29.66603],[-82.32573,29.66607],[-82.32577,29.66614],[-82.3258,29.66624],[-82.3258,29.6663],[-82.32577,29.6664],[-82.32578,29.66643],[-82.32581,29.66643],[-82.32584,29.66639],[-82.3259,29.66626],[-82.32598,29.66605],[-82.32605,29.66582],[-82.32609,29.66564],[-82.32612,29.66545],[-82.32612,29.66527]]]}},{"type":"Feature","id":"way/1064189539","properties":{"kind":"green","name":""},"geometry":{"type":"Polygon","coordinates":[[[-82.32304,29.6635],[-82.3225,29.66351],[-82.32248,29.66397],[-82.32136,29.66417],[-82.32115,29.66417],[-82.32114,29.66459],[-82.32181,29.66459],[-82.3218,29.66511],[-82.32246,29.66512],[-82.32246,29.66578],[-82.32303,29.66578],[-82.32304,29.6635]]]}},{"type":"Feature","id":"way/1064189540","properties":{"kind":"green","name":""},"geometry":{"type":"Polygon","coordinates":[[[-82.32304,29.66265],[-82.32257,29.66265],[-82.32256,29.66341],[-82.32304,29.66341],[-82.32304,29.66265]]]}},{"type":"Feature","id":"way/1064189541","properties":{"kind":"green","name":""},"geometry":{"type":"Polygon","coordinates":[[[-82.32411,29.66181],[-82.3241,29.66213],[-82.32406,29.66213],[-82.32405,29.66239],[-82.32385,29.66239],[-82.32386,29.66218],[-82.32361,29.66218],[-82.32361,29.66242],[-82.32342,29.66242],[-82.32343,29.66176],[-82.3239,29.66177],[-82.3239,29.66181],[-82.32411,29.66181]]]}},{"type":"Feature","id":"way/1064189542","properties":{"kind":"green","name":""},"geometry":{"type":"Polygon","coordinates":[[[-82.32654,29.66801],[-82.32602,29.66801],[-82.32601,29.66819],[-82.32598,29.66834],[-82.32591,29.66848],[-82.32576,29.66859],[-82.3256,29.66861],[-82.3254,29.66858],[-82.32522,29.66854],[-82.32507,29.66842],[-82.32503,29.66828],[-82.32502,29.66815],[-82.32493,29.66834],[-82.32483,29.66858],[-82.32478,29.66877],[-82.32654,29.66879],[-82.32654,29.66801]]]}},{"type":"Feature","id":"way/1064854135","properties":{"kind":"green","name":""},"geometry":{"type":"Polygon","coordinates":[[[-82.32441,29.65117],[-82.32486,29.65117],[-82.32487,29.65183],[-82.32415,29.65183],[-82.32415,29.65178],[-82.32474,29.65178],[-82.32474,29.65162],[-82.32467,29.65162],[-82.32444,29.65162],[-82.32444,29.65158],[-82.32441,29.65158],[-82.32441,29.65134],[-82.32441,29.65117]]]}},{"type":"Feature","id":"way/1069607042","properties":{"kind":"road","name":"Southwest 13th Street"},"geometry":{"type":"LineString","coordinates":[[-82.33933,29.64858],[-82.33933,29.64863],[-82.33933,29.64869],[-82.33933,29.64901]]}},{"type":"Feature","id":"way/1073374056","properties":{"kind":"green","name":""},"geometry":{"type":"Polygon","coordinates":[[[-82.32587,29.64561],[-82.32589,29.64567],[-82.32598,29.6457],[-82.32606,29.64572],[-82.32612,29.64579],[-82.32622,29.64583],[-82.32634,29.64583],[-82.32647,29.64585],[-82.3265,29.64579],[-82.32651,29.64571],[-82.32649,29.64561],[-82.32648,29.6455],[-82.32623,29.64553],[-82.32608,29.64555],[-82.32604,29.64559],[-82.32587,29.64561]]]}},{"type":"Feature","id":"way/1073374061","properties":{"kind":"green","name":""},"geometry":{"type":"Polygon","coordinates":[[[-82.32631,29.64592],[-82.3264,29.64593],[-82.32649,29.64597],[-82.32652,29.64606],[-82.32652,29.64618],[-82.32648,29.64621],[-82.32634,29.64621],[-82.32626,29.64625],[-82.32623,29.64633],[-82.32624,29.64641],[-82.32621,29.64643],[-82.32609,29.64643],[-82.32598,29.64643],[-82.3259,29.64643],[-82.32588,29.64639],[-82.32587,29.64615],[-82.32579,29.64614],[-82.32571,29.64612],[-82.32568,29.64607],[-82.32567,29.64603],[-82.32571,29.646],[-82.32579,29.64597],[-82.32591,29.64596],[-82.32604,29.64596],[-82.32619,29.64595],[-82.32631,29.64592]]]}},{"type":"Feature","id":"way/1073374064","properties":{"kind":"water","name":""},"geometry":{"type":"Polygon","coordinates":[[[-82.33054,29.64222],[-82.33057,29.64221],[-82.33061,29.64223],[-82.33062,29.64228],[-82.33073,29.64271],[-82.33075,29.64277],[-82.33075,29.6428],[-82.33073,29.64281],[-82.33071,29.6428],[-82.33067,29.64275],[-82.33052,29.64255],[-82.33034,29.64236],[-82.33029,29.64231],[-82.33028,29.64228],[-82.33031,29.64226],[-82.33037,29.64224],[-82.33049,29.64223],[-82.33054,29.64222]]]}},{"type":"Feature","id":"way/1073374090","properties":{"kind":"green","name":""},"geometry":{"type":"Polygon","coordinates":[[[-82.32683,29.63627],[-82.32655,29.63609],[-82.32637,29.63605],[-82.32592,29.63619],[-82.32578,29.63624],[-82.32568,29.63623],[-82.32561,29.63626],[-82.32557,29.63632],[-82.32543,29.63676],[-82.32596,29.63689],[-82.32601,29.637],[-82.32586,29.63749],[-82.3262,29.63756],[-82.32636,29.63704],[-82.32647,29.63685],[-82.32658,29.63683],[-82.32678,29.63686],[-82.32687,29.63686],[-82.32688,29.63681],[-82.3266,29.6366],[-82.32683,29.63627]]]}},{"type":"Feature","id":"way/1073374091","properties":{"kind":"green","name":""},"geometry":{"type":"Polygon","coordinates":[[[-82.32634,29.63844],[-82.32622,29.63875],[-82.32613,29.63904],[-82.32605,29.63932],[-82.32591,29.63928],[-82.32585,29.63926],[-82.32583,29.63923],[-82.32581,29.63921],[-82.32554,29.63915],[-82.32551,29.63915],[-82.32547,29.63914],[-82.32548,29.63911],[-82.32561,29.63895],[-82.32577,29.63876],[-82.32563,29.63867],[-82.32559,29.63863],[-82.32555,29.63857],[-82.32574,29.63844],[-82.32591,29.63839],[-82.32634,29.63844]]]}},{"type":"Feature","id":"way/1073538509","properties":{"kind":"green","name":""},"geometry":{"type":"Polygon","coordinates":[[[-82.32872,29.63298],[-82.32909,29.63313],[-82.32972,29.63315],[-82.33038,29.6332],[-82.33065,29.63331],[-82.33069,29.63343],[-82.33058,29.63356],[-82.33057,29.63374],[-82.33061,29.63398],[-82.33047,29.63407],[-82.33039,29.63425],[-82.33044,29.63455],[-82.33059,29.63479],[-82.33064,29.63501],[-82.33053,29.63515],[-82.3306,29.63536],[-82.33075,29.63556],[-82.33106,29.63563],[-82.33112,29.63573],[-82.33124,29.63613],[-82.33132,29.63626],[-82.33027,29.63619],[-82.33024,29.63589],[-82.33015,29.63553],[-82.33011,29.6352],[-82.33005,29.63499],[-82.32998,29.63456],[-82.32995,29.63422],[-82.33006,29.63413],[-82.33015,29.63401],[-82.33012,29.63393],[-82.32993,29.63388],[-82.32971,29.63389],[-82.3289,29.6338],[-82.32844,29.63371],[-82.32872,29.63298]]]}},{"type":"Feature","id":"way/1074053629","properties":{"kind":"green","name":""},"geometry":{"type":"Polygon","coordinates":[[[-82.31508,29.64347],[-82.31363,29.64347],[-82.31364,29.64403],[-82.31296,29.64403],[-82.31296,29.64458],[-82.31508,29.64458],[-82.31508,29.64347]]]}},{"type":"Feature","id":"way/1075904665","properties":{"kind":"green","name":""},"geometry":{"type":"Polygon","coordinates":[[[-82.33918,29.63792],[-82.33919,29.63827],[-82.33913,29.63835],[-82.33905,29.63836],[-82.33898,29.63832],[-82.33892,29.63833],[-82.33883,29.63835],[-82.33877,29.63838],[-82.33872,29.63842],[-82.33868,29.63847],[-82.33864,29.63849],[-82.3386,29.63851],[-82.33848,29.63861],[-82.33834,29.63876],[-82.33826,29.63891],[-82.33825,29.63914],[-82.33824,29.63924],[-82.33819,29.63926],[-82.33772,29.63926],[-82.33755,29.63929],[-82.33736,29.63929],[-82.33712,29.6393],[-82.33694,29.63937],[-82.3368,29.63951],[-82.3366,29.63956],[-82.3365,29.63961],[-82.33644,29.63968],[-82.33637,29.63977],[-82.33639,29.63987],[-82.33641,29.63991],[-82.33615,29.63995],[-82.33606,29.63984],[-82.33588,29.63978],[-82.33571,29.63987],[-82.3357,29.63996],[-82.33559,29.63996],[-82.33546,29.63982],[-82.33544,29.63963],[-82.33555,29.63963],[-82.33566,29.6395],[-82.33584,29.63941],[-82.33597,29.63944],[-82.33609,29.63945],[-82.33688,29.63914],[-82.33722,29.63903],[-82.33736,29.63902],[-82.33751,29.63901],[-82.33762,29.63894],[-82.33761,29.63886],[-82.33759,29.63877],[-82.33765,29.63868],[-82.33771,29.63857],[-82.33783,29.63855],[-82.33796,29.63855],[-82.338,29.63842],[-82.338,29.63829],[-82.33807,29.63816],[-82.33811,29.63809],[-82.3381,29.63801],[-82.33815,29.63793],[-82.33831,29.63791],[-82.33918,29.63792]]]}},{"type":"Feature","id":"way/1075904672","properties":{"kind":"green","name":""},"geometry":{"type":"Polygon","coordinates":[[[-82.33377,29.64059],[-82.33365,29.6407],[-82.33358,29.64083],[-82.33363,29.64094],[-82.33354,29.64103],[-82.3334,29.64104],[-82.33315,29.64106],[-82.3331,29.64117],[-82.33309,29.64221],[-82.3331,29.64259],[-82.33319,29.6427],[-82.33325,29.64269],[-82.33338,29.64245],[-82.33346,29.64237],[-82.33356,29.64234],[-82.33361,29.64206],[-82.33364,29.64189],[-82.33351,29.64179],[-82.33354,29.64159],[-82.33369,29.64142],[-82.33377,29.64134],[-82.33377,29.64059]]]}},{"type":"Feature","id":"way/1076565198","properties":{"kind":"road","name":"Northwest 13th Street"},"geometry":{"type":"LineString","coordinates":[[-82.33918,29.65392],[-82.33918,29.65398],[-82.33918,29.65456],[-82.33918,29.65472],[-82.33918,29.65486],[-82.33918,29.65503]]}},{"type":"Feature","id":"way/1076565199","properties":{"kind":"road","name":"Northwest 13th Street"},"geometry":{"type":"LineString","coordinates":[[-82.33918,29.65503],[-82.33917,29.65527],[-82.33917,29.6555],[-82.33917,29.65566],[-82.33921,29.65573]]}},{"type":"Feature","id":"way/1076565200","properties":{"kind":"road","name":"Northwest 13th Street"},"geometry":{"type":"LineString","coordinates":[[-82.33928,29.65483],[-82.33929,29.65462],[-82.33929,29.65454],[-82.33929,29.6544]]}},{"type":"Feature","id":"way/1076565203","properties":{"kind":"road","name":"Northwest 13th Street"},"geometry":{"type":"LineString","coordinates":[[-82.33929,29.65413],[-82.33929,29.65398],[-82.33929,29.65392]]}},{"type":"Feature","id":"way/1078415185","properties":{"kind":"road","name":"Southwest 23rd Street"},"geometry":{"type":"LineString","coordinates":[[-82.36171,29.63237],[-82.36161,29.63221]]}},{"type":"Feature","id":"way/1078415186","properties":{"kind":"road","name":"Southwest Archer Road"},"geometry":{"type":"LineString","coordinates":[[-82.3659,29.63039],[-82.36722,29.62978],[-82.36728,29.62975],[-82.36733,29.62972],[-82.36776,29.62953],[-82.36778,29.62951],[-82.36822,29.62932],[-82.36907,29.62897],[-82.36909,29.62896],[-82.36949,29.62878],[-82.36986,29.62861],[-82.3699,29.62859],[-82.37036,29.62836],[-82.37046,29.6283],[-82.37067,29.62819],[-82.37079,29.62812],[-82.3709,29.62806],[-82.37109,29.62795],[-82.37137,29.62779],[-82.37141,29.62777]]}},{"type":"Feature","id":"way/1080746732","properties":{"kind":"green","name":""},"geometry":{"type":"Polygon","coordinates":[[[-82.33768,29.64189],[-82.33771,29.64197],[-82.33771,29.64204],[-82.3376,29.64211],[-82.33743,29.64218],[-82.33712,29.64229],[-82.33678,29.6424],[-82.3364,29.6425],[-82.33625,29.64253],[-82.33616,29.64252],[-82.33608,29.64248],[-82.33602,29.64244],[-82.33599,29.64242],[-82.33624,29.64237],[-82.33659,29.64229],[-82.33705,29.64215],[-82.33747,29.64199],[-82.33768,29.64189]]]}},{"type":"Feature","id":"way/1082216556","properties":{"kind":"green","name":""},"geometry":{"type":"Polygon","coordinates":[[[-82.3311,29.64575],[-82.33043,29.64576],[-82.3304,29.64575],[-82.33039,29.64574],[-82.33038,29.64572],[-82.33038,29.64535],[-82.33038,29.64532],[-82.3304,29.64531],[-82.3311,29.6453],[-82.3311,29.64575]]]}},{"type":"Feature","id":"way/1083348384","properties":{"kind":"green","name":""},"geometry":{"type":"Polygon","coordinates":[[[-82.32319,29.65992],[-82.32369,29.65993],[-82.32369,29.66031],[-82.32367,29.66039],[-82.32365,29.66047],[-82.32364,29.66056],[-82.32364,29.66063],[-82.32355,29.66061],[-82.32352,29.66058],[-82.3235,29.66052],[-82.32352,29.66047],[-82.32351,29.66026],[-82.32326,29.66026],[-82.32327,29.66044],[-82.32323,29.66042],[-82.3232,29.66037],[-82.3232,29.6603],[-82.3232,29.66022],[-82.32323,29.66017],[-82.32332,29.66017],[-82.32341,29.66019],[-82.32343,29.66014],[-82.32344,29.66007],[-82.32339,29.66002],[-82.32326,29.66003],[-82.32318,29.66003],[-82.32319,29.65992]]]}},{"type":"Feature","id":"way/1083348388","properties":{"kind":"water","name":""},"geometry":{"type":"Polygon","coordinates":[[[-82.32415,29.6602],[-82.32415,29.66031],[-82.32411,29.66032],[-82.32377,29.66032],[-82.32377,29.66025],[-82.32382,29.6602],[-82.32415,29.6602]]]}},{"type":"Feature","id":"way/1086107131","properties":{"kind":"water","name":""},"geometry":{"type":"LineString","coordinates":[[-82.36419,29.66662],[-82.36419,29.66657],[-82.36425,29.6663],[-82.36428,29.66602],[-82.36414,29.66569],[-82.36418,29.66531],[-82.36412,29.66481],[-82.36419,29.66472],[-82.36419,29.66458],[-82.36403,29.66427],[-82.3639,29.66377],[-82.36392,29.66348],[-82.36405,29.66338],[-82.36426,29.66323],[-82.36429,29.66307],[-82.36429,29.66305],[-82.36434,29.6627],[-82.36435,29.66246],[-82.36425,29.66219]]}},{"type":"Feature","id":"way/1086107132","properties":{"kind":"water","name":""},"geometry":{"type":"LineString","coordinates":[[-82.36876,29.65938],[-82.36882,29.65919],[-82.36898,29.65895],[-82.36918,29.65864],[-82.36935,29.65814],[-82.36949,29.65768],[-82.36968,29.65737],[-82.36994,29.65724],[-82.37023,29.65711],[-82.37039,29.65697],[-82.3705,29.65652],[-82.37051,29.65624],[-82.3705,29.65584],[-82.37045,29.65554],[-82.3705,29.65501],[-82.37087,29.65466],[-82.37127,29.65421],[-82.37133,29.65384],[-82.37144,29.65342]]}},{"type":"Feature","id":"way/1086107133","properties":{"kind":"water","name":""},"geometry":{"type":"LineString","coordinates":[[-82.36425,29.66219],[-82.36425,29.66197],[-82.36431,29.66171],[-82.36442,29.66143],[-82.3646,29.66094],[-82.36471,29.66076],[-82.36512,29.66041],[-82.36526,29.66029],[-82.36529,29.66025],[-82.36556,29.66016],[-82.36574,29.66018],[-82.36621,29.66027],[-82.36642,29.66022],[-82.36678,29.66019],[-82.36725,29.66026],[-82.36759,29.66026],[-82.36786,29.66023],[-82.36803,29.66002],[-82.3684,29.65984],[-82.36846,29.65974],[-82.36868,29.65966],[-82.3687,29.6596]]}},{"type":"Feature","id":"way/1086107134","properties":{"kind":"water","name":""},"geometry":{"type":"LineString","coordinates":[[-82.36871,29.65956],[-82.36876,29.65938]]}},{"type":"Feature","id":"way/1086107135","properties":{"kind":"water","name":""},"geometry":{"type":"LineString","coordinates":[[-82.37218,29.67367],[-82.37104,29.67367],[-82.37045,29.67363],[-82.36976,29.67346],[-82.3692,29.67319],[-82.36865,29.67283],[-82.36824,29.6725],[-82.36746,29.67207],[-82.36599,29.67132],[-82.36543,29.67095],[-82.36512,29.67055],[-82.36484,29.67011],[-82.36475,29.66959],[-82.36473,29.66898],[-82.36474,29.66849],[-82.36463,29.66814],[-82.3645,29.66798],[-82.36438,29.66782],[-82.36432,29.66762],[-82.36431,29.66735],[-82.36419,29.66697],[-82.36419,29.6669]]}},{"type":"Feature","id":"way/1086107136","properties":{"kind":"water","name":""},"geometry":{"type":"LineString","coordinates":[[-82.36419,29.66668],[-82.36419,29.66662]]}},{"type":"Feature","id":"way/1086107137","properties":{"kind":"water","name":""},"geometry":{"type":"LineString","coordinates":[[-82.36419,29.66676],[-82.36419,29.66668]]}},{"type":"Feature","id":"way/1086107138","properties":{"kind":"water","name":""},"geometry":{"type":"LineString","coordinates":[[-82.36419,29.66687],[-82.36419,29.66676]]}},{"type":"Feature","id":"way/1086107139","properties":{"kind":"water","name":""},"geometry":{"type":"LineString","coordinates":[[-82.36419,29.6669],[-82.36419,29.66687]]}},{"type":"Feature","id":"way/1086107140","properties":{"kind":"water","name":""},"geometry":{"type":"LineString","coordinates":[[-82.3687,29.6596],[-82.36871,29.65956]]}},{"type":"Feature","id":"way/1086187385","properties":{"kind":"water","name":"hogtown creek sediment deposition area"},"geometry":{"type":"Polygon","coordinates":[[[-82.37155,29.65339],[-82.37181,29.65316],[-82.37209,29.65308],[-82.3721,29.65303],[-82.37211,29.65289],[-82.3717,29.65299],[-82.37142,29.65331],[-82.37155,29.65339]]]}},{"type":"Feature","id":"way/1086187386","properties":{"kind":"water","name":"Hogtown Creek"},"geometry":{"type":"LineString","coordinates":[[-82.37596,29.64626],[-82.37876,29.64314],[-82.38278,29.64295],[-82.38605,29.64215],[-82.38991,29.64282],[-82.39198,29.6405],[-82.3923,29.6384]]}},{"type":"Feature","id":"way/1086804031","properties":{"kind":"green","name":""},"geometry":{"type":"Polygon","coordinates":[[[-82.31133,29.64863],[-82.31133,29.64909],[-82.31129,29.64911],[-82.3112,29.64911],[-82.31016,29.64912],[-82.30967,29.64909],[-82.30985,29.64902],[-82.31004,29.6489],[-82.31025,29.64873],[-82.31043,29.6486],[-82.31061,29.6485],[-82.31081,29.64842],[-82.31096,29.64838],[-82.31095,29.64848],[-82.31098,29.6486],[-82.31101,29.64864],[-82.31109,29.64866],[-82.31124,29.64865],[-82.31133,29.64863]]]}},{"type":"Feature","id":"way/1086804032","properties":{"kind":"green","name":""},"geometry":{"type":"Polygon","coordinates":[[[-82.31239,29.64842],[-82.31219,29.64854],[-82.3119,29.64855],[-82.31177,29.64858],[-82.31171,29.64861],[-82.31169,29.64869],[-82.31168,29.64905],[-82.31172,29.6491],[-82.31184,29.64911],[-82.31248,29.64911],[-82.31245,29.64847],[-82.31243,29.64843],[-82.31239,29.64842]]]}},{"type":"Feature","id":"way/1089881512","properties":{"kind":"green","name":""},"geometry":{"type":"Polygon","coordinates":[[[-82.33206,29.6458],[-82.33195,29.64566],[-82.33186,29.64555],[-82.33176,29.64541],[-82.33164,29.64534],[-82.33153,29.64534],[-82.33142,29.6454],[-82.33142,29.64532],[-82.3314,29.64473],[-82.3314,29.64462],[-82.3314,29.64453],[-82.33139,29.64421],[-82.33147,29.6442],[-82.33155,29.64419],[-82.33163,29.64419],[-82.33175,29.64419],[-82.33186,29.64414],[-82.33188,29.64418],[-82.33188,29.64426],[-82.33191,29.64435],[-82.33182,29.64438],[-82.33176,29.64447],[-82.33175,29.6446],[-82.33175,29.64474],[-82.33168,29.64488],[-82.33161,29.64498],[-82.33161,29.64509],[-82.33173,29.64514],[-82.33187,29.64521],[-82.33194,29.64525],[-82.33203,29.64526],[-82.33215,29.64532],[-82.33223,29.64535],[-82.33216,29.64547],[-82.33207,29.64565],[-82.33206,29.6458]]]}},{"type":"Feature","id":"way/1092379834","properties":{"kind":"green","name":""},"geometry":{"type":"Polygon","coordinates":[[[-82.33119,29.65474],[-82.33152,29.65475],[-82.33152,29.65489],[-82.33163,29.65489],[-82.33163,29.65499],[-82.33174,29.65499],[-82.33174,29.65477],[-82.33259,29.65478],[-82.33259,29.6549],[-82.33267,29.6549],[-82.33267,29.65503],[-82.33284,29.65503],[-82.33284,29.65526],[-82.33235,29.65526],[-82.33235,29.6554],[-82.33225,29.65538],[-82.3322,29.65532],[-82.33208,29.65527],[-82.33197,29.65526],[-82.33187,29.65528],[-82.33176,29.65531],[-82.33163,29.65534],[-82.33149,29.65531],[-82.33135,29.65526],[-82.33129,29.65517],[-82.33124,29.65506],[-82.33118,29.65488],[-82.33119,29.65474]]]}},{"type":"Feature","id":"way/1092916579","properties":{"kind":"green","name":""},"geometry":{"type":"Polygon","coordinates":[[[-82.36276,29.64842],[-82.36276,29.64872],[-82.36276,29.64892],[-82.36273,29.64903],[-82.36265,29.64914],[-82.36258,29.64921],[-82.36234,29.64921],[-82.36214,29.64923],[-82.36194,29.64928],[-82.36179,29.64932],[-82.3618,29.64914],[-82.36179,29.64902],[-82.36177,29.64892],[-82.36176,29.64884],[-82.36176,29.64876],[-82.36186,29.64877],[-82.3619,29.64879],[-82.36198,29.64882],[-82.36204,29.64881],[-82.36211,29.64876],[-82.36215,29.6487],[-82.36215,29.64861],[-82.36213,29.64843],[-82.36276,29.64842]]]}},{"type":"Feature","id":"way/1093204466","properties":{"kind":"green","name":""},"geometry":{"type":"Polygon","coordinates":[[[-82.31837,29.63882],[-82.3172,29.63849],[-82.31664,29.63835],[-82.31638,29.63827],[-82.31591,29.63808],[-82.31557,29.63793],[-82.31524,29.63771],[-82.31476,29.63725],[-82.31478,29.63722],[-82.31507,29.63702],[-82.31518,29.63704],[-82.3153,29.63712],[-82.3154,29.63729],[-82.31545,29.63739],[-82.31552,29.63743],[-82.316,29.6371],[-82.3161,29.63702],[-82.31614,29.63698],[-82.31615,29.63693],[-82.31613,29.63683],[-82.31604,29.6367],[-82.31594,29.63665],[-82.3159,29.63661],[-82.31586,29.6366],[-82.31577,29.63665],[-82.31573,29.63668],[-82.31569,29.63667],[-82.31565,29.63664],[-82.31565,29.63661],[-82.31567,29.63659],[-82.3163,29.63615],[-82.31634,29.63615],[-82.31665,29.63652],[-82.31642,29.63668],[-82.31662,29.63687],[-82.31677,29.63702],[-82.31685,29.63717],[-82.31697,29.63723],[-82.317,29.6373],[-82.31698,29.63734],[-82.31684,29.63745],[-82.31678,29.63753],[-82.31678,29.63757],[-82.31682,29.63759],[-82.31687,29.63759],[-82.3169,29.63759],[-82.31694,29.63761],[-82.31695,29.63766],[-82.31697,29.63772],[-82.31702,29.63773],[-82.31709,29.63774],[-82.3171,29.63776],[-82.31709,29.6378],[-82.3171,29.63788],[-82.31718,29.63797],[-82.31728,29.63805],[-82.31739,29.63811],[-82.31747,29.63812],[-82.31757,29.6381],[-82.31766,29.63802],[-82.31774,29.63798],[-82.31784,29.63795],[-82.31792,29.63795],[-82.31837,29.63882]]]}},{"type":"Feature","id":"way/1093204467","properties":{"kind":"green","name":""},"geometry":{"type":"Polygon","coordinates":[[[-82.31838,29.63886],[-82.31839,29.63888],[-82.31838,29.6389],[-82.31833,29.63892],[-82.31823,29.63891],[-82.31803,29.63888],[-82.31782,29.63887],[-82.31758,29.63889],[-82.31736,29.63891],[-82.31723,29.63899],[-82.31717,29.63911],[-82.3171,29.63936],[-82.31701,29.63968],[-82.31696,29.63981],[-82.3169,29.63997],[-82.31688,29.64017],[-82.31693,29.64068],[-82.31697,29.64091],[-82.31703,29.64098],[-82.31737,29.64098],[-82.31737,29.64109],[-82.31731,29.64113],[-82.31698,29.64113],[-82.31695,29.64119],[-82.31697,29.64153],[-82.31698,29.64159],[-82.31705,29.64161],[-82.31742,29.64161],[-82.31742,29.64123],[-82.31786,29.64099],[-82.31791,29.6411],[-82.31794,29.64124],[-82.31791,29.6413],[-82.31777,29.64134],[-82.31767,29.64141],[-82.31767,29.64145],[-82.31774,29.64162],[-82.31771,29.64166],[-82.31764,29.6417],[-82.31762,29.64177],[-82.31763,29.64188],[-82.31761,29.64198],[-82.31767,29.64209],[-82.31779,29.64214],[-82.31792,29.6421],[-82.31797,29.64203],[-82.31874,29.64174],[-82.31889,29.64198],[-82.31896,29.64212],[-82.31901,29.64222],[-82.31899,29.64227],[-82.31775,29.64263],[-82.31769,29.64258],[-82.31762,29.64245],[-82.31757,29.6423],[-82.31745,29.64223],[-82.31726,29.64221],[-82.31679,29.64219],[-82.31678,29.64207],[-82.31682,29.64104],[-82.31679,29.64052],[-82.31669,29.64007],[-82.3167,29.64],[-82.31681,29.63984],[-82.31683,29.63973],[-82.31682,29.63966],[-82.31684,29.63959],[-82.31684,29.63947],[-82.31683,29.63927],[-82.31683,29.63891],[-82.31687,29.63876],[-82.31693,29.63866],[-82.31694,29.63858],[-82.31687,29.63855],[-82.31679,29.63855],[-82.31666,29.63857],[-82.31652,29.63856],[-82.31636,29.63854],[-82.31628,29.63854],[-82.31622,29.63855],[-82.31613,29.63858],[-82.31585,29.63857],[-82.3157,29.6386],[-82.31546,29.63859],[-82.31529,29.63856],[-82.31513,29.63853],[-82.31496,29.63849],[-82.31481,29.6385],[-82.31475,29.63851],[-82.31468,29.63852],[-82.31463,29.63852],[-82.31462,29.63849],[-82.31463,29.63847],[-82.31467,29.63846],[-82.31476,29.63844],[-82.31479,29.6384],[-82.31482,29.63834],[-82.31491,29.63828],[-82.31491,29.63822],[-82.31489,29.63816],[-82.31477,29.63804],[-82.31461,29.63789],[-82.31449,29.63776],[-82.31449,29.6377],[-82.3145,29.63765],[-82.31456,29.63761],[-82.31467,29.63756],[-82.31475,29.63757],[-82.31482,29.6376],[-82.31488,29.63758],[-82.31496,29.63752],[-82.31521,29.63776],[-82.31549,29.63793],[-82.31575,29.63807],[-82.31621,29.63824],[-82.31656,29.63837],[-82.31707,29.6385],[-82.3177,29.63867],[-82.31838,29.63886]]]}},{"type":"Feature","id":"way/1093204468","properties":{"kind":"green","name":""},"geometry":{"type":"Polygon","coordinates":[[[-82.31564,29.63619],[-82.31553,29.63596],[-82.31525,29.63546],[-82.31509,29.63545],[-82.31493,29.63543],[-82.31488,29.63524],[-82.31492,29.63488],[-82.31477,29.63457],[-82.31459,29.63434],[-82.31441,29.63425],[-82.3143,29.63428],[-82.31418,29.63436],[-82.31399,29.63438],[-82.31388,29.63445],[-82.31382,29.63454],[-82.31374,29.6347],[-82.31365,29.63493],[-82.31359,29.63503],[-82.31375,29.63555],[-82.3139,29.63605],[-82.31421,29.63662],[-82.31451,29.63699],[-82.31564,29.63619]]]}},{"type":"Feature","id":"way/1094268360","properties":{"kind":"green","name":""},"geometry":{"type":"Polygon","coordinates":[[[-82.33822,29.6416],[-82.33792,29.64177],[-82.33781,29.64184],[-82.33783,29.64187],[-82.33788,29.64192],[-82.33793,29.64193],[-82.33796,29.64194],[-82.33801,29.64194],[-82.33816,29.64184],[-82.33826,29.64178],[-82.3383,29.64174],[-82.33835,29.64172],[-82.33857,29.64159],[-82.3386,29.64156],[-82.3386,29.64153],[-82.33859,29.6415],[-82.33858,29.64147],[-82.33857,29.64144],[-82.33855,29.64141],[-82.33852,29.64142],[-82.33822,29.6416]]]}},{"type":"Feature","id":"way/1094268361","properties":{"kind":"green","name":""},"geometry":{"type":"Polygon","coordinates":[[[-82.33885,29.64132],[-82.33882,29.64138],[-82.33881,29.64141],[-82.33876,29.64144],[-82.33867,29.64151],[-82.33864,29.64151],[-82.33862,29.6415],[-82.3386,29.64148],[-82.3386,29.64147],[-82.3386,29.64145],[-82.3386,29.64143],[-82.33858,29.6414],[-82.33857,29.64139],[-82.33872,29.64128],[-82.33905,29.64104],[-82.33907,29.64104],[-82.33908,29.64106],[-82.33907,29.64108],[-82.33904,29.64109],[-82.33885,29.64132]]]}},{"type":"Feature","id":"way/1094268371","properties":{"kind":"green","name":""},"geometry":{"type":"Polygon","coordinates":[[[-82.34002,29.63971],[-82.33981,29.63971],[-82.33971,29.63972],[-82.33967,29.63974],[-82.33966,29.6398],[-82.33965,29.63986],[-82.3396,29.63987],[-82.33954,29.63987],[-82.33948,29.63989],[-82.33946,29.63993],[-82.33945,29.63999],[-82.33946,29.64019],[-82.33949,29.64062],[-82.33947,29.64067],[-82.33947,29.64091],[-82.33954,29.64087],[-82.33958,29.64085],[-82.33976,29.64072],[-82.33979,29.64069],[-82.33981,29.6406],[-82.33988,29.64055],[-82.33998,29.64052],[-82.34008,29.64049],[-82.34019,29.6404],[-82.34032,29.64029],[-82.34034,29.64015],[-82.34028,29.6401],[-82.34018,29.64011],[-82.34007,29.64008],[-82.34001,29.64008],[-82.33993,29.64011],[-82.33984,29.64012],[-82.33982,29.64015],[-82.33982,29.6402],[-82.3398,29.64025],[-82.33975,29.64033],[-82.33974,29.64039],[-82.33976,29.64041],[-82.33976,29.64049],[-82.33974,29.64054],[-82.3397,29.64057],[-82.33965,29.64055],[-82.33964,29.6405],[-82.33964,29.64048],[-82.33963,29.64044],[-82.33959,29.6404],[-82.33957,29.64033],[-82.33956,29.64026],[-82.33954,29.64018],[-82.33955,29.64013],[-82.33956,29.64007],[-82.33961,29.64002],[-82.33969,29.64002],[-82.33973,29.64002],[-82.33977,29.64001],[-82.33979,29.64001],[-82.33982,29.64002],[-82.33986,29.64003],[-82.33992,29.64003],[-82.33997,29.64003],[-82.34001,29.64001],[-82.34003,29.63997],[-82.34004,29.63986],[-82.34003,29.63981],[-82.34003,29.63975],[-82.34007,29.63974],[-82.34013,29.63975],[-82.34021,29.63976],[-82.34023,29.63978],[-82.34023,29.63986],[-82.34024,29.63993],[-82.34026,29.63997],[-82.34028,29.63999],[-82.34029,29.64002],[-82.3403,29.64006],[-82.34034,29.64008],[-82.34037,29.64009],[-82.34042,29.64007],[-82.34046,29.64004],[-82.34046,29.63999],[-82.34044,29.63995],[-82.34045,29.63991],[-82.34042,29.63985],[-82.3404,29.6398],[-82.34036,29.63975],[-82.34033,29.63971],[-82.34028,29.6397],[-82.34017,29.6397],[-82.34002,29.63971]]]}},{"type":"Feature","id":"way/1094310230","properties":{"kind":"green","name":""},"geometry":{"type":"Polygon","coordinates":[[[-82.33914,29.63362],[-82.33835,29.63363],[-82.33826,29.6336],[-82.33825,29.63355],[-82.33824,29.6332],[-82.33779,29.63321],[-82.33766,29.63493],[-82.33813,29.63496],[-82.33813,29.63472],[-82.33815,29.63467],[-82.33815,29.6344],[-82.33814,29.63435],[-82.33809,29.63434],[-82.33804,29.63431],[-82.338,29.63427],[-82.33797,29.63419],[-82.33797,29.63393],[-82.338,29.63388],[-82.33807,29.63386],[-82.33831,29.63386],[-82.33914,29.63385],[-82.33914,29.63362]]]}},{"type":"Feature","id":"way/1094502855","properties":{"kind":"water","name":""},"geometry":{"type":"Polygon","coordinates":[[[-82.33378,29.64769],[-82.33366,29.64769],[-82.33366,29.64755],[-82.33346,29.64746],[-82.33346,29.64782],[-82.33346,29.64782],[-82.33346,29.64783],[-82.33346,29.64793],[-82.33377,29.64794],[-82.33378,29.64784],[-82.33378,29.64783],[-82.33378,29.64782],[-82.33378,29.64769]]]}},{"type":"Feature","id":"way/1094540680","properties":{"kind":"green","name":"Oakview Park"},"geometry":{"type":"Polygon","coordinates":[[[-82.333,29.65948],[-82.33299,29.6595],[-82.33299,29.66039],[-82.333,29.66042],[-82.33303,29.66043],[-82.33377,29.66043],[-82.33391,29.66043],[-82.33391,29.65989],[-82.33402,29.65969],[-82.33402,29.65949],[-82.333,29.65948]]]}},{"type":"Feature","id":"way/1094992744","properties":{"kind":"green","name":""},"geometry":{"type":"Polygon","coordinates":[[[-82.31781,29.63512],[-82.31786,29.63518],[-82.31785,29.63524],[-82.31791,29.63532],[-82.31801,29.63542],[-82.318,29.63548],[-82.31794,29.63553],[-82.31793,29.63557],[-82.31803,29.63569],[-82.31801,29.63573],[-82.31785,29.63584],[-82.3178,29.63583],[-82.31768,29.63572],[-82.31762,29.63575],[-82.31746,29.63586],[-82.31738,29.63586],[-82.31728,29.63579],[-82.31712,29.63584],[-82.31705,29.63571],[-82.31705,29.63566],[-82.31708,29.63561],[-82.31781,29.63512]]]}},{"type":"Feature","id":"way/1095220163","properties":{"kind":"water","name":""},"geometry":{"type":"Polygon","coordinates":[[[-82.30715,29.63285],[-82.30709,29.63287],[-82.30701,29.63289],[-82.30693,29.6329],[-82.30686,29.63289],[-82.3068,29.63286],[-82.30677,29.63283],[-82.30674,29.63279],[-82.30672,29.63272],[-82.30671,29.63269],[-82.30671,29.63267],[-82.30674,29.63267],[-82.30682,29.63266],[-82.30688,29.63263],[-82.30693,29.63261],[-82.30699,29.63261],[-82.30702,29.63263],[-82.30706,29.63271],[-82.30709,29.63276],[-82.30713,29.63279],[-82.30716,29.63283],[-82.30715,29.63285]]]}},{"type":"Feature","id":"way/1095250406","properties":{"kind":"water","name":""},"geometry":{"type":"Polygon","coordinates":[[[-82.37622,29.63758],[-82.37624,29.63759],[-82.37624,29.63761],[-82.37625,29.63767],[-82.37624,29.63783],[-82.37624,29.63784],[-82.37622,29.63785],[-82.37622,29.63786],[-82.37621,29.63787],[-82.37619,29.63786],[-82.37611,29.63781],[-82.37604,29.63776],[-82.37599,29.63771],[-82.37599,29.6377],[-82.37598,29.63769],[-82.37598,29.63768],[-82.37599,29.63767],[-82.37601,29.63765],[-82.37612,29.6376],[-82.37617,29.63759],[-82.37619,29.63758],[-82.37622,29.63758]]]}},{"type":"Feature","id":"way/1097049119","properties":{"kind":"green","name":"Murphree Commons Courtyard"},"geometry":{"type":"Polygon","coordinates":[[[-82.34594,29.65152],[-82.34591,29.65152],[-82.34584,29.65152],[-82.34584,29.65144],[-82.34583,29.65144],[-82.34583,29.65134],[-82.34578,29.65134],[-82.34578,29.65128],[-82.34567,29.65127],[-82.34567,29.65133],[-82.34563,29.65133],[-82.34563,29.6514],[-82.34555,29.6514],[-82.34546,29.6514],[-82.34546,29.65121],[-82.34548,29.65121],[-82.34548,29.6512],[-82.34549,29.65119],[-82.34549,29.65116],[-82.34547,29.65114],[-82.34547,29.65113],[-82.34546,29.65113],[-82.34546,29.65089],[-82.34547,29.65088],[-82.34548,29.65087],[-82.3458,29.65087],[-82.3458,29.65088],[-82.34591,29.65088],[-82.34591,29.65087],[-82.34594,29.65087],[-82.34594,29.65089],[-82.34594,29.65152]]]}},{"type":"Feature","id":"way/1097062679","properties":{"kind":"green","name":"Buckman Courtyard"},"geometry":{"type":"Polygon","coordinates":[[[-82.34537,29.65113],[-82.34537,29.65079],[-82.34546,29.65079],[-82.34546,29.65066],[-82.34544,29.65064],[-82.34524,29.65064],[-82.34509,29.65064],[-82.34506,29.65064],[-82.34506,29.65113],[-82.34509,29.65113],[-82.34524,29.65113],[-82.34537,29.65113]]]}},{"type":"Feature","id":"way/1097141696","properties":{"kind":"green","name":"Thomas Green"},"geometry":{"type":"Polygon","coordinates":[[[-82.34606,29.65152],[-82.3461,29.65152],[-82.34624,29.65153],[-82.34624,29.65106],[-82.34606,29.65106],[-82.34606,29.65152]]]}},{"type":"Feature","id":"way/1101722479","properties":{"kind":"water","name":""},"geometry":{"type":"Polygon","coordinates":[[[-82.34254,29.6362],[-82.34259,29.63616],[-82.34268,29.63616],[-82.34274,29.63612],[-82.34298,29.63613],[-82.34295,29.63633],[-82.34285,29.63641],[-82.34286,29.63638],[-82.34285,29.63637],[-82.34286,29.63622],[-82.34254,29.6362]]]}},{"type":"Feature","id":"way/1101722480","properties":{"kind":"water","name":""},"geometry":{"type":"Polygon","coordinates":[[[-82.34275,29.63671],[-82.34279,29.63675],[-82.34278,29.63686],[-82.34273,29.63689],[-82.3426,29.63688],[-82.34256,29.63684],[-82.34257,29.63673],[-82.34262,29.6367],[-82.34275,29.63671]]]}},{"type":"Feature","id":"way/1105768854","properties":{"kind":"road","name":"Southwest 34th Street"},"geometry":{"type":"LineString","coordinates":[[-82.37266,29.62844],[-82.37266,29.62839],[-82.37266,29.62833]]}},{"type":"Feature","id":"way/1105768855","properties":{"kind":"road","name":"Windmeadows Boulevard"},"geometry":{"type":"LineString","coordinates":[[-82.37266,29.62844],[-82.37275,29.62844],[-82.37287,29.62844]]}},{"type":"Feature","id":"way/1105768856","properties":{"kind":"road","name":"Windmeadows Boulevard"},"geometry":{"type":"LineString","coordinates":[[-82.37287,29.62844],[-82.37293,29.62844],[-82.37319,29.62843],[-82.37346,29.62841],[-82.37379,29.62837],[-82.37392,29.62835],[-82.37409,29.62833],[-82.37417,29.62832],[-82.37432,29.62832],[-82.37448,29.62831],[-82.37461,29.62831],[-82.37472,29.62831],[-82.3751,29.62832],[-82.37537,29.62833],[-82.3755,29.62834],[-82.37599,29.62836],[-82.37629,29.62837],[-82.37677,29.62839],[-82.37703,29.62837],[-82.37724,29.62831],[-82.37748,29.62819],[-82.37758,29.62811],[-82.3776,29.62809],[-82.3777,29.62798],[-82.37798,29.62762],[-82.37836,29.62713],[-82.37842,29.62705],[-82.37847,29.62698],[-82.37885,29.6265],[-82.37906,29.62622],[-82.37938,29.62581],[-82.37943,29.62574],[-82.37942,29.62567]]}},{"type":"Feature","id":"way/1106606607","properties":{"kind":"road","name":"South Main Street"},"geometry":{"type":"LineString","coordinates":[[-82.32654,29.63838],[-82.32656,29.63832],[-82.32659,29.63824],[-82.32669,29.63799],[-82.32678,29.63774]]}},{"type":"Feature","id":"way/1106606608","properties":{"kind":"road","name":"South Main Street"},"geometry":{"type":"LineString","coordinates":[[-82.327,29.63712],[-82.32706,29.63707],[-82.32711,29.63695],[-82.32721,29.63669],[-82.32722,29.63664],[-82.32728,29.63648],[-82.32735,29.63632],[-82.32736,29.63629],[-82.32743,29.63611],[-82.32752,29.63589],[-82.32758,29.63575]]}},{"type":"Feature","id":"way/1106606609","properties":{"kind":"road","name":"South Main Street"},"geometry":{"type":"LineString","coordinates":[[-82.3275,29.63569],[-82.32744,29.63584],[-82.32742,29.6359],[-82.32742,29.63592],[-82.32736,29.63607],[-82.3273,29.63623],[-82.32729,29.63625],[-82.32725,29.63635],[-82.3272,29.63649],[-82.32713,29.63667],[-82.32705,29.6369],[-82.32699,29.63706],[-82.327,29.63712]]}},{"type":"Feature","id":"way/1106712164","properties":{"kind":"road","name":"Southeast Depot Avenue"},"geometry":{"type":"LineString","coordinates":[[-82.32259,29.64517],[-82.32251,29.64518]]}},{"type":"Feature","id":"way/1106712165","properties":{"kind":"road","name":"Southeast Depot Avenue"},"geometry":{"type":"LineString","coordinates":[[-82.32251,29.64525],[-82.32255,29.64525],[-82.32269,29.64523],[-82.32283,29.64521],[-82.32294,29.64519],[-82.32303,29.64517]]}},{"type":"Feature","id":"way/1106712166","properties":{"kind":"road","name":"Southeast Depot Avenue"},"geometry":{"type":"LineString","coordinates":[[-82.32174,29.6452],[-82.32183,29.64521],[-82.3219,29.64522],[-82.32199,29.64524],[-82.32205,29.64524]]}},{"type":"Feature","id":"way/1106712167","properties":{"kind":"road","name":"Southeast Depot Avenue"},"geometry":{"type":"LineString","coordinates":[[-82.32231,29.64519],[-82.32223,29.64519],[-82.32215,29.64519],[-82.32211,29.64518],[-82.32209,29.64518],[-82.32205,29.64518]]}},{"type":"Feature","id":"way/1106712168","properties":{"kind":"road","name":"Southeast 3rd Street"},"geometry":{"type":"LineString","coordinates":[[-82.32232,29.64537],[-82.32232,29.64534],[-82.32232,29.6453],[-82.32232,29.64526]]}},{"type":"Feature","id":"way/1107091716","properties":{"kind":"road","name":""},"geometry":{"type":"LineString","coordinates":[[-82.33707,29.65016],[-82.33705,29.65018]]}},{"type":"Feature","id":"way/1107139467","properties":{"kind":"water","name":""},"geometry":{"type":"Polygon","coordinates":[[[-82.35725,29.63559],[-82.35728,29.63559],[-82.35729,29.6356],[-82.35729,29.63562],[-82.35729,29.63563],[-82.35729,29.63565],[-82.35729,29.63566],[-82.35727,29.63567],[-82.35726,29.63568],[-82.35724,29.63568],[-82.35721,29.63568],[-82.35719,29.63568],[-82.35717,29.63569],[-82.35714,29.63569],[-82.35698,29.63569],[-82.35692,29.63568],[-82.35688,29.63565],[-82.35686,29.63564],[-82.35682,29.63563],[-82.35678,29.63564],[-82.35675,29.63566],[-82.35673,29.63568],[-82.3567,29.63569],[-82.35661,29.63569],[-82.35658,29.63568],[-82.35657,29.63567],[-82.35657,29.63566],[-82.35657,29.63564],[-82.35656,29.63554],[-82.35659,29.63551],[-82.35669,29.63552],[-82.35673,29.63554],[-82.35675,29.63557],[-82.35676,29.63559],[-82.3568,29.6356],[-82.3569,29.63561],[-82.35716,29.63559],[-82.35725,29.63559]]]}},{"type":"Feature","id":"way/1107179429","properties":{"kind":"road","name":""},"geometry":{"type":"LineString","coordinates":[[-82.33722,29.65019],[-82.3372,29.65017]]}},{"type":"Feature","id":"way/1107195075","properties":{"kind":"road","name":"Southeast Depot Avenue"},"geometry":{"type":"LineString","coordinates":[[-82.32232,29.64526],[-82.32242,29.64525],[-82.32251,29.64525]]}},{"type":"Feature","id":"way/1107195076","properties":{"kind":"road","name":""},"geometry":{"type":"LineString","coordinates":[[-82.3147,29.65941],[-82.31472,29.65943],[-82.31473,29.65943]]}},{"type":"Feature","id":"way/1107195089","properties":{"kind":"road","name":""},"geometry":{"type":"LineString","coordinates":[[-82.3249,29.64473],[-82.32494,29.64475],[-82.32498,29.64476],[-82.32502,29.64476],[-82.32506,29.64475]]}},{"type":"Feature","id":"way/1107195090","properties":{"kind":"road","name":""},"geometry":{"type":"LineString","coordinates":[[-82.32484,29.64469],[-82.32487,29.64471],[-82.3249,29.64473]]}},{"type":"Feature","id":"way/1107195091","properties":{"kind":"road","name":""},"geometry":{"type":"LineString","coordinates":[[-82.31784,29.64586],[-82.31786,29.64587],[-82.31789,29.64589],[-82.31792,29.64589],[-82.31795,29.64589],[-82.31799,29.64588],[-82.31802,29.64586],[-82.31804,29.64584]]}},{"type":"Feature","id":"way/1107195092","properties":{"kind":"road","name":""},"geometry":{"type":"LineString","coordinates":[[-82.31782,29.64574],[-82.31781,29.64577],[-82.31781,29.64581],[-82.31782,29.64584],[-82.31784,29.64586]]}},{"type":"Feature","id":"way/1107195093","properties":{"kind":"road","name":""},"geometry":{"type":"LineString","coordinates":[[-82.31804,29.64584],[-82.31805,29.64581],[-82.31805,29.64577],[-82.31804,29.64574],[-82.31802,29.64572]]}},{"type":"Feature","id":"way/1107204421","properties":{"kind":"road","name":"Archer Road"},"geometry":{"type":"LineString","coordinates":[[-82.35117,29.63635],[-82.35101,29.63641],[-82.3508,29.63649]]}},{"type":"Feature","id":"way/1107401944","properties":{"kind":"road","name":"4th Street"},"geometry":{"type":"LineString","coordinates":[[-82.31599,29.63394],[-82.31591,29.63378],[-82.31586,29.63369],[-82.31547,29.63296],[-82.31541,29.63285]]}},{"type":"Feature","id":"way/1107401946","properties":{"kind":"road","name":"South Main Street"},"geometry":{"type":"LineString","coordinates":[[-82.32678,29.63774],[-82.32684,29.63757],[-82.32695,29.63728],[-82.327,29.63712]]}},{"type":"Feature","id":"way/1107401947","properties":{"kind":"road","name":"Archer Road"},"geometry":{"type":"LineString","coordinates":[[-82.33981,29.6413],[-82.33964,29.64159],[-82.33956,29.64169],[-82.33947,29.64177],[-82.3394,29.64183]]}},{"type":"Feature","id":"way/1107401948","properties":{"kind":"road","name":""},"geometry":{"type":"LineString","coordinates":[[-82.32585,29.64069],[-82.32581,29.64071]]}},{"type":"Feature","id":"way/1107401949","properties":{"kind":"road","name":""},"geometry":{"type":"LineString","coordinates":[[-82.32577,29.64082],[-82.32579,29.64085],[-82.32581,29.64087],[-82.32584,29.64088]]}},{"type":"Feature","id":"way/1107495459","properties":{"kind":"road","name":""},"geometry":{"type":"LineString","coordinates":[[-82.31474,29.65927],[-82.31471,29.65929],[-82.31469,29.65931]]}},{"type":"Feature","id":"way/1107495460","properties":{"kind":"road","name":""},"geometry":{"type":"LineString","coordinates":[[-82.31483,29.65927],[-82.3148,29.65926],[-82.31477,29.65926],[-82.31474,29.65927]]}},{"type":"Feature","id":"way/1107950275","properties":{"kind":"water","name":""},"geometry":{"type":"Polygon","coordinates":[[[-82.3181,29.63948],[-82.31816,29.63956],[-82.31818,29.63957],[-82.3182,29.63959],[-82.31822,29.6396],[-82.31825,29.63961],[-82.31827,29.63962],[-82.31829,29.63963],[-82.31829,29.63966],[-82.31829,29.63969],[-82.31828,29.63971],[-82.31827,29.63972],[-82.31824,29.63973],[-82.31822,29.63973],[-82.31819,29.63973],[-82.31816,29.63974],[-82.31815,29.63977],[-82.31813,29.63979],[-82.31809,29.6398],[-82.31806,29.63981],[-82.31803,29.63981],[-82.318,29.6398],[-82.31798,29.63978],[-82.31797,29.63976],[-82.31796,29.63974],[-82.31795,29.63972],[-82.31795,29.6397],[-82.31794,29.63967],[-82.31793,29.63963],[-82.31791,29.6396],[-82.3179,29.63958],[-82.31789,29.63956],[-82.31788,29.63953],[-82.31787,29.63952],[-82.31786,29.63949],[-82.31785,29.63946],[-82.31783,29.63944],[-82.31782,29.63942],[-82.31779,29.63938],[-82.31777,29.63936],[-82.31775,29.63933],[-82.31772,29.63931],[-82.3177,29.63927],[-82.31769,29.63925],[-82.31768,29.63921],[-82.31766,29.63915],[-82.31768,29.6391],[-82.31769,29.63907],[-82.31771,29.63905],[-82.31771,29.63903],[-82.31772,29.63901],[-82.31774,29.63899],[-82.31776,29.63898],[-82.31779,29.63898],[-82.31781,29.63899],[-82.31783,29.639],[-82.31785,29.63902],[-82.31787,29.63904],[-82.3179,29.63907],[-82.31791,29.6391],[-82.31798,29.63924],[-82.3181,29.63948]]]}},{"type":"Feature","id":"way/1107950277","properties":{"kind":"water","name":""},"geometry":{"type":"Polygon","coordinates":[[[-82.31683,29.63455],[-82.31689,29.63453],[-82.31691,29.63453],[-82.31693,29.63454],[-82.31691,29.63455],[-82.3169,29.63456],[-82.31688,29.63457],[-82.31686,29.63459],[-82.31685,29.6346],[-82.31683,29.63461],[-82.31682,29.63463],[-82.31679,29.63465],[-82.31677,29.63467],[-82.31675,29.63468],[-82.31671,29.63472],[-82.31669,29.63473],[-82.31668,29.63474],[-82.31666,29.63475],[-82.31664,29.63476],[-82.31663,29.63477],[-82.3166,29.63478],[-82.31658,29.63478],[-82.31656,29.63477],[-82.31654,29.63477],[-82.31653,29.63475],[-82.31654,29.63473],[-82.31656,29.63472],[-82.31658,29.6347],[-82.31659,29.63469],[-82.31662,29.63468],[-82.31664,29.63466],[-82.31666,29.63466],[-82.31668,29.63464],[-82.31669,29.63463],[-82.31672,29.63461],[-82.31674,29.6346],[-82.31675,29.63459],[-82.31683,29.63455]]]}},{"type":"Feature","id":"way/1107982934","properties":{"kind":"road","name":"Southwest Second Avenue"},"geometry":{"type":"LineString","coordinates":[[-82.32797,29.65022],[-82.32788,29.65022]]}},{"type":"Feature","id":"way/1107982935","properties":{"kind":"road","name":"Southwest 2nd Avenue"},"geometry":{"type":"LineString","coordinates":[[-82.32788,29.6503],[-82.32796,29.6503],[-82.32843,29.6503],[-82.32867,29.6503],[-82.32878,29.6503],[-82.32912,29.65029],[-82.32929,29.65029],[-82.32954,29.65029],[-82.33044,29.65028]]}},{"type":"Feature","id":"way/1107982937","properties":{"kind":"road","name":"Southwest 4th Avenue"},"geometry":{"type":"LineString","coordinates":[[-82.33712,29.64844],[-82.33718,29.64844],[-82.3374,29.64844],[-82.33754,29.64844],[-82.33763,29.64844],[-82.3385,29.64844],[-82.33872,29.64844],[-82.33875,29.64844]]}},{"type":"Feature","id":"way/1107982941","properties":{"kind":"road","name":"Southwest Second Avenue"},"geometry":{"type":"LineString","coordinates":[[-82.32788,29.65022],[-82.32728,29.65023],[-82.32709,29.65023],[-82.327,29.65023]]}},{"type":"Feature","id":"way/1107982942","properties":{"kind":"road","name":"Southwest 2nd Avenue"},"geometry":{"type":"LineString","coordinates":[[-82.32659,29.65031],[-82.3268,29.65031],[-82.3272,29.65031],[-82.32729,29.65031],[-82.32788,29.6503]]}},{"type":"Feature","id":"way/1108067594","properties":{"kind":"road","name":"Southwest 11th Street"},"geometry":{"type":"LineString","coordinates":[[-82.33591,29.64281],[-82.33591,29.64278],[-82.33592,29.64275],[-82.33592,29.64272],[-82.33592,29.64269],[-82.33592,29.64267],[-82.33591,29.64265],[-82.3359,29.64263],[-82.33587,29.64261],[-82.33583,29.6426],[-82.33578,29.6426],[-82.33576,29.64261],[-82.33573,29.64262],[-82.3357,29.64264],[-82.33569,29.64267],[-82.33568,29.64269],[-82.33568,29.64271],[-82.3357,29.64275],[-82.3357,29.64276]]}},{"type":"Feature","id":"way/1108067595","properties":{"kind":"road","name":"Southwest 11th Street"},"geometry":{"type":"LineString","coordinates":[[-82.3357,29.64276],[-82.33573,29.64279],[-82.33575,29.64284],[-82.33576,29.64289],[-82.33576,29.64294],[-82.33576,29.64297],[-82.33575,29.64302],[-82.33576,29.64304],[-82.33577,29.64306],[-82.33581,29.64309]]}},{"type":"Feature","id":"way/1108067597","properties":{"kind":"road","name":""},"geometry":{"type":"LineString","coordinates":[[-82.33361,29.64312],[-82.3337,29.64311],[-82.33395,29.64306],[-82.33446,29.64296],[-82.33485,29.64288],[-82.33521,29.64281],[-82.33549,29.64276],[-82.33559,29.64275],[-82.33564,29.64275],[-82.3357,29.64276]]}},{"type":"Feature","id":"way/1109117201","properties":{"kind":"road","name":"Southeast 3rd Street"},"geometry":{"type":"LineString","coordinates":[[-82.32232,29.64526],[-82.32231,29.64519]]}},{"type":"Feature","id":"way/1111156260","properties":{"kind":"water","name":""},"geometry":{"type":"Polygon","coordinates":[[[-82.31781,29.63964],[-82.31783,29.63968],[-82.31784,29.63971],[-82.31782,29.63971],[-82.3178,29.6397],[-82.31776,29.6397],[-82.31771,29.63969],[-82.31765,29.63967],[-82.31756,29.63961],[-82.31754,29.63955],[-82.31754,29.63946],[-82.31755,29.63942],[-82.31757,29.63937],[-82.3176,29.63935],[-82.31763,29.63935],[-82.31767,29.63938],[-82.31773,29.63946],[-82.31778,29.63953],[-82.3178,29.63959],[-82.31781,29.63964]]]}},{"type":"Feature","id":"way/1112146329","properties":{"kind":"road","name":"North Main Street"},"geometry":{"type":"LineString","coordinates":[[-82.32451,29.66429],[-82.32455,29.66424],[-82.32455,29.66384],[-82.32456,29.66358],[-82.32452,29.66351]]}},{"type":"Feature","id":"way/1112146330","properties":{"kind":"road","name":"North Main Street"},"geometry":{"type":"LineString","coordinates":[[-82.32451,29.66477],[-82.32451,29.66439]]}},{"type":"Feature","id":"way/1112146331","properties":{"kind":"road","name":"North Main Street"},"geometry":{"type":"LineString","coordinates":[[-82.32452,29.66351],[-82.32449,29.66358],[-82.32448,29.6638],[-82.32448,29.66424],[-82.32451,29.66429]]}},{"type":"Feature","id":"way/1113474400","properties":{"kind":"water","name":""},"geometry":{"type":"Polygon","coordinates":[[[-82.3234,29.65217],[-82.32329,29.65217],[-82.32329,29.65234],[-82.32331,29.65234],[-82.32331,29.65243],[-82.32319,29.65243],[-82.32319,29.65252],[-82.32339,29.65252],[-82.32339,29.65243],[-82.32334,29.65243],[-82.32334,29.65234],[-82.3234,29.65234],[-82.3234,29.65217]]]}},{"type":"Feature","id":"way/1126659423","properties":{"kind":"road","name":"South Main Street"},"geometry":{"type":"LineString","coordinates":[[-82.32501,29.65105],[-82.32501,29.65092],[-82.325,29.65041],[-82.325,29.65031]]}},{"type":"Feature","id":"way/1133274827","properties":{"kind":"water","name":"Sweetwater Branch Creek"},"geometry":{"type":"LineString","coordinates":[[-82.32039,29.6496],[-82.3204,29.64942],[-82.32038,29.64919],[-82.3203,29.64887],[-82.32022,29.64861],[-82.32021,29.64841]]}},{"type":"Feature","id":"way/1133274828","properties":{"kind":"water","name":"Sweetwater Branch Creek"},"geometry":{"type":"LineString","coordinates":[[-82.32039,29.64973],[-82.32039,29.6496]]}},{"type":"Feature","id":"way/1133274829","properties":{"kind":"water","name":""},"geometry":{"type":"LineString","coordinates":[[-82.32021,29.64841],[-82.32023,29.64823],[-82.3203,29.6481],[-82.32045,29.64798],[-82.32055,29.64783],[-82.32055,29.64747]]}},{"type":"Feature","id":"way/1133274830","properties":{"kind":"water","name":""},"geometry":{"type":"Polygon","coordinates":[[[-82.32055,29.64747],[-82.32051,29.64746],[-82.32049,29.64744],[-82.32047,29.64742],[-82.32045,29.64738],[-82.32045,29.64736],[-82.32044,29.64733],[-82.32045,29.64731],[-82.32045,29.64729],[-82.32047,29.64728],[-82.32048,29.64727],[-82.3205,29.64727],[-82.32051,29.64726],[-82.32053,29.64726],[-82.32055,29.64726],[-82.32057,29.64727],[-82.3206,29.64727],[-82.32061,29.64728],[-82.32063,29.6473],[-82.32064,29.64731],[-82.32065,29.64732],[-82.32066,29.64733],[-82.32066,29.64735],[-82.32066,29.64737],[-82.32066,29.64738],[-82.32065,29.6474],[-82.32065,29.64741],[-82.32064,29.64742],[-82.32062,29.64744],[-82.32059,29.64745],[-82.32055,29.64747]]]}},{"type":"Feature","id":"way/1134547086","properties":{"kind":"water","name":"Sweetwater Branch"},"geometry":{"type":"LineString","coordinates":[[-82.31796,29.63805],[-82.31817,29.63799]]}},{"type":"Feature","id":"way/1134547087","properties":{"kind":"water","name":"Sweetwater Branch"},"geometry":{"type":"LineString","coordinates":[[-82.31595,29.64221],[-82.31601,29.64202],[-82.31611,29.64177],[-82.31622,29.64155],[-82.3164,29.64128],[-82.31647,29.64105],[-82.3165,29.64087],[-82.31654,29.64076],[-82.31669,29.64054],[-82.31673,29.64041],[-82.31676,29.64024],[-82.31676,29.6401],[-82.31681,29.63995],[-82.31691,29.63973],[-82.31695,29.63944],[-82.31698,29.63919],[-82.31705,29.63892],[-82.31715,29.63875],[-82.3173,29.63864],[-82.31737,29.63848],[-82.31746,29.63835],[-82.31756,29.63828],[-82.31772,29.63823],[-82.31781,29.63815],[-82.31796,29.63805]]}},{"type":"Feature","id":"way/1134617087","properties":{"kind":"water","name":"Sweetwater Branch"},"geometry":{"type":"LineString","coordinates":[[-82.32046,29.64489],[-82.32012,29.64417],[-82.32007,29.64413],[-82.31984,29.6441],[-82.31949,29.64407],[-82.31914,29.64401],[-82.31881,29.64393],[-82.31849,29.64392],[-82.31815,29.64389],[-82.31776,29.64383],[-82.31756,29.64378],[-82.31733,29.64372],[-82.31706,29.64371],[-82.3168,29.64371],[-82.31656,29.64374]]}},{"type":"Feature","id":"way/1134617088","properties":{"kind":"water","name":"Sweetwater Branch"},"geometry":{"type":"LineString","coordinates":[[-82.31517,29.6428],[-82.31521,29.64278],[-82.31538,29.64272],[-82.31547,29.64272],[-82.31551,29.6427],[-82.31558,29.64255],[-82.31562,29.64251],[-82.3157,29.64249],[-82.31575,29.64244],[-82.31578,29.64237],[-82.31595,29.64221]]}},{"type":"Feature","id":"way/1134617089","properties":{"kind":"water","name":"Sweetwater Branch"},"geometry":{"type":"LineString","coordinates":[[-82.31503,29.64291],[-82.31517,29.6428]]}},{"type":"Feature","id":"way/1134617090","properties":{"kind":"water","name":"Sweetwater Branch"},"geometry":{"type":"LineString","coordinates":[[-82.31281,29.64566],[-82.3129,29.64553],[-82.31296,29.64535],[-82.31297,29.64518],[-82.31309,29.64505],[-82.3132,29.64496],[-82.31332,29.64484],[-82.31335,29.64473],[-82.31342,29.64451],[-82.31342,29.64437],[-82.31337,29.64428],[-82.31336,29.64409],[-82.31337,29.64392],[-82.31342,29.64377],[-82.31352,29.64369],[-82.31367,29.64363],[-82.31382,29.64359],[-82.31398,29.64355],[-82.31415,29.6435],[-82.31431,29.64342],[-82.31445,29.64332],[-82.3146,29.64326],[-82.31477,29.64316],[-82.31489,29.64306],[-82.31498,29.64297],[-82.31503,29.64291]]}},{"type":"Feature","id":"way/1134617091","properties":{"kind":"water","name":"Sweetwater Branch"},"geometry":{"type":"LineString","coordinates":[[-82.3127,29.64586],[-82.31281,29.64566]]}},{"type":"Feature","id":"way/1134617092","properties":{"kind":"water","name":"Sweetwater Branch"},"geometry":{"type":"LineString","coordinates":[[-82.31173,29.64775],[-82.31181,29.64771],[-82.31196,29.6476],[-82.3121,29.64748],[-82.31224,29.64738],[-82.31231,29.64725],[-82.31237,29.64715],[-82.31254,29.64699],[-82.3127,29.64676],[-82.31272,29.64663],[-82.31271,29.6465],[-82.31267,29.64638],[-82.31268,29.64618],[-82.31268,29.64594],[-82.3127,29.64586]]}},{"type":"Feature","id":"way/1134617093","properties":{"kind":"water","name":"Sweetwater Branch"},"geometry":{"type":"LineString","coordinates":[[-82.3113,29.64813],[-82.31133,29.6481]]}},{"type":"Feature","id":"way/1134617094","properties":{"kind":"water","name":"Sweetwater Branch"},"geometry":{"type":"LineString","coordinates":[[-82.31133,29.6481],[-82.31173,29.64775]]}},{"type":"Feature","id":"way/1134620528","properties":{"kind":"water","name":"Sweetwater Branch"},"geometry":{"type":"LineString","coordinates":[[-82.31646,29.64375],[-82.31633,29.64373],[-82.31614,29.64366],[-82.31592,29.64352],[-82.31582,29.64336],[-82.31577,29.64315],[-82.31582,29.643],[-82.31588,29.64286],[-82.31594,29.64267],[-82.31595,29.64221]]}},{"type":"Feature","id":"way/1134620529","properties":{"kind":"water","name":"Sweetwater Branch"},"geometry":{"type":"LineString","coordinates":[[-82.31656,29.64374],[-82.31646,29.64375]]}},{"type":"Feature","id":"way/1134620530","properties":{"kind":"water","name":"Sweetwater Branch"},"geometry":{"type":"LineString","coordinates":[[-82.32048,29.64727],[-82.32038,29.64698],[-82.32057,29.64577],[-82.32064,29.6455]]}},{"type":"Feature","id":"way/1134620531","properties":{"kind":"water","name":"Sweetwater Branch"},"geometry":{"type":"LineString","coordinates":[[-82.32065,29.64538],[-82.32048,29.64494],[-82.32046,29.64489]]}},{"type":"Feature","id":"way/1134620532","properties":{"kind":"water","name":"Sweetwater Branch"},"geometry":{"type":"LineString","coordinates":[[-82.32064,29.6455],[-82.32065,29.64538]]}},{"type":"Feature","id":"way/1134835612","properties":{"kind":"water","name":""},"geometry":{"type":"LineString","coordinates":[[-82.35369,29.66359],[-82.35489,29.66365],[-82.35699,29.66274],[-82.35868,29.66142],[-82.36006,29.66014],[-82.36029,29.65992],[-82.36032,29.6599],[-82.36065,29.65957]]}},{"type":"Feature","id":"way/1134835613","properties":{"kind":"water","name":""},"geometry":{"type":"LineString","coordinates":[[-82.34892,29.66691],[-82.34896,29.66686]]}},{"type":"Feature","id":"way/1134835614","properties":{"kind":"water","name":""},"geometry":{"type":"LineString","coordinates":[[-82.34896,29.66686],[-82.34921,29.66658]]}},{"type":"Feature","id":"way/1134835619","properties":{"kind":"water","name":""},"geometry":{"type":"LineString","coordinates":[[-82.34921,29.66658],[-82.34952,29.66623],[-82.34961,29.66603],[-82.34977,29.66584],[-82.34999,29.66569],[-82.35022,29.66562],[-82.35053,29.66549],[-82.35082,29.66531],[-82.35112,29.66512],[-82.35141,29.66504],[-82.3519,29.66498],[-82.35188,29.66466],[-82.35178,29.66434],[-82.35175,29.66411],[-82.35175,29.6641],[-82.3518,29.66385],[-82.35187,29.66375],[-82.35193,29.66366],[-82.35217,29.66351],[-82.35245,29.66349],[-82.35291,29.66355],[-82.35331,29.66357],[-82.35357,29.66358]]}},{"type":"Feature","id":"way/1134835620","properties":{"kind":"water","name":""},"geometry":{"type":"LineString","coordinates":[[-82.35357,29.66358],[-82.35369,29.66359]]}},{"type":"Feature","id":"way/1134835621","properties":{"kind":"water","name":""},"geometry":{"type":"LineString","coordinates":[[-82.36087,29.65936],[-82.36147,29.65881]]}},{"type":"Feature","id":"way/1134835622","properties":{"kind":"water","name":""},"geometry":{"type":"LineString","coordinates":[[-82.36065,29.65957],[-82.36071,29.65952]]}},{"type":"Feature","id":"way/1134835623","properties":{"kind":"water","name":""},"geometry":{"type":"LineString","coordinates":[[-82.36071,29.65952],[-82.36087,29.65936]]}},{"type":"Feature","id":"way/1134835624","properties":{"kind":"water","name":""},"geometry":{"type":"LineString","coordinates":[[-82.36006,29.66014],[-82.36289,29.66016],[-82.36509,29.66018],[-82.36526,29.66029]]}},{"type":"Feature","id":"way/1134836191","properties":{"kind":"water","name":""},"geometry":{"type":"LineString","coordinates":[[-82.36147,29.65881],[-82.36618,29.65864],[-82.36874,29.65736],[-82.36968,29.65737]]}},{"type":"Feature","id":"way/1135286903","properties":{"kind":"green","name":"Dreamer's Garden"},"geometry":{"type":"Polygon","coordinates":[[[-82.32934,29.66104],[-82.32934,29.66079],[-82.32893,29.66078],[-82.32892,29.66104],[-82.32934,29.66104]]]}},{"type":"Feature","id":"way/1135764454","properties":{"kind":"water","name":""},"geometry":{"type":"LineString","coordinates":[[-82.3448,29.67239],[-82.34487,29.67226],[-82.34502,29.67215],[-82.34521,29.6721],[-82.3453,29.67202],[-82.3454,29.67184],[-82.3456,29.67165],[-82.34581,29.67152],[-82.34591,29.67136],[-82.34608,29.67109],[-82.34635,29.67088],[-82.34657,29.67078],[-82.34659,29.6707],[-82.34653,29.67062],[-82.34643,29.67053],[-82.34638,29.67032],[-82.34649,29.67021],[-82.34652,29.67002],[-82.3465,29.66989],[-82.3465,29.66964],[-82.34655,29.66944],[-82.3465,29.66931],[-82.34652,29.66919],[-82.34653,29.66898],[-82.3467,29.66888],[-82.34692,29.66879],[-82.34724,29.66886],[-82.3475,29.66886],[-82.34762,29.66871],[-82.34768,29.66847],[-82.34767,29.66831],[-82.34774,29.66816],[-82.34787,29.66796],[-82.34814,29.66773],[-82.34822,29.66749],[-82.34828,29.66736],[-82.34845,29.6672],[-82.34861,29.66707],[-82.34871,29.667],[-82.34883,29.66696],[-82.34892,29.66691]]}},{"type":"Feature","id":"way/1135764456","properties":{"kind":"water","name":""},"geometry":{"type":"LineString","coordinates":[[-82.34653,29.66898],[-82.34642,29.66884],[-82.34614,29.66874],[-82.3458,29.66871],[-82.34549,29.66872],[-82.34526,29.66872],[-82.34496,29.66864],[-82.34466,29.66858],[-82.34434,29.66854],[-82.34391,29.66844],[-82.34342,29.66842]]}},{"type":"Feature","id":"way/1136551156","properties":{"kind":"water","name":""},"geometry":{"type":"LineString","coordinates":[[-82.33709,29.64383],[-82.33697,29.64391],[-82.33684,29.64396],[-82.3367,29.64398],[-82.33657,29.64396],[-82.33642,29.64391],[-82.33629,29.64383],[-82.33617,29.64381],[-82.33605,29.64382],[-82.3359,29.64385]]}},{"type":"Feature","id":"way/1136551157","properties":{"kind":"water","name":""},"geometry":{"type":"LineString","coordinates":[[-82.3359,29.64385],[-82.33564,29.64386]]}},{"type":"Feature","id":"way/1136551158","properties":{"kind":"water","name":""},"geometry":{"type":"LineString","coordinates":[[-82.33736,29.64357],[-82.33709,29.64383]]}},{"type":"Feature","id":"way/1137144890","properties":{"kind":"water","name":""},"geometry":{"type":"Polygon","coordinates":[[[-82.33885,29.6382],[-82.33892,29.63827],[-82.33894,29.63831],[-82.33893,29.63839],[-82.3389,29.63845],[-82.33889,29.63847],[-82.33888,29.63848],[-82.33888,29.6385],[-82.33888,29.63853],[-82.33888,29.63855],[-82.33888,29.63857],[-82.33887,29.6386],[-82.33885,29.63863],[-82.33879,29.63866],[-82.33877,29.63866],[-82.33874,29.63866],[-82.33873,29.63866],[-82.33871,29.63865],[-82.33869,29.63864],[-82.33867,29.63862],[-82.33867,29.6386],[-82.33866,29.63859],[-82.33865,29.63857],[-82.33864,29.63856],[-82.33862,29.63855],[-82.33861,29.63854],[-82.33855,29.63852],[-82.33846,29.63847],[-82.3384,29.63842],[-82.33839,29.63838],[-82.33838,29.63833],[-82.33839,29.63827],[-82.33844,29.63821],[-82.33853,29.63817],[-82.33859,29.63814],[-82.33866,29.63812],[-82.33873,29.6381],[-82.33879,29.63813],[-82.33885,29.6382]]]}},{"type":"Feature","id":"way/1137144891","properties":{"kind":"water","name":""},"geometry":{"type":"LineString","coordinates":[[-82.33526,29.6442],[-82.33519,29.64421],[-82.33511,29.64421],[-82.33502,29.64418],[-82.33496,29.64416],[-82.33486,29.64406],[-82.33464,29.6439],[-82.3344,29.64376],[-82.3342,29.6437],[-82.33406,29.64363],[-82.33394,29.64356],[-82.33387,29.64344],[-82.33381,29.6432]]}},{"type":"Feature","id":"way/1137144892","properties":{"kind":"water","name":""},"geometry":{"type":"LineString","coordinates":[[-82.33381,29.6432],[-82.3337,29.64287],[-82.33327,29.64268]]}},{"type":"Feature","id":"way/1137144893","properties":{"kind":"water","name":""},"geometry":{"type":"LineString","coordinates":[[-82.33327,29.64268],[-82.33323,29.64263],[-82.33322,29.64254],[-82.33323,29.64239],[-82.33325,29.64218],[-82.33327,29.64188],[-82.33329,29.64168],[-82.33336,29.64141],[-82.3335,29.64124],[-82.33367,29.64107],[-82.33384,29.64089],[-82.33408,29.64081],[-82.33427,29.6408],[-82.33441,29.64079],[-82.33451,29.64071],[-82.33457,29.64061],[-82.33461,29.64035],[-82.33463,29.64023]]}},{"type":"Feature","id":"way/1137144894","properties":{"kind":"water","name":""},"geometry":{"type":"LineString","coordinates":[[-82.33473,29.64018],[-82.33524,29.64]]}},{"type":"Feature","id":"way/1137144895","properties":{"kind":"water","name":""},"geometry":{"type":"LineString","coordinates":[[-82.33552,29.63983],[-82.33564,29.63974],[-82.3358,29.63967],[-82.33599,29.63964],[-82.33615,29.63965],[-82.33626,29.63959],[-82.33645,29.63947],[-82.33675,29.63933],[-82.33706,29.6392],[-82.33734,29.63916],[-82.3377,29.6391],[-82.33792,29.63903],[-82.33801,29.63891],[-82.33817,29.63864],[-82.33826,29.63853],[-82.33834,29.63846],[-82.3384,29.63842]]}},{"type":"Feature","id":"way/1137144896","properties":{"kind":"water","name":""},"geometry":{"type":"LineString","coordinates":[[-82.33463,29.64023],[-82.33473,29.64018]]}},{"type":"Feature","id":"way/1137144897","properties":{"kind":"water","name":""},"geometry":{"type":"LineString","coordinates":[[-82.33524,29.64],[-82.33552,29.63983]]}},{"type":"Feature","id":"way/1137144898","properties":{"kind":"water","name":""},"geometry":{"type":"LineString","coordinates":[[-82.33634,29.6401],[-82.33641,29.64043],[-82.33643,29.64084]]}},{"type":"Feature","id":"way/1137144899","properties":{"kind":"water","name":""},"geometry":{"type":"LineString","coordinates":[[-82.33615,29.63965],[-82.33626,29.63989]]}},{"type":"Feature","id":"way/1137144900","properties":{"kind":"water","name":""},"geometry":{"type":"LineString","coordinates":[[-82.33626,29.63989],[-82.33634,29.6401]]}},{"type":"Feature","id":"way/1137144901","properties":{"kind":"water","name":""},"geometry":{"type":"LineString","coordinates":[[-82.33848,29.63779],[-82.3385,29.63763],[-82.33853,29.63747],[-82.33854,29.63662]]}},{"type":"Feature","id":"way/1137144902","properties":{"kind":"water","name":""},"geometry":{"type":"LineString","coordinates":[[-82.33854,29.63662],[-82.33853,29.63593]]}},{"type":"Feature","id":"way/1137144903","properties":{"kind":"water","name":""},"geometry":{"type":"LineString","coordinates":[[-82.33848,29.63799],[-82.33848,29.63779]]}},{"type":"Feature","id":"way/1137144904","properties":{"kind":"water","name":""},"geometry":{"type":"LineString","coordinates":[[-82.33853,29.63817],[-82.3385,29.63811],[-82.33848,29.63799]]}},{"type":"Feature","id":"way/1137144905","properties":{"kind":"water","name":""},"geometry":{"type":"Polygon","coordinates":[[[-82.33896,29.63521],[-82.33894,29.63522],[-82.33893,29.63523],[-82.33892,29.63528],[-82.33893,29.63529],[-82.33894,29.6353],[-82.33895,29.6353],[-82.33897,29.63531],[-82.33898,29.63531],[-82.339,29.6353],[-82.33901,29.6353],[-82.33903,29.63529],[-82.33903,29.63528],[-82.33904,29.63527],[-82.33904,29.63525],[-82.33904,29.63523],[-82.33903,29.63522],[-82.339,29.63521],[-82.33898,29.63521],[-82.33896,29.63521]]]}},{"type":"Feature","id":"way/1137144906","properties":{"kind":"water","name":""},"geometry":{"type":"LineString","coordinates":[[-82.33859,29.63544],[-82.33849,29.63542],[-82.33838,29.63542],[-82.33823,29.63539],[-82.3381,29.63535],[-82.33803,29.63528],[-82.33797,29.63514]]}},{"type":"Feature","id":"way/1137144907","properties":{"kind":"water","name":""},"geometry":{"type":"LineString","coordinates":[[-82.33797,29.63514],[-82.33794,29.63493]]}},{"type":"Feature","id":"way/1137144908","properties":{"kind":"water","name":""},"geometry":{"type":"LineString","coordinates":[[-82.33794,29.63493],[-82.33793,29.6348],[-82.33793,29.6347],[-82.33791,29.63452],[-82.33787,29.63442],[-82.33781,29.63431],[-82.33781,29.63414],[-82.33786,29.63401],[-82.33791,29.63385],[-82.33797,29.63375],[-82.33804,29.63365],[-82.33805,29.63351],[-82.33804,29.63341],[-82.33799,29.63324]]}},{"type":"Feature","id":"way/1137144909","properties":{"kind":"water","name":""},"geometry":{"type":"LineString","coordinates":[[-82.33792,29.63267],[-82.33791,29.63237],[-82.33787,29.63197],[-82.33775,29.63162],[-82.33751,29.63143],[-82.33738,29.63117],[-82.33731,29.63072],[-82.33739,29.63048],[-82.33766,29.63035],[-82.33791,29.63027],[-82.33793,29.63009],[-82.33776,29.62983],[-82.3375,29.62963],[-82.33726,29.62953],[-82.33706,29.62947],[-82.33683,29.6295]]}},{"type":"Feature","id":"way/1137144910","properties":{"kind":"water","name":""},"geometry":{"type":"LineString","coordinates":[[-82.33799,29.63324],[-82.33795,29.63295],[-82.33792,29.63267]]}},{"type":"Feature","id":"way/1137144911","properties":{"kind":"water","name":""},"geometry":{"type":"LineString","coordinates":[[-82.33572,29.62963],[-82.3356,29.62948],[-82.33548,29.62937],[-82.33528,29.62924],[-82.33514,29.62909],[-82.33509,29.62894]]}},{"type":"Feature","id":"way/1137144912","properties":{"kind":"water","name":""},"geometry":{"type":"LineString","coordinates":[[-82.33579,29.62971],[-82.33572,29.62963]]}},{"type":"Feature","id":"way/1137144913","properties":{"kind":"water","name":""},"geometry":{"type":"LineString","coordinates":[[-82.33595,29.62988],[-82.33584,29.62977],[-82.33579,29.62971]]}},{"type":"Feature","id":"way/1137144914","properties":{"kind":"water","name":""},"geometry":{"type":"LineString","coordinates":[[-82.33614,29.62986],[-82.33595,29.62988]]}},{"type":"Feature","id":"way/1137144915","properties":{"kind":"water","name":""},"geometry":{"type":"LineString","coordinates":[[-82.33662,29.62958],[-82.33638,29.6297],[-82.33614,29.62986]]}},{"type":"Feature","id":"way/1137144916","properties":{"kind":"water","name":""},"geometry":{"type":"LineString","coordinates":[[-82.33683,29.6295],[-82.33662,29.62958]]}},{"type":"Feature","id":"way/1137144917","properties":{"kind":"water","name":""},"geometry":{"type":"Polygon","coordinates":[[[-82.33448,29.6348],[-82.33433,29.63463],[-82.33424,29.63445],[-82.33422,29.63441],[-82.33419,29.63436],[-82.33418,29.63433],[-82.33414,29.63429],[-82.33409,29.63424],[-82.33404,29.63421],[-82.334,29.63419],[-82.33396,29.63417],[-82.3339,29.63415],[-82.33386,29.63415],[-82.3338,29.63415],[-82.33376,29.63415],[-82.33371,29.63415],[-82.33366,29.63413],[-82.33362,29.63408],[-82.3336,29.63405],[-82.3336,29.63401],[-82.3336,29.63396],[-82.33361,29.63391],[-82.33363,29.63387],[-82.33366,29.63383],[-82.33371,29.63378],[-82.33374,29.63375],[-82.33377,29.63373],[-82.3338,29.6337],[-82.33383,29.63366],[-82.33385,29.63362],[-82.33386,29.63359],[-82.33388,29.63354],[-82.33389,29.63349],[-82.33389,29.63345],[-82.33388,29.63341],[-82.33383,29.63333],[-82.33361,29.63323],[-82.33356,29.63323],[-82.33351,29.63322],[-82.33347,29.63321],[-82.33341,29.63321],[-82.33336,29.63321],[-82.33331,29.63321],[-82.33327,29.63319],[-82.33326,29.63314],[-82.33326,29.63309],[-82.33326,29.63305],[-82.33326,29.63301],[-82.33326,29.63296],[-82.33326,29.63292],[-82.33326,29.63288],[-82.33327,29.63283],[-82.33328,29.63276],[-82.33328,29.6327],[-82.33328,29.63266],[-82.33334,29.63266],[-82.33339,29.63266],[-82.33343,29.63268],[-82.33345,29.63272],[-82.33347,29.63276],[-82.33349,29.6328],[-82.33353,29.63284],[-82.33358,29.63289],[-82.33367,29.63296],[-82.33373,29.633],[-82.33382,29.63304],[-82.33387,29.63306],[-82.33391,29.63307],[-82.33396,29.63305],[-82.334,29.63302],[-82.33402,29.63297],[-82.33405,29.63294],[-82.33406,29.6329],[-82.33408,29.63286],[-82.33413,29.63283],[-82.33417,29.6328],[-82.3342,29.63277],[-82.33423,29.63274],[-82.33426,29.6327],[-82.33466,29.63285],[-82.33474,29.63293],[-82.3348,29.63306],[-82.3348,29.63311],[-82.33479,29.63315],[-82.33479,29.63318],[-82.33468,29.63355],[-82.33464,29.63358],[-82.3346,29.6336],[-82.33457,29.63363],[-82.33454,29.63366],[-82.33452,29.6337],[-82.33452,29.63374],[-82.33452,29.63377],[-82.33451,29.63403],[-82.33474,29.63467],[-82.33448,29.6348]]]}},{"type":"Feature","id":"way/1137144918","properties":{"kind":"water","name":""},"geometry":{"type":"LineString","coordinates":[[-82.33731,29.63072],[-82.33694,29.63069],[-82.33663,29.63073],[-82.33621,29.63081],[-82.33564,29.63069],[-82.33525,29.63066],[-82.33507,29.63086]]}},{"type":"Feature","id":"way/1137144921","properties":{"kind":"water","name":""},"geometry":{"type":"LineString","coordinates":[[-82.33042,29.63615],[-82.33044,29.63577],[-82.33039,29.63551],[-82.33031,29.63523],[-82.33028,29.63495],[-82.33022,29.63473],[-82.33016,29.63449],[-82.33017,29.63437],[-82.33025,29.63414],[-82.33031,29.63399],[-82.3303,29.63376],[-82.33022,29.63361],[-82.33001,29.63349],[-82.32969,29.63345],[-82.32942,29.63352],[-82.32911,29.63349],[-82.32885,29.63343],[-82.32863,29.63332]]}},{"type":"Feature","id":"way/1137741062","properties":{"kind":"water","name":""},"geometry":{"type":"LineString","coordinates":[[-82.33373,29.64713],[-82.33366,29.64706],[-82.33357,29.64697],[-82.33348,29.64685],[-82.33341,29.64672],[-82.33336,29.64656],[-82.3332,29.6463],[-82.33307,29.64607],[-82.33294,29.64593],[-82.33283,29.64589],[-82.33259,29.64585],[-82.33246,29.64581],[-82.3324,29.64574],[-82.33237,29.64564],[-82.3324,29.64552],[-82.33243,29.64537],[-82.33245,29.64521],[-82.3324,29.64505],[-82.33237,29.6449],[-82.33234,29.64466],[-82.33226,29.6445],[-82.3321,29.64434],[-82.33197,29.64419],[-82.33196,29.6441],[-82.33196,29.64399],[-82.33196,29.64367],[-82.33199,29.64348]]}},{"type":"Feature","id":"way/1137741063","properties":{"kind":"water","name":""},"geometry":{"type":"LineString","coordinates":[[-82.33199,29.64348],[-82.33211,29.64307]]}},{"type":"Feature","id":"way/1137741064","properties":{"kind":"water","name":""},"geometry":{"type":"LineString","coordinates":[[-82.33211,29.64307],[-82.33219,29.64287],[-82.33221,29.64271],[-82.33222,29.64254],[-82.33229,29.64247],[-82.33251,29.64237],[-82.33272,29.64224],[-82.33295,29.6421]]}},{"type":"Feature","id":"way/1137741065","properties":{"kind":"water","name":""},"geometry":{"type":"LineString","coordinates":[[-82.33315,29.64196],[-82.33327,29.64188]]}},{"type":"Feature","id":"way/1137741066","properties":{"kind":"water","name":""},"geometry":{"type":"LineString","coordinates":[[-82.33295,29.6421],[-82.33315,29.64196]]}},{"type":"Feature","id":"way/1137741067","properties":{"kind":"water","name":""},"geometry":{"type":"LineString","coordinates":[[-82.33229,29.64247],[-82.33224,29.64236],[-82.33221,29.64224],[-82.33221,29.6421],[-82.3322,29.64195],[-82.33218,29.64177],[-82.33219,29.64152],[-82.33222,29.64132],[-82.33224,29.64107],[-82.33223,29.64086],[-82.33219,29.6407],[-82.33215,29.64053]]}},{"type":"Feature","id":"way/1137741068","properties":{"kind":"water","name":""},"geometry":{"type":"Polygon","coordinates":[[[-82.33047,29.64308],[-82.33047,29.6431],[-82.33047,29.64311],[-82.33047,29.64313],[-82.33047,29.64314],[-82.33048,29.64315],[-82.33048,29.64317],[-82.33048,29.64318],[-82.33048,29.64319],[-82.33048,29.6432],[-82.33047,29.64322],[-82.33047,29.64323],[-82.33047,29.64325],[-82.33047,29.64326],[-82.33046,29.64327],[-82.33046,29.64328],[-82.33044,29.6433],[-82.33043,29.6433],[-82.33041,29.64331],[-82.3304,29.64332],[-82.33038,29.64332],[-82.33037,29.64333],[-82.33036,29.64334],[-82.33036,29.64335],[-82.33037,29.64336],[-82.33039,29.64336],[-82.3304,29.64336],[-82.33042,29.64335],[-82.33043,29.64334],[-82.33044,29.64334],[-82.33046,29.64333],[-82.33048,29.64333],[-82.33049,29.64333],[-82.33051,29.64333],[-82.33052,29.64333],[-82.33054,29.64332],[-82.33055,29.64332],[-82.33057,29.64332],[-82.33058,29.64331],[-82.33059,29.6433],[-82.33059,29.64328],[-82.33059,29.64327],[-82.33059,29.64326],[-82.33059,29.64324],[-82.33059,29.64323],[-82.3306,29.64322],[-82.3306,29.6432],[-82.3306,29.64319],[-82.33059,29.64318],[-82.33058,29.64317],[-82.33057,29.64316],[-82.33056,29.64315],[-82.33055,29.64313],[-82.33055,29.64312],[-82.33053,29.64311],[-82.33052,29.6431],[-82.33051,29.64309],[-82.33047,29.64308]]]}},{"type":"Feature","id":"way/1137741069","properties":{"kind":"water","name":""},"geometry":{"type":"LineString","coordinates":[[-82.33151,29.63963],[-82.33149,29.63946],[-82.33147,29.63933],[-82.33141,29.63925],[-82.33141,29.63916],[-82.33147,29.63909],[-82.33155,29.63903],[-82.33163,29.63892],[-82.33165,29.63878],[-82.33166,29.63863],[-82.33166,29.6385],[-82.3316,29.63833],[-82.33154,29.63819]]}},{"type":"Feature","id":"way/1137741070","properties":{"kind":"water","name":""},"geometry":{"type":"LineString","coordinates":[[-82.33155,29.63981],[-82.33151,29.63963]]}},{"type":"Feature","id":"way/1137741071","properties":{"kind":"water","name":""},"geometry":{"type":"LineString","coordinates":[[-82.33154,29.63819],[-82.33144,29.63793]]}},{"type":"Feature","id":"way/1137741072","properties":{"kind":"water","name":""},"geometry":{"type":"Polygon","coordinates":[[[-82.33164,29.63981],[-82.33161,29.6398],[-82.3316,29.6398],[-82.33158,29.6398],[-82.33157,29.6398],[-82.33156,29.63981],[-82.33155,29.63981],[-82.33153,29.63982],[-82.33152,29.63982],[-82.3315,29.63983],[-82.33149,29.63983],[-82.33148,29.63984],[-82.33146,29.63985],[-82.33145,29.63986],[-82.33144,29.63987],[-82.33143,29.63988],[-82.33142,29.63988],[-82.33142,29.63989],[-82.33141,29.63991],[-82.33141,29.63992],[-82.33141,29.63993],[-82.3314,29.63994],[-82.33141,29.63995],[-82.33141,29.63996],[-82.33142,29.63998],[-82.33143,29.63999],[-82.33144,29.64],[-82.33145,29.64],[-82.33146,29.64001],[-82.33147,29.64001],[-82.33149,29.64002],[-82.3315,29.64002],[-82.33151,29.64001],[-82.33152,29.64001],[-82.33154,29.64001],[-82.33156,29.64],[-82.33157,29.64],[-82.33158,29.63999],[-82.3316,29.63999],[-82.33161,29.63998],[-82.33162,29.63998],[-82.33163,29.63997],[-82.33165,29.63997],[-82.33166,29.63996],[-82.33167,29.63996],[-82.33168,29.63996],[-82.33169,29.63995],[-82.33169,29.63993],[-82.33169,29.63992],[-82.33169,29.6399],[-82.33169,29.63989],[-82.33169,29.63988],[-82.33169,29.63987],[-82.33169,29.63985],[-82.33168,29.63985],[-82.33167,29.63984],[-82.33166,29.63983],[-82.33164,29.63981]]]}},{"type":"Feature","id":"way/1137741073","properties":{"kind":"water","name":""},"geometry":{"type":"LineString","coordinates":[[-82.33215,29.64053],[-82.33207,29.6403],[-82.33168,29.63996]]}},{"type":"Feature","id":"way/1137741074","properties":{"kind":"water","name":""},"geometry":{"type":"LineString","coordinates":[[-82.33149,29.63946],[-82.33139,29.63945],[-82.33122,29.63945],[-82.33111,29.6395],[-82.33094,29.63957],[-82.33078,29.63962],[-82.3305,29.63965]]}},{"type":"Feature","id":"way/1137741075","properties":{"kind":"water","name":""},"geometry":{"type":"LineString","coordinates":[[-82.33008,29.63962],[-82.32988,29.63958],[-82.32961,29.63946],[-82.3295,29.63935],[-82.32946,29.63925],[-82.32945,29.6391],[-82.32947,29.63901],[-82.32947,29.63886],[-82.32945,29.63877],[-82.32933,29.63857],[-82.32924,29.63838],[-82.32919,29.63816]]}},{"type":"Feature","id":"way/1137741076","properties":{"kind":"water","name":""},"geometry":{"type":"LineString","coordinates":[[-82.3305,29.63965],[-82.33008,29.63962]]}},{"type":"Feature","id":"way/1137741077","properties":{"kind":"water","name":""},"geometry":{"type":"LineString","coordinates":[[-82.33047,29.63709],[-82.33024,29.63682]]}},{"type":"Feature","id":"way/1137742023","properties":{"kind":"water","name":""},"geometry":{"type":"LineString","coordinates":[[-82.35027,29.64461],[-82.35057,29.6446]]}},{"type":"Feature","id":"way/1137742024","properties":{"kind":"water","name":""},"geometry":{"type":"LineString","coordinates":[[-82.35012,29.64475],[-82.35027,29.64461]]}},{"type":"Feature","id":"way/1137742025","properties":{"kind":"water","name":""},"geometry":{"type":"LineString","coordinates":[[-82.34978,29.64507],[-82.35012,29.64475]]}},{"type":"Feature","id":"way/1137742027","properties":{"kind":"water","name":""},"geometry":{"type":"LineString","coordinates":[[-82.35323,29.64201],[-82.35333,29.64189],[-82.35359,29.64156],[-82.3536,29.64123],[-82.35358,29.64112]]}},{"type":"Feature","id":"way/1137742028","properties":{"kind":"water","name":""},"geometry":{"type":"LineString","coordinates":[[-82.35297,29.64287],[-82.35298,29.64275]]}},{"type":"Feature","id":"way/1137742029","properties":{"kind":"water","name":""},"geometry":{"type":"LineString","coordinates":[[-82.35298,29.64275],[-82.35302,29.64243],[-82.35316,29.64209]]}},{"type":"Feature","id":"way/1137742030","properties":{"kind":"water","name":""},"geometry":{"type":"LineString","coordinates":[[-82.35316,29.64209],[-82.3532,29.64204],[-82.35323,29.64201]]}},{"type":"Feature","id":"way/1146119050","properties":{"kind":"water","name":""},"geometry":{"type":"LineString","coordinates":[[-82.32345,29.64066],[-82.32254,29.63986]]}},{"type":"Feature","id":"way/1146119051","properties":{"kind":"water","name":""},"geometry":{"type":"LineString","coordinates":[[-82.32412,29.64139],[-82.32405,29.64125]]}},{"type":"Feature","id":"way/1146119052","properties":{"kind":"water","name":""},"geometry":{"type":"LineString","coordinates":[[-82.32405,29.64125],[-82.3239,29.64107],[-82.32369,29.64087],[-82.32345,29.64066]]}},{"type":"Feature","id":"way/1146119053","properties":{"kind":"water","name":""},"geometry":{"type":"LineString","coordinates":[[-82.32254,29.63986],[-82.32247,29.6397],[-82.32245,29.63936],[-82.32248,29.63904],[-82.32255,29.63862],[-82.32252,29.63771],[-82.32251,29.63755],[-82.32249,29.63727],[-82.32241,29.637]]}},{"type":"Feature","id":"way/1146119054","properties":{"kind":"water","name":""},"geometry":{"type":"LineString","coordinates":[[-82.32265,29.63752],[-82.32281,29.63748]]}},{"type":"Feature","id":"way/1146119055","properties":{"kind":"water","name":""},"geometry":{"type":"LineString","coordinates":[[-82.32288,29.63746],[-82.32307,29.63742],[-82.32312,29.63741]]}},{"type":"Feature","id":"way/1146119056","properties":{"kind":"water","name":""},"geometry":{"type":"LineString","coordinates":[[-82.32281,29.63748],[-82.32288,29.63746]]}},{"type":"Feature","id":"way/1146119057","properties":{"kind":"water","name":""},"geometry":{"type":"LineString","coordinates":[[-82.32251,29.63755],[-82.32265,29.63752]]}},{"type":"Feature","id":"way/1146119058","properties":{"kind":"water","name":""},"geometry":{"type":"LineString","coordinates":[[-82.32048,29.64494],[-82.32127,29.64468],[-82.32121,29.64453],[-82.32154,29.64388]]}},{"type":"Feature","id":"way/1146119059","properties":{"kind":"water","name":""},"geometry":{"type":"LineString","coordinates":[[-82.33076,29.64334],[-82.33072,29.64323],[-82.33065,29.64309],[-82.33053,29.64292],[-82.33034,29.64269],[-82.33003,29.64236],[-82.32976,29.64214],[-82.32939,29.64192],[-82.32901,29.64174],[-82.32863,29.6416],[-82.3281,29.64144],[-82.32649,29.64102]]}},{"type":"Feature","id":"way/1146119060","properties":{"kind":"water","name":""},"geometry":{"type":"Polygon","coordinates":[[[-82.33002,29.64261],[-82.33003,29.64265],[-82.33002,29.64266],[-82.33001,29.64267],[-82.33,29.64268],[-82.32998,29.64268],[-82.32996,29.64268],[-82.32994,29.64268],[-82.32992,29.64268],[-82.3299,29.64268],[-82.32989,29.64268],[-82.32987,29.64268],[-82.32985,29.64268],[-82.32983,29.64268],[-82.32981,29.64269],[-82.32978,29.64269],[-82.32976,29.64269],[-82.32974,29.6427],[-82.32971,29.6427],[-82.32969,29.64269],[-82.32968,29.64268],[-82.32967,29.64267],[-82.32966,29.64265],[-82.32965,29.64264],[-82.32965,29.64262],[-82.32964,29.6426],[-82.32963,29.64258],[-82.32963,29.64257],[-82.32962,29.64255],[-82.32962,29.64254],[-82.32961,29.64252],[-82.3296,29.64251],[-82.32958,29.6425],[-82.32957,29.64249],[-82.32956,29.64249],[-82.32954,29.64247],[-82.32953,29.64246],[-82.32953,29.64245],[-82.32951,29.64243],[-82.32951,29.64241],[-82.32951,29.6424],[-82.32952,29.64238],[-82.32953,29.64237],[-82.32954,29.64235],[-82.32955,29.64234],[-82.32956,29.64233],[-82.32957,29.64232],[-82.32959,29.64231],[-82.3296,29.64231],[-82.32962,29.64231],[-82.32964,29.64231],[-82.32966,29.64231],[-82.32968,29.64232],[-82.3297,29.64233],[-82.32971,29.64235],[-82.32973,29.64236],[-82.32974,29.64237],[-82.32977,29.64238],[-82.32982,29.64241],[-82.32988,29.64245],[-82.32997,29.64253],[-82.33002,29.64261]]]}},{"type":"Feature","id":"way/1146119061","properties":{"kind":"water","name":""},"geometry":{"type":"LineString","coordinates":[[-82.33089,29.64329],[-82.33087,29.64324],[-82.3308,29.6431],[-82.33071,29.64296]]}},{"type":"Feature","id":"way/1146119062","properties":{"kind":"water","name":""},"geometry":{"type":"LineString","coordinates":[[-82.33071,29.64296],[-82.33066,29.64287],[-82.33064,29.64284]]}},{"type":"Feature","id":"way/1146119063","properties":{"kind":"water","name":""},"geometry":{"type":"LineString","coordinates":[[-82.33064,29.64284],[-82.33058,29.64274],[-82.3305,29.64264],[-82.33045,29.64256]]}},{"type":"Feature","id":"way/1146120104","properties":{"kind":"water","name":""},"geometry":{"type":"LineString","coordinates":[[-82.3519,29.66498],[-82.35246,29.66507],[-82.35314,29.6652]]}},{"type":"Feature","id":"way/1146120105","properties":{"kind":"water","name":""},"geometry":{"type":"LineString","coordinates":[[-82.35217,29.66351],[-82.352,29.6633],[-82.3516,29.66295]]}},{"type":"Feature","id":"way/1146120106","properties":{"kind":"water","name":""},"geometry":{"type":"LineString","coordinates":[[-82.34704,29.66022],[-82.34661,29.66024],[-82.34614,29.66043],[-82.34562,29.66051],[-82.3452,29.66048],[-82.34468,29.66038],[-82.34417,29.66032],[-82.34376,29.66033],[-82.34322,29.66025],[-82.34266,29.66012],[-82.34205,29.65991],[-82.34149,29.65964],[-82.34139,29.65952]]}},{"type":"Feature","id":"way/1146120107","properties":{"kind":"water","name":""},"geometry":{"type":"LineString","coordinates":[[-82.3516,29.66295],[-82.35132,29.66269]]}},{"type":"Feature","id":"way/1146120108","properties":{"kind":"water","name":""},"geometry":{"type":"LineString","coordinates":[[-82.33937,29.65877],[-82.33902,29.65887]]}},{"type":"Feature","id":"way/1146120109","properties":{"kind":"water","name":""},"geometry":{"type":"LineString","coordinates":[[-82.34115,29.65926],[-82.34108,29.65919],[-82.34063,29.65901],[-82.34021,29.65879],[-82.33994,29.65865],[-82.33967,29.65867],[-82.33948,29.65872],[-82.33937,29.65877]]}},{"type":"Feature","id":"way/1146120110","properties":{"kind":"water","name":""},"geometry":{"type":"LineString","coordinates":[[-82.34139,29.65952],[-82.34115,29.65926]]}},{"type":"Feature","id":"way/1146120111","properties":{"kind":"water","name":""},"geometry":{"type":"LineString","coordinates":[[-82.35132,29.66269],[-82.35113,29.66254],[-82.351,29.66232],[-82.35078,29.66216],[-82.35047,29.66212],[-82.35002,29.66209],[-82.34953,29.66194],[-82.34922,29.66177],[-82.34859,29.66128],[-82.34805,29.66077],[-82.34737,29.66027]]}},{"type":"Feature","id":"way/1146120112","properties":{"kind":"water","name":""},"geometry":{"type":"LineString","coordinates":[[-82.34737,29.66027],[-82.34704,29.66022]]}},{"type":"Feature","id":"way/1149763868","properties":{"kind":"water","name":""},"geometry":{"type":"Polygon","coordinates":[[[-82.35031,29.63958],[-82.35031,29.63962],[-82.35031,29.63963],[-82.35031,29.63964],[-82.35031,29.63965],[-82.3503,29.63966],[-82.3503,29.63968],[-82.3503,29.63968],[-82.35029,29.63969],[-82.35028,29.63969],[-82.35027,29.63968],[-82.35026,29.63967],[-82.35026,29.63966],[-82.35025,29.63965],[-82.35025,29.63964],[-82.35025,29.63963],[-82.35024,29.63962],[-82.35023,29.63961],[-82.35022,29.6396],[-82.35022,29.63959],[-82.35021,29.63958],[-82.35021,29.63957],[-82.3502,29.63956],[-82.3502,29.63955],[-82.3502,29.63954],[-82.35019,29.63953],[-82.35019,29.63952],[-82.35018,29.63951],[-82.35018,29.6395],[-82.35018,29.63949],[-82.35018,29.63948],[-82.35018,29.63947],[-82.35017,29.63946],[-82.35017,29.63945],[-82.35017,29.63944],[-82.35018,29.63943],[-82.35019,29.63943],[-82.3502,29.63943],[-82.35022,29.63944],[-82.35022,29.63945],[-82.35022,29.63946],[-82.35022,29.63947],[-82.35021,29.63948],[-82.35021,29.63949],[-82.35022,29.6395],[-82.35023,29.63951],[-82.35024,29.63952],[-82.35025,29.63952],[-82.35026,29.63952],[-82.35027,29.63952],[-82.35028,29.63953],[-82.35029,29.63955],[-82.35031,29.63956],[-82.35031,29.63958]]]}},{"type":"Feature","id":"way/1152816707","properties":{"kind":"water","name":""},"geometry":{"type":"LineString","coordinates":[[-82.33898,29.66752],[-82.33839,29.66751]]}},{"type":"Feature","id":"way/1152816708","properties":{"kind":"water","name":""},"geometry":{"type":"LineString","coordinates":[[-82.34311,29.66842],[-82.34296,29.6684],[-82.34284,29.66837],[-82.3427,29.66831],[-82.34257,29.66822],[-82.34224,29.668],[-82.3421,29.66791],[-82.34195,29.66784],[-82.34182,29.66782],[-82.34166,29.66782],[-82.34152,29.66784],[-82.34139,29.66789],[-82.34124,29.66796],[-82.34106,29.66799],[-82.34087,29.66797],[-82.34062,29.66791],[-82.34036,29.66785],[-82.34017,29.66783],[-82.34002,29.66782],[-82.33994,29.6678],[-82.3399,29.66778],[-82.33987,29.66775],[-82.33986,29.6677],[-82.33985,29.66759],[-82.33985,29.66755],[-82.33982,29.66753]]}},{"type":"Feature","id":"way/1152816709","properties":{"kind":"water","name":""},"geometry":{"type":"LineString","coordinates":[[-82.34342,29.66842],[-82.34311,29.66842]]}},{"type":"Feature","id":"way/1152816710","properties":{"kind":"water","name":""},"geometry":{"type":"LineString","coordinates":[[-82.33982,29.66753],[-82.33898,29.66752]]}},{"type":"Feature","id":"way/1154209660","properties":{"kind":"road","name":""},"geometry":{"type":"LineString","coordinates":[[-82.3179,29.64819],[-82.31788,29.64819]]}},{"type":"Feature","id":"way/1154209661","properties":{"kind":"road","name":""},"geometry":{"type":"LineString","coordinates":[[-82.31786,29.64827],[-82.31788,29.64828]]}},{"type":"Feature","id":"way/1154209662","properties":{"kind":"road","name":""},"geometry":{"type":"LineString","coordinates":[[-82.31786,29.64821],[-82.31785,29.64823],[-82.31785,29.64824],[-82.31786,29.64826],[-82.31786,29.64827]]}},{"type":"Feature","id":"way/1154209663","properties":{"kind":"road","name":""},"geometry":{"type":"LineString","coordinates":[[-82.31788,29.64819],[-82.31787,29.6482],[-82.31786,29.64821]]}},{"type":"Feature","id":"way/1154209664","properties":{"kind":"road","name":""},"geometry":{"type":"LineString","coordinates":[[-82.31795,29.64819],[-82.31793,29.64819],[-82.31791,29.64818],[-82.3179,29.64819]]}},{"type":"Feature","id":"way/1154209665","properties":{"kind":"road","name":""},"geometry":{"type":"LineString","coordinates":[[-82.31797,29.64821],[-82.31796,29.6482],[-82.31795,29.64819]]}},{"type":"Feature","id":"way/1154209666","properties":{"kind":"road","name":""},"geometry":{"type":"LineString","coordinates":[[-82.31796,29.64828],[-82.31797,29.64827],[-82.31798,29.64826],[-82.31798,29.64824],[-82.31798,29.64823],[-82.31797,29.64821]]}},{"type":"Feature","id":"way/1154209667","properties":{"kind":"road","name":""},"geometry":{"type":"LineString","coordinates":[[-82.31788,29.64828],[-82.31789,29.64829],[-82.31791,29.6483],[-82.31793,29.6483],[-82.31794,29.64829]]}},{"type":"Feature","id":"way/1154395690","properties":{"kind":"road","name":"Southwest 16th Avenue"},"geometry":{"type":"LineString","coordinates":[[-82.3275,29.63569],[-82.32758,29.63575]]}},{"type":"Feature","id":"way/1154395691","properties":{"kind":"road","name":"Archer Road"},"geometry":{"type":"LineString","coordinates":[[-82.3433,29.63911],[-82.34322,29.63914],[-82.34282,29.63928]]}},{"type":"Feature","id":"way/1168270730","properties":{"kind":"road","name":"Southwest 16th Avenue"},"geometry":{"type":"LineString","coordinates":[[-82.35583,29.63465],[-82.35548,29.63475]]}},{"type":"Feature","id":"way/1169018988","properties":{"kind":"road","name":"Southwest 23rd Street"},"geometry":{"type":"LineString","coordinates":[[-82.36143,29.63109],[-82.36133,29.63124],[-82.36126,29.63141]]}},{"type":"Feature","id":"way/1172006504","properties":{"kind":"road","name":"Archer Road"},"geometry":{"type":"LineString","coordinates":[[-82.3466,29.63796],[-82.34613,29.63812],[-82.34599,29.63817]]}},{"type":"Feature","id":"way/1172006505","properties":{"kind":"road","name":"Archer Road"},"geometry":{"type":"LineString","coordinates":[[-82.34691,29.63785],[-82.3466,29.63796]]}},{"type":"Feature","id":"way/1174300140","properties":{"kind":"road","name":"Archer Road"},"geometry":{"type":"LineString","coordinates":[[-82.34282,29.63928],[-82.34267,29.63933]]}},{"type":"Feature","id":"way/1174300141","properties":{"kind":"road","name":"Archer Road"},"geometry":{"type":"LineString","coordinates":[[-82.34267,29.63933],[-82.34243,29.63941]]}},{"type":"Feature","id":"way/1174300142","properties":{"kind":"road","name":"Archer Road"},"geometry":{"type":"LineString","coordinates":[[-82.34243,29.63941],[-82.34197,29.63957],[-82.34192,29.6396]]}},{"type":"Feature","id":"way/1174300144","properties":{"kind":"road","name":"Archer Road"},"geometry":{"type":"LineString","coordinates":[[-82.34022,29.64078],[-82.34016,29.64084],[-82.34004,29.64099],[-82.33993,29.64114],[-82.33981,29.6413]]}},{"type":"Feature","id":"way/1185521426","properties":{"kind":"road","name":"Southwest Depot Avenue"},"geometry":{"type":"LineString","coordinates":[[-82.33106,29.64359],[-82.33112,29.6436]]}},{"type":"Feature","id":"way/1262317670","properties":{"kind":"road","name":"Archer Road"},"geometry":{"type":"LineString","coordinates":[[-82.3394,29.64183],[-82.33925,29.64195]]}},{"type":"Feature","id":"way/1262317671","properties":{"kind":"road","name":"Southwest 13th Street"},"geometry":{"type":"LineString","coordinates":[[-82.3394,29.64193],[-82.3394,29.64183]]}},{"type":"Feature","id":"way/1263478840","properties":{"kind":"road","name":"East University Avenue"},"geometry":{"type":"LineString","coordinates":[[-82.31172,29.65198],[-82.31202,29.65199],[-82.31211,29.65199],[-82.31254,29.65199]]}},{"type":"Feature","id":"way/1263478841","properties":{"kind":"road","name":"Southeast 15th Street"},"geometry":{"type":"LineString","coordinates":[[-82.30585,29.63101],[-82.30585,29.63118]]}},{"type":"Feature","id":"way/1263480693","properties":{"kind":"road","name":"Southwest 13th Street"},"geometry":{"type":"LineString","coordinates":[[-82.33932,29.64456],[-82.33932,29.64481],[-82.33932,29.6449]]}},{"type":"Feature","id":"way/1266723290","properties":{"kind":"road","name":"Southwest 6th Street"},"geometry":{"type":"LineString","coordinates":[[-82.33128,29.64409],[-82.3313,29.644],[-82.33128,29.64373]]}},{"type":"Feature","id":"way/1270878200","properties":{"kind":"road","name":"Southeast Depot Avenue"},"geometry":{"type":"LineString","coordinates":[[-82.32266,29.64517],[-82.32259,29.64517]]}},{"type":"Feature","id":"way/1312321591","properties":{"kind":"green","name":""},"geometry":{"type":"Polygon","coordinates":[[[-82.34678,29.64166],[-82.34667,29.64168],[-82.34646,29.64171],[-82.34643,29.64174],[-82.34641,29.64177],[-82.34641,29.64179],[-82.34643,29.64186],[-82.34648,29.64197],[-82.34653,29.64209],[-82.34661,29.6422],[-82.34663,29.64224],[-82.34667,29.64226],[-82.34675,29.64227],[-82.3468,29.64227],[-82.34682,29.64216],[-82.34687,29.64204],[-82.34689,29.64198],[-82.34683,29.64183],[-82.34681,29.64177],[-82.34683,29.64176],[-82.34688,29.64173],[-82.34691,29.64172],[-82.34692,29.6417],[-82.34692,29.64169],[-82.34692,29.64167],[-82.34691,29.64166],[-82.34686,29.64165],[-82.34678,29.64166]]]}},{"type":"Feature","id":"way/1312321592","properties":{"kind":"green","name":""},"geometry":{"type":"Polygon","coordinates":[[[-82.34743,29.64118],[-82.34749,29.6412],[-82.34752,29.64125],[-82.34753,29.6413],[-82.34753,29.64135],[-82.34748,29.64141],[-82.34745,29.64146],[-82.34741,29.64146],[-82.34702,29.64146],[-82.34699,29.64136],[-82.347,29.64132],[-82.347,29.64128],[-82.34702,29.64122],[-82.34713,29.64121],[-82.34724,29.64119],[-82.34733,29.64116],[-82.34743,29.64118]]]}},{"type":"Feature","id":"way/1312321593","properties":{"kind":"green","name":""},"geometry":{"type":"Polygon","coordinates":[[[-82.3463,29.64117],[-82.34633,29.64138],[-82.34634,29.64148],[-82.34635,29.64157],[-82.34635,29.64161],[-82.34638,29.64163],[-82.3464,29.64163],[-82.34645,29.64162],[-82.34647,29.64162],[-82.34662,29.64158],[-82.34676,29.64156],[-82.34688,29.64153],[-82.34692,29.64151],[-82.34694,29.64149],[-82.34695,29.64145],[-82.34694,29.64141],[-82.34693,29.6414],[-82.34692,29.64138],[-82.34691,29.64137],[-82.3469,29.64136],[-82.34684,29.64134],[-82.34671,29.64132],[-82.34661,29.6413],[-82.3466,29.64128],[-82.34659,29.64126],[-82.34659,29.64124],[-82.34658,29.6412],[-82.34647,29.64119],[-82.3464,29.64117],[-82.3463,29.64117]]]}},{"type":"Feature","id":"way/1312321598","properties":{"kind":"green","name":""},"geometry":{"type":"Polygon","coordinates":[[[-82.34655,29.64372],[-82.34655,29.64373],[-82.34656,29.64374],[-82.34658,29.64375],[-82.34659,29.64375],[-82.34663,29.64377],[-82.34668,29.64379],[-82.34676,29.64386],[-82.34686,29.64392],[-82.34686,29.64404],[-82.34608,29.64403],[-82.34603,29.64382],[-82.34614,29.64378],[-82.34627,29.64379],[-82.34635,29.64377],[-82.34647,29.64375],[-82.34652,29.64373],[-82.34655,29.64372]]]}},{"type":"Feature","id":"way/1312323588","properties":{"kind":"green","name":"Health Science Lawn"},"geometry":{"type":"Polygon","coordinates":[[[-82.34554,29.64091],[-82.34564,29.6411],[-82.34541,29.6412],[-82.34546,29.6413],[-82.34523,29.6414],[-82.34532,29.64156],[-82.34505,29.64167],[-82.34496,29.6415],[-82.34471,29.6416],[-82.34477,29.6417],[-82.34461,29.64176],[-82.34458,29.6417],[-82.34456,29.64168],[-82.34454,29.64167],[-82.34451,29.64166],[-82.34447,29.64166],[-82.34445,29.64166],[-82.34442,29.64167],[-82.34439,29.64168],[-82.34438,29.6417],[-82.34436,29.64172],[-82.34436,29.64174],[-82.34434,29.64175],[-82.34433,29.64173],[-82.34431,29.64171],[-82.34428,29.64173],[-82.34424,29.64173],[-82.34419,29.64173],[-82.34414,29.64174],[-82.34403,29.64155],[-82.34554,29.64091]]]}},{"type":"Feature","id":"way/1346039060","properties":{"kind":"water","name":""},"geometry":{"type":"Polygon","coordinates":[[[-82.36444,29.64241],[-82.36443,29.64241],[-82.36443,29.64242],[-82.36443,29.64242],[-82.36442,29.64251],[-82.36443,29.64253],[-82.36445,29.64254],[-82.36446,29.64253],[-82.36448,29.64252],[-82.36452,29.64248],[-82.36454,29.64245],[-82.36455,29.64243],[-82.36456,29.64242],[-82.36456,29.64241],[-82.36444,29.64241]]]}},{"type":"Feature","id":"way/1366472282","properties":{"kind":"road","name":"West University Avenue"},"geometry":{"type":"LineString","coordinates":[[-82.34994,29.6521],[-82.35024,29.6521],[-82.35084,29.65211]]}},{"type":"Feature","id":"way/1368991230","properties":{"kind":"road","name":"Southwest 16th Avenue"},"geometry":{"type":"LineString","coordinates":[[-82.34448,29.63543],[-82.34566,29.6351],[-82.34576,29.63508],[-82.34585,29.63505],[-82.34644,29.6349],[-82.34689,29.6348],[-82.34717,29.63475],[-82.3476,29.6347],[-82.34812,29.63468],[-82.34863,29.63469],[-82.34915,29.63474],[-82.35036,29.63488],[-82.35087,29.63494]]}},{"type":"Feature","id":"way/1368991231","properties":{"kind":"road","name":"Southwest 16th Avenue"},"geometry":{"type":"LineString","coordinates":[[-82.34387,29.63545],[-82.3433,29.6356],[-82.34318,29.63563]]}},{"type":"Feature","id":"way/1369012028","properties":{"kind":"road","name":"Southwest 23rd Terrace"},"geometry":{"type":"LineString","coordinates":[[-82.36149,29.63096],[-82.3615,29.63087],[-82.36152,29.63077],[-82.36152,29.63064],[-82.36152,29.63054],[-82.36152,29.63048],[-82.36152,29.63045],[-82.3615,29.63033],[-82.36149,29.63019],[-82.36146,29.63009],[-82.36142,29.62994],[-82.36135,29.62973],[-82.36126,29.62952],[-82.36118,29.62938],[-82.36113,29.62929],[-82.361,29.62912],[-82.36095,29.62906],[-82.36083,29.62891],[-82.36068,29.62874],[-82.36043,29.62856],[-82.36021,29.62841],[-82.36003,29.62831],[-82.35969,29.62815],[-82.35955,29.62808],[-82.35876,29.62771],[-82.35787,29.62729],[-82.3575,29.62708],[-82.35722,29.62689],[-82.35702,29.62669],[-82.35688,29.62654],[-82.35677,29.62641],[-82.35668,29.62629],[-82.35659,29.62616],[-82.35652,29.62602],[-82.35639,29.62575],[-82.35634,29.62561],[-82.35628,29.62542],[-82.35623,29.62523],[-82.3562,29.62504],[-82.35616,29.62451],[-82.35615,29.62443],[-82.35611,29.62394],[-82.35608,29.62355],[-82.35601,29.62282],[-82.35595,29.62216],[-82.35592,29.62195],[-82.35585,29.62114],[-82.35582,29.62074]]}},{"type":"Feature","id":"way/1369559849","properties":{"kind":"road","name":"East University Avenue"},"geometry":{"type":"LineString","coordinates":[[-82.31934,29.65199],[-82.31985,29.65199],[-82.32038,29.652],[-82.32086,29.652],[-82.32095,29.65201]]}},{"type":"Feature","id":"way/1369559850","properties":{"kind":"road","name":"East University Avenue"},"geometry":{"type":"LineString","coordinates":[[-82.31861,29.65188],[-82.31796,29.65188],[-82.31778,29.65192],[-82.31771,29.65194]]}},{"type":"Feature","id":"way/1370148301","properties":{"kind":"road","name":"South Main Street"},"geometry":{"type":"LineString","coordinates":[[-82.32581,29.64178],[-82.3258,29.64184]]}},{"type":"Feature","id":"way/1370148302","properties":{"kind":"road","name":"South Main Street"},"geometry":{"type":"LineString","coordinates":[[-82.32574,29.64201],[-82.32573,29.64211],[-82.32571,29.64222],[-82.32568,29.64234],[-82.32567,29.64243],[-82.32564,29.64254],[-82.32561,29.64265],[-82.32557,29.64282],[-82.32554,29.64293],[-82.32551,29.64304],[-82.32547,29.64317],[-82.32543,29.64328],[-82.32528,29.64373],[-82.32519,29.64397]]}},{"type":"Feature","id":"way/1370477152","properties":{"kind":"road","name":"South Main Street"},"geometry":{"type":"LineString","coordinates":[[-82.32758,29.63575],[-82.32764,29.63562],[-82.32765,29.63558],[-82.32775,29.63532],[-82.32807,29.63445]]}},{"type":"Feature","id":"way/1370477153","properties":{"kind":"road","name":"South Main Street"},"geometry":{"type":"LineString","coordinates":[[-82.32764,29.63526],[-82.32754,29.63556],[-82.3275,29.63569]]}},{"type":"Feature","id":"way/1372469785","properties":{"kind":"road","name":"Southwest Depot Avenue"},"geometry":{"type":"LineString","coordinates":[[-82.33107,29.64346],[-82.33101,29.64349],[-82.33094,29.64351],[-82.3309,29.64352],[-82.33083,29.64353]]}},{"type":"Feature","id":"way/1372469787","properties":{"kind":"road","name":""},"geometry":{"type":"LineString","coordinates":[[-82.3313,29.64356],[-82.33136,29.64354],[-82.33138,29.64353],[-82.33148,29.64351],[-82.33156,29.64349]]}},{"type":"Feature","id":"way/1372469789","properties":{"kind":"road","name":"Southwest Depot Avenue"},"geometry":{"type":"LineString","coordinates":[[-82.33153,29.64341],[-82.33146,29.64342],[-82.33141,29.64343],[-82.33136,29.64343],[-82.33131,29.64342],[-82.33127,29.64341]]}},{"type":"Feature","id":"way/1372469792","properties":{"kind":"road","name":"Southwest Depot Avenue"},"geometry":{"type":"LineString","coordinates":[[-82.33084,29.6436],[-82.33093,29.64358],[-82.33095,29.64358],[-82.331,29.64358],[-82.33106,29.64359]]}},{"type":"Feature","id":"way/1372469793","properties":{"kind":"road","name":"Southwest 6th Street"},"geometry":{"type":"LineString","coordinates":[[-82.33128,29.64373],[-82.33127,29.64369],[-82.33128,29.64359]]}},{"type":"Feature","id":"way/1372469794","properties":{"kind":"road","name":"Southwest 6th Street"},"geometry":{"type":"LineString","coordinates":[[-82.33113,29.6436],[-82.33116,29.64368],[-82.33118,29.64374]]}},{"type":"Feature","id":"way/1372469795","properties":{"kind":"road","name":"Southwest 6th Street"},"geometry":{"type":"LineString","coordinates":[[-82.33126,29.64772],[-82.33122,29.6478],[-82.33122,29.64785]]}},{"type":"Feature","id":"way/1372469796","properties":{"kind":"road","name":"Southwest 6th Street"},"geometry":{"type":"LineString","coordinates":[[-82.33129,29.64791],[-82.33129,29.64789],[-82.33129,29.64781],[-82.33126,29.64772]]}},{"type":"Feature","id":"way/1372469797","properties":{"kind":"road","name":"Southwest 6th Street"},"geometry":{"type":"LineString","coordinates":[[-82.33106,29.64855],[-82.33104,29.6486],[-82.331,29.64866]]}},{"type":"Feature","id":"way/1372469798","properties":{"kind":"road","name":"Southwest 6th Street"},"geometry":{"type":"LineString","coordinates":[[-82.33099,29.64859],[-82.331,29.64866]]}},{"type":"Feature","id":"way/1372469802","properties":{"kind":"road","name":"Southwest 6th Street"},"geometry":{"type":"LineString","coordinates":[[-82.33082,29.64964],[-82.33083,29.64959],[-82.33085,29.64948]]}},{"type":"Feature","id":"way/1372469803","properties":{"kind":"road","name":"Southwest Depot Avenue"},"geometry":{"type":"LineString","coordinates":[[-82.32569,29.64442],[-82.32539,29.64447],[-82.32533,29.64447],[-82.32524,29.64448],[-82.32519,29.64446]]}},{"type":"Feature","id":"way/1372469804","properties":{"kind":"road","name":"Southwest Depot Avenue"},"geometry":{"type":"LineString","coordinates":[[-82.32596,29.64444],[-82.32655,29.64435]]}},{"type":"Feature","id":"way/1372469805","properties":{"kind":"road","name":"South Main Street"},"geometry":{"type":"LineString","coordinates":[[-82.3249,29.64473],[-82.32492,29.6448],[-82.32493,29.64486],[-82.32492,29.64496]]}},{"type":"Feature","id":"way/1372469806","properties":{"kind":"road","name":"South Main Street"},"geometry":{"type":"LineString","coordinates":[[-82.32496,29.64522],[-82.32501,29.64513],[-82.32501,29.645]]}},{"type":"Feature","id":"way/1372469807","properties":{"kind":"road","name":"Southeast Depot Avenue"},"geometry":{"type":"LineString","coordinates":[[-82.32303,29.64517],[-82.3231,29.64515],[-82.32321,29.64511],[-82.32357,29.645],[-82.32377,29.64494],[-82.32391,29.64488]]}},{"type":"Feature","id":"way/1373661714","properties":{"kind":"road","name":"South Main Street"},"geometry":{"type":"LineString","coordinates":[[-82.33184,29.6205],[-82.33178,29.62068],[-82.33154,29.62176],[-82.3313,29.62287],[-82.33125,29.6231],[-82.33113,29.62382],[-82.33086,29.625],[-82.33062,29.62614],[-82.33041,29.62697],[-82.33028,29.6275],[-82.33018,29.62787],[-82.33009,29.62824],[-82.32995,29.62871],[-82.3295,29.62995]]}},{"type":"Feature","id":"way/1386956775","properties":{"kind":"road","name":"West University Avenue"},"geometry":{"type":"LineString","coordinates":[[-82.33813,29.65207],[-82.33833,29.65207],[-82.33839,29.65207],[-82.33862,29.65206]]}},{"type":"Feature","id":"way/1387106804","properties":{"kind":"road","name":"Southwest 13th Street"},"geometry":{"type":"LineString","coordinates":[[-82.33925,29.64117],[-82.33925,29.64122],[-82.33925,29.64184],[-82.33925,29.64195]]}},{"type":"Feature","id":"way/1387127737","properties":{"kind":"road","name":"Archer Road"},"geometry":{"type":"LineString","coordinates":[[-82.35824,29.63378],[-82.35786,29.63393]]}},{"type":"Feature","id":"way/1387127738","properties":{"kind":"road","name":"Archer Road"},"geometry":{"type":"LineString","coordinates":[[-82.35786,29.63393],[-82.35774,29.63398]]}},{"type":"Feature","id":"way/1387149041","properties":{"kind":"road","name":"Archer Road"},"geometry":{"type":"LineString","coordinates":[[-82.35583,29.63465],[-82.35543,29.63479]]}},{"type":"Feature","id":"way/1387178292","properties":{"kind":"road","name":"South Main Street"},"geometry":{"type":"LineString","coordinates":[[-82.32501,29.65195],[-82.32501,29.65182],[-82.32502,29.65158]]}},{"type":"Feature","id":"way/1387179582","properties":{"kind":"road","name":"Southwest Archer Road"},"geometry":{"type":"LineString","coordinates":[[-82.36319,29.63166],[-82.36428,29.63115],[-82.36531,29.63067]]}},{"type":"Feature","id":"way/1387179583","properties":{"kind":"road","name":"Southwest Archer Road"},"geometry":{"type":"LineString","coordinates":[[-82.36531,29.63067],[-82.3659,29.63039]]}},{"type":"Feature","id":"way/1387186809","properties":{"kind":"road","name":"Southwest Archer Road"},"geometry":{"type":"LineString","coordinates":[[-82.37068,29.62798],[-82.37027,29.62821],[-82.3701,29.6283]]}},{"type":"Feature","id":"way/1387186810","properties":{"kind":"road","name":"Southwest Archer Road"},"geometry":{"type":"LineString","coordinates":[[-82.3701,29.6283],[-82.36981,29.62844]]}},{"type":"Feature","id":"way/1387195673","properties":{"kind":"road","name":"Southwest Archer Road"},"geometry":{"type":"LineString","coordinates":[[-82.36981,29.62844],[-82.3694,29.62863],[-82.369,29.62881],[-82.36858,29.62899]]}},{"type":"Feature","id":"way/1387195674","properties":{"kind":"road","name":"Southwest Archer Road"},"geometry":{"type":"LineString","coordinates":[[-82.36858,29.62899],[-82.36822,29.62913],[-82.36813,29.62917]]}},{"type":"Feature","id":"way/1387198935","properties":{"kind":"road","name":"Southwest Archer Road"},"geometry":{"type":"LineString","coordinates":[[-82.36813,29.62917],[-82.36764,29.62938],[-82.36759,29.6294]]}},{"type":"Feature","id":"way/1387198936","properties":{"kind":"road","name":"Southwest Archer Road"},"geometry":{"type":"LineString","coordinates":[[-82.36759,29.6294],[-82.36718,29.62959]]}},{"type":"Feature","id":"way/1387206070","properties":{"kind":"road","name":"Archer Road"},"geometry":{"type":"LineString","coordinates":[[-82.35148,29.63624],[-82.35117,29.63635]]}},{"type":"Feature","id":"way/1387276510","properties":{"kind":"road","name":"Southwest 13th Street"},"geometry":{"type":"LineString","coordinates":[[-82.33933,29.64845],[-82.33938,29.64838],[-82.33938,29.64808],[-82.33938,29.64786]]}},{"type":"Feature","id":"way/1387276511","properties":{"kind":"road","name":"Southwest 13th Street"},"geometry":{"type":"LineString","coordinates":[[-82.33938,29.64786],[-82.33938,29.64751],[-82.33938,29.6474],[-82.33938,29.64731]]}},{"type":"Feature","id":"way/1387397826","properties":{"kind":"road","name":"Archer Road"},"geometry":{"type":"LineString","coordinates":[[-82.34275,29.63942],[-82.34326,29.63924],[-82.34334,29.63921]]}},{"type":"Feature","id":"way/1387677285","properties":{"kind":"road","name":"Southwest 34th Street"},"geometry":{"type":"LineString","coordinates":[[-82.37244,29.63631],[-82.37244,29.63738],[-82.37244,29.63752],[-82.37244,29.6376]]}},{"type":"Feature","id":"way/1387823982","properties":{"kind":"road","name":"Archer Road"},"geometry":{"type":"LineString","coordinates":[[-82.34192,29.6396],[-82.34179,29.63965]]}},{"type":"Feature","id":"way/1387919016","properties":{"kind":"road","name":"South Main Street"},"geometry":{"type":"LineString","coordinates":[[-82.325,29.65024],[-82.325,29.6502],[-82.325,29.64999]]}},{"type":"Feature","id":"way/1387923002","properties":{"kind":"road","name":"Archer Road"},"geometry":{"type":"LineString","coordinates":[[-82.34529,29.63852],[-82.34589,29.6383],[-82.34603,29.63826]]}},{"type":"Feature","id":"way/1387965668","properties":{"kind":"road","name":"Southwest 13th Street"},"geometry":{"type":"LineString","coordinates":[[-82.33927,29.63475],[-82.33927,29.63503],[-82.33927,29.63525]]}},{"type":"Feature","id":"way/1387991162","properties":{"kind":"road","name":"West University Avenue"},"geometry":{"type":"LineString","coordinates":[[-82.33504,29.65206],[-82.33511,29.65206],[-82.33537,29.65206],[-82.33551,29.65206]]}},{"type":"Feature","id":"way/1387991163","properties":{"kind":"road","name":"West University Avenue"},"geometry":{"type":"LineString","coordinates":[[-82.3343,29.65206],[-82.3345,29.65206],[-82.33461,29.65206]]}},{"type":"Feature","id":"way/1387994807","properties":{"kind":"road","name":"West University Avenue"},"geometry":{"type":"LineString","coordinates":[[-82.33551,29.65206],[-82.33559,29.65206]]}},{"type":"Feature","id":"way/1387994808","properties":{"kind":"road","name":"West University Avenue"},"geometry":{"type":"LineString","coordinates":[[-82.33461,29.65206],[-82.33467,29.65206],[-82.3349,29.65206],[-82.33491,29.65206],[-82.33496,29.65206],[-82.33504,29.65206]]}},{"type":"Feature","id":"way/1387997310","properties":{"kind":"road","name":"West University Avenue"},"geometry":{"type":"LineString","coordinates":[[-82.336,29.65206],[-82.33618,29.65206],[-82.33633,29.65206]]}},{"type":"Feature","id":"way/1388000516","properties":{"kind":"road","name":"West University Avenue"},"geometry":{"type":"LineString","coordinates":[[-82.33633,29.65206],[-82.33661,29.65206]]}},{"type":"Feature","id":"way/1388000517","properties":{"kind":"road","name":"West University Avenue"},"geometry":{"type":"LineString","coordinates":[[-82.33661,29.65206],[-82.33689,29.65206],[-82.33705,29.65206],[-82.33711,29.65206]]}},{"type":"Feature","id":"way/1388483293","properties":{"kind":"road","name":"Northwest 6th Street"},"geometry":{"type":"LineString","coordinates":[[-82.33087,29.65941],[-82.33088,29.65952],[-82.33089,29.65969],[-82.3309,29.65978],[-82.33091,29.65994],[-82.33091,29.66011]]}},{"type":"Feature","id":"way/1388734736","properties":{"kind":"road","name":"Southwest 13th Street"},"geometry":{"type":"LineString","coordinates":[[-82.33939,29.64117],[-82.33939,29.64088]]}},{"type":"Feature","id":"way/1388771347","properties":{"kind":"road","name":"East University Avenue"},"geometry":{"type":"LineString","coordinates":[[-82.32396,29.65196],[-82.32383,29.65196],[-82.32358,29.65196]]}},{"type":"Feature","id":"way/1388813642","properties":{"kind":"road","name":"East University Avenue"},"geometry":{"type":"LineString","coordinates":[[-82.32439,29.65195],[-82.32409,29.65196],[-82.32396,29.65196]]}},{"type":"Feature","id":"way/1388951534","properties":{"kind":"road","name":"East University Avenue"},"geometry":{"type":"LineString","coordinates":[[-82.31295,29.65195],[-82.31271,29.65188],[-82.31265,29.65188],[-82.31239,29.65188]]}},{"type":"Feature","id":"way/1388951535","properties":{"kind":"road","name":"East University Avenue"},"geometry":{"type":"LineString","coordinates":[[-82.31183,29.65187],[-82.31157,29.65187],[-82.31146,29.65187]]}},{"type":"Feature","id":"way/1389086226","properties":{"kind":"road","name":"West University Avenue"},"geometry":{"type":"LineString","coordinates":[[-82.33083,29.65205],[-82.33089,29.65205],[-82.33095,29.65205],[-82.33098,29.65205],[-82.33116,29.65205]]}},{"type":"Feature","id":"way/1389086227","properties":{"kind":"road","name":"West University Avenue"},"geometry":{"type":"LineString","coordinates":[[-82.33136,29.65205],[-82.33163,29.65205]]}},{"type":"Feature","id":"way/1389086228","properties":{"kind":"road","name":"West University Avenue"},"geometry":{"type":"LineString","coordinates":[[-82.33163,29.65205],[-82.33196,29.65205]]}},{"type":"Feature","id":"way/1389711504","properties":{"kind":"road","name":"West University Avenue"},"geometry":{"type":"LineString","coordinates":[[-82.33336,29.65206],[-82.3337,29.65206],[-82.33377,29.65206],[-82.3339,29.65206],[-82.33404,29.65206],[-82.3343,29.65206]]}},{"type":"Feature","id":"way/1389711505","properties":{"kind":"road","name":"West University Avenue"},"geometry":{"type":"LineString","coordinates":[[-82.33291,29.65206],[-82.33306,29.65206],[-82.33336,29.65206]]}},{"type":"Feature","id":"way/1389736774","properties":{"kind":"road","name":"West University Avenue"},"geometry":{"type":"LineString","coordinates":[[-82.34782,29.65208],[-82.34827,29.65209]]}},{"type":"Feature","id":"way/1390419583","properties":{"kind":"road","name":"West University Avenue"},"geometry":{"type":"LineString","coordinates":[[-82.37089,29.65227],[-82.37096,29.65227]]}},{"type":"Feature","id":"way/1390419584","properties":{"kind":"road","name":"West University Avenue"},"geometry":{"type":"LineString","coordinates":[[-82.37041,29.65227],[-82.37045,29.65227],[-82.37086,29.65227],[-82.37089,29.65227]]}},{"type":"Feature","id":"way/1390877212","properties":{"kind":"road","name":"West University Avenue"},"geometry":{"type":"LineString","coordinates":[[-82.33116,29.65205],[-82.33136,29.65205]]}},{"type":"Feature","id":"way/1390878553","properties":{"kind":"road","name":"Southwest Archer Road"},"geometry":{"type":"LineString","coordinates":[[-82.36211,29.63218],[-82.36217,29.63215]]}},{"type":"Feature","id":"way/1390878554","properties":{"kind":"road","name":"Southwest Archer Road"},"geometry":{"type":"LineString","coordinates":[[-82.36217,29.63215],[-82.36251,29.63198],[-82.36319,29.63166]]}},{"type":"Feature","id":"way/1391541933","properties":{"kind":"road","name":"North Main Street"},"geometry":{"type":"LineString","coordinates":[[-82.32498,29.65921],[-82.32502,29.6591],[-82.32503,29.659],[-82.32503,29.65892],[-82.32502,29.65877],[-82.32502,29.6587]]}},{"type":"Feature","id":"way/1391549046","properties":{"kind":"road","name":"Northwest 8th Avenue"},"geometry":{"type":"LineString","coordinates":[[-82.32498,29.65921],[-82.32515,29.6592],[-82.32541,29.65919]]}},{"type":"Feature","id":"way/1391549047","properties":{"kind":"road","name":"Northwest 8th Avenue"},"geometry":{"type":"LineString","coordinates":[[-82.3256,29.65919],[-82.32563,29.65919],[-82.32585,29.65918]]}},{"type":"Feature","id":"way/1391549048","properties":{"kind":"road","name":"Northwest 8th Avenue"},"geometry":{"type":"LineString","coordinates":[[-82.32541,29.65919],[-82.3256,29.65919]]}},{"type":"Feature","id":"way/1391809008","properties":{"kind":"road","name":"Southwest 13th Street"},"geometry":{"type":"LineString","coordinates":[[-82.33944,29.63577],[-82.33944,29.63553],[-82.33944,29.63541],[-82.33944,29.63525],[-82.33944,29.63509],[-82.33944,29.63496]]}},{"type":"Feature","id":"way/1391809009","properties":{"kind":"road","name":"Southwest 13th Street"},"geometry":{"type":"LineString","coordinates":[[-82.33944,29.63496],[-82.33944,29.63475],[-82.33944,29.63471],[-82.33944,29.63462]]}},{"type":"Feature","id":"way/1391813098","properties":{"kind":"road","name":"Southwest 13th Street"},"geometry":{"type":"LineString","coordinates":[[-82.33927,29.63409],[-82.33927,29.63457],[-82.33927,29.63462]]}},{"type":"Feature","id":"way/1391813099","properties":{"kind":"road","name":"Southwest 13th Street"},"geometry":{"type":"LineString","coordinates":[[-82.33927,29.63462],[-82.33927,29.63475]]}},{"type":"Feature","id":"way/1392035781","properties":{"kind":"road","name":"West University Avenue"},"geometry":{"type":"LineString","coordinates":[[-82.37096,29.65227],[-82.37121,29.65226]]}},{"type":"Feature","id":"way/1392035782","properties":{"kind":"road","name":"West University Avenue"},"geometry":{"type":"LineString","coordinates":[[-82.37121,29.65226],[-82.37141,29.65224]]}},{"type":"Feature","id":"way/1392035783","properties":{"kind":"road","name":"West University Avenue"},"geometry":{"type":"LineString","coordinates":[[-82.37089,29.65219],[-82.37076,29.65219],[-82.37052,29.6522],[-82.37004,29.65221],[-82.36979,29.65224]]}},{"type":"Feature","id":"way/1392085225","properties":{"kind":"road","name":"Northwest 6th Street"},"geometry":{"type":"LineString","coordinates":[[-82.33087,29.66603],[-82.33087,29.66608],[-82.33087,29.66618],[-82.33086,29.66641],[-82.33086,29.66653],[-82.33086,29.66662]]}},{"type":"Feature","id":"way/1392521019","properties":{"kind":"road","name":"Southwest 16th Avenue"},"geometry":{"type":"LineString","coordinates":[[-82.34434,29.63533],[-82.34409,29.63539],[-82.34387,29.63545]]}},{"type":"Feature","id":"way/1392523115","properties":{"kind":"road","name":"Southwest 16th Avenue"},"geometry":{"type":"LineString","coordinates":[[-82.3427,29.63592],[-82.34303,29.63583],[-82.34316,29.63579]]}},{"type":"Feature","id":"way/1392523116","properties":{"kind":"road","name":"Southwest 16th Avenue"},"geometry":{"type":"LineString","coordinates":[[-82.34254,29.63597],[-82.3427,29.63592]]}},{"type":"Feature","id":"way/1393460167","properties":{"kind":"road","name":"Southwest 16th Avenue"},"geometry":{"type":"LineString","coordinates":[[-82.34223,29.63605],[-82.34254,29.63597]]}},{"type":"Feature","id":"way/1393460168","properties":{"kind":"road","name":"Southwest 16th Avenue"},"geometry":{"type":"LineString","coordinates":[[-82.34194,29.63614],[-82.34223,29.63605]]}},{"type":"Feature","id":"way/1393756340","properties":{"kind":"road","name":"South Main Street"},"geometry":{"type":"LineString","coordinates":[[-82.32498,29.64775],[-82.32498,29.64755],[-82.32498,29.64745]]}},{"type":"Feature","id":"way/1393756341","properties":{"kind":"road","name":"South Main Street"},"geometry":{"type":"LineString","coordinates":[[-82.32498,29.64715],[-82.32498,29.64685]]}},{"type":"Feature","id":"way/1393756342","properties":{"kind":"road","name":"South Main Street"},"geometry":{"type":"LineString","coordinates":[[-82.32498,29.64745],[-82.32498,29.64715]]}},{"type":"Feature","id":"way/1393758720","properties":{"kind":"road","name":"Southwest 13th Street"},"geometry":{"type":"LineString","coordinates":[[-82.33944,29.63462],[-82.33944,29.63457],[-82.33944,29.63409],[-82.33944,29.63379],[-82.33944,29.63341]]}},{"type":"Feature","id":"way/1393758721","properties":{"kind":"road","name":"Southwest 13th Street"},"geometry":{"type":"LineString","coordinates":[[-82.33944,29.63341],[-82.33944,29.63316],[-82.33944,29.63284]]}},{"type":"Feature","id":"way/1393829614","properties":{"kind":"road","name":"South Main Street"},"geometry":{"type":"LineString","coordinates":[[-82.32498,29.64673],[-82.32497,29.64648]]}},{"type":"Feature","id":"way/1393829615","properties":{"kind":"road","name":"South Main Street"},"geometry":{"type":"LineString","coordinates":[[-82.32497,29.64648],[-82.32497,29.64621]]}},{"type":"Feature","id":"way/1393829616","properties":{"kind":"road","name":"South Main Street"},"geometry":{"type":"LineString","coordinates":[[-82.32498,29.64685],[-82.32498,29.64673]]}},{"type":"Feature","id":"way/1394064578","properties":{"kind":"road","name":"East University Avenue"},"geometry":{"type":"LineString","coordinates":[[-82.31357,29.65195],[-82.31344,29.65195],[-82.31329,29.65195]]}},{"type":"Feature","id":"way/1394131769","properties":{"kind":"road","name":"Northwest 8th Avenue"},"geometry":{"type":"LineString","coordinates":[[-82.32585,29.65918],[-82.32625,29.65919],[-82.32661,29.6592]]}},{"type":"Feature","id":"way/1394131770","properties":{"kind":"road","name":"Northwest 8th Avenue"},"geometry":{"type":"LineString","coordinates":[[-82.32661,29.6592],[-82.3269,29.65922],[-82.327,29.65923]]}},{"type":"Feature","id":"way/1409378636","properties":{"kind":"road","name":"Northwest 6th Street"},"geometry":{"type":"LineString","coordinates":[[-82.33091,29.66011],[-82.33091,29.66018],[-82.3309,29.66044]]}},{"type":"Feature","id":"way/1409378637","properties":{"kind":"road","name":"Northwest 6th Street"},"geometry":{"type":"LineString","coordinates":[[-82.3309,29.66044],[-82.33091,29.66062],[-82.33091,29.66071]]}},{"type":"Feature","id":"way/1409629327","properties":{"kind":"road","name":"Northwest 8th Avenue"},"geometry":{"type":"LineString","coordinates":[[-82.32919,29.65943],[-82.32929,29.65943],[-82.32949,29.65943]]}},{"type":"Feature","id":"way/1409629328","properties":{"kind":"road","name":"Northwest 8th Avenue"},"geometry":{"type":"LineString","coordinates":[[-82.3302,29.65943],[-82.33026,29.65943],[-82.33038,29.65943],[-82.33063,29.65943],[-82.33069,29.65942],[-82.33074,29.65942],[-82.33087,29.65941]]}},{"type":"Feature","id":"way/1409684513","properties":{"kind":"road","name":"North Main Street"},"geometry":{"type":"LineString","coordinates":[[-82.32461,29.6599],[-82.32467,29.65975],[-82.32472,29.65965],[-82.32481,29.65949],[-82.32491,29.65931],[-82.32498,29.65921]]}},{"type":"Feature","id":"way/1409684514","properties":{"kind":"road","name":"North Main Street"},"geometry":{"type":"LineString","coordinates":[[-82.32453,29.66021],[-82.32453,29.66018],[-82.32461,29.6599]]}},{"type":"Feature","id":"way/1409714127","properties":{"kind":"road","name":"Northwest 6th Street"},"geometry":{"type":"LineString","coordinates":[[-82.3309,29.66147],[-82.3309,29.66162]]}},{"type":"Feature","id":"way/1409714129","properties":{"kind":"road","name":"Northwest 6th Street"},"geometry":{"type":"LineString","coordinates":[[-82.33091,29.66114],[-82.3309,29.66122],[-82.3309,29.66147]]}},{"type":"Feature","id":"way/1409714130","properties":{"kind":"road","name":"Northwest 6th Street"},"geometry":{"type":"LineString","coordinates":[[-82.33091,29.66071],[-82.33091,29.66081],[-82.33091,29.66086]]}},{"type":"Feature","id":"way/1411119821","properties":{"kind":"road","name":"West University Avenue"},"geometry":{"type":"LineString","coordinates":[[-82.32659,29.65198],[-82.32664,29.65198],[-82.32684,29.65199],[-82.32714,29.652],[-82.32787,29.652],[-82.32793,29.652],[-82.32802,29.652],[-82.32807,29.652],[-82.3284,29.65201],[-82.32852,29.65201],[-82.32882,29.65201],[-82.329,29.65201],[-82.32919,29.65201],[-82.32922,29.65201],[-82.32957,29.65201],[-82.33035,29.65202],[-82.33043,29.65202],[-82.33055,29.65202],[-82.33068,29.65203],[-82.33075,29.65204],[-82.33083,29.65205]]}},{"type":"Feature","id":"way/1411119822","properties":{"kind":"road","name":"West University Avenue"},"geometry":{"type":"LineString","coordinates":[[-82.32617,29.65196],[-82.32627,29.65196],[-82.32644,29.65197],[-82.32653,29.65198],[-82.32659,29.65198]]}},{"type":"Feature","id":"way/1411376753","properties":{"kind":"road","name":"Southwest 13th Street"},"geometry":{"type":"LineString","coordinates":[[-82.33927,29.63284],[-82.33927,29.6331],[-82.33927,29.63352],[-82.33927,29.63396],[-82.33927,29.63409]]}},{"type":"Feature","id":"way/1411376754","properties":{"kind":"road","name":"Southwest 13th Street"},"geometry":{"type":"LineString","coordinates":[[-82.33927,29.63232],[-82.33927,29.63234],[-82.33927,29.63242],[-82.33927,29.63262],[-82.33927,29.63284]]}},{"type":"Feature","id":"way/1411715524","properties":{"kind":"road","name":"Northwest 13th Street"},"geometry":{"type":"LineString","coordinates":[[-82.33915,29.66977],[-82.33915,29.67003],[-82.33915,29.67018],[-82.33915,29.67025]]}},{"type":"Feature","id":"way/1412982546","properties":{"kind":"road","name":"East University Avenue"},"geometry":{"type":"LineString","coordinates":[[-82.31771,29.65194],[-82.31763,29.65194],[-82.31731,29.65194]]}},{"type":"Feature","id":"way/1413040284","properties":{"kind":"road","name":"East University Avenue"},"geometry":{"type":"LineString","coordinates":[[-82.31731,29.65194],[-82.31625,29.65194]]}},{"type":"Feature","id":"way/1413040285","properties":{"kind":"road","name":"East University Avenue"},"geometry":{"type":"LineString","coordinates":[[-82.31625,29.65194],[-82.31597,29.65194]]}},{"type":"Feature","id":"way/1413999990","properties":{"kind":"road","name":"East University Avenue"},"geometry":{"type":"LineString","coordinates":[[-82.31521,29.65194],[-82.31488,29.65194],[-82.31474,29.65194]]}},{"type":"Feature","id":"way/1414009812","properties":{"kind":"road","name":"Southwest 13th Street"},"geometry":{"type":"LineString","coordinates":[[-82.33944,29.63284],[-82.33944,29.63267],[-82.33943,29.6322],[-82.33943,29.63197],[-82.33943,29.63172],[-82.33943,29.6316],[-82.33943,29.63145],[-82.33943,29.63087],[-82.33943,29.63062],[-82.33943,29.63054]]}},{"type":"Feature","id":"way/1414009813","properties":{"kind":"road","name":"Southwest 13th Street"},"geometry":{"type":"LineString","coordinates":[[-82.33943,29.63054],[-82.33943,29.63048],[-82.33943,29.63037],[-82.33943,29.63015]]}},{"type":"Feature","id":"way/1414028139","properties":{"kind":"road","name":"South Main Street"},"geometry":{"type":"LineString","coordinates":[[-82.32793,29.63439],[-82.32776,29.63492],[-82.32774,29.63497]]}},{"type":"Feature","id":"way/1414028140","properties":{"kind":"road","name":"South Main Street"},"geometry":{"type":"LineString","coordinates":[[-82.32774,29.63497],[-82.32764,29.63526]]}},{"type":"Feature","id":"way/1414043899","properties":{"kind":"road","name":"Northwest 16th Avenue"},"geometry":{"type":"LineString","coordinates":[[-82.34119,29.66674],[-82.34132,29.66674],[-82.34136,29.66674],[-82.34195,29.66675],[-82.34239,29.66675],[-82.34285,29.66675]]}},{"type":"Feature","id":"way/1414043900","properties":{"kind":"road","name":"Northwest 16th Terrace"},"geometry":{"type":"LineString","coordinates":[[-82.34328,29.66665],[-82.34326,29.66676]]}},{"type":"Feature","id":"way/1414043901","properties":{"kind":"road","name":"Northwest 16th Avenue"},"geometry":{"type":"LineString","coordinates":[[-82.34285,29.66675],[-82.34305,29.66675],[-82.34316,29.66675],[-82.34326,29.66676]]}},{"type":"Feature","id":"way/1414115819","properties":{"kind":"road","name":"Southwest 13th Street"},"geometry":{"type":"LineString","coordinates":[[-82.33943,29.63015],[-82.33943,29.63001],[-82.33943,29.62963],[-82.33943,29.6291],[-82.33943,29.62871],[-82.33943,29.6283]]}},{"type":"Feature","id":"way/1414115821","properties":{"kind":"road","name":"Southwest 13th Street"},"geometry":{"type":"LineString","coordinates":[[-82.33943,29.6283],[-82.33943,29.62791]]}},{"type":"Feature","id":"way/1414115822","properties":{"kind":"road","name":"Southwest 13th Street"},"geometry":{"type":"LineString","coordinates":[[-82.33926,29.63015],[-82.33926,29.63025],[-82.33926,29.63035],[-82.33926,29.63073],[-82.33927,29.63089],[-82.33927,29.6316],[-82.33927,29.63227],[-82.33927,29.63232]]}},{"type":"Feature","id":"way/1414115823","properties":{"kind":"road","name":"Southwest 13th Street"},"geometry":{"type":"LineString","coordinates":[[-82.33926,29.62821],[-82.33926,29.62856],[-82.33926,29.62871]]}},{"type":"Feature","id":"way/1414118620","properties":{"kind":"road","name":"Southwest 13th Street"},"geometry":{"type":"LineString","coordinates":[[-82.33926,29.62871],[-82.33926,29.62884],[-82.33926,29.62915],[-82.33926,29.62931],[-82.33926,29.62984]]}},{"type":"Feature","id":"way/1414118621","properties":{"kind":"road","name":"Southwest 13th Street"},"geometry":{"type":"LineString","coordinates":[[-82.33926,29.62984],[-82.33926,29.62999],[-82.33926,29.63015]]}},{"type":"Feature","id":"way/1414182582","properties":{"kind":"road","name":"Northwest 16th Avenue"},"geometry":{"type":"LineString","coordinates":[[-82.34442,29.66676],[-82.34551,29.66676],[-82.34561,29.66676],[-82.34623,29.66676],[-82.34668,29.66677],[-82.34703,29.66677],[-82.34729,29.66677]]}},{"type":"Feature","id":"way/1414182583","properties":{"kind":"road","name":"Northwest 16th Avenue"},"geometry":{"type":"LineString","coordinates":[[-82.34729,29.66677],[-82.34766,29.66677]]}},{"type":"Feature","id":"way/1414185400","properties":{"kind":"road","name":"East University Avenue"},"geometry":{"type":"LineString","coordinates":[[-82.32187,29.65196],[-82.32161,29.65196]]}},{"type":"Feature","id":"way/1414558550","properties":{"kind":"road","name":"Northwest 16th Avenue"},"geometry":{"type":"LineString","coordinates":[[-82.34555,29.66665],[-82.34441,29.66665],[-82.34341,29.66665],[-82.34328,29.66665],[-82.3432,29.66665],[-82.34307,29.66665],[-82.34197,29.66665],[-82.34132,29.66664],[-82.34121,29.66664],[-82.34109,29.66664],[-82.34063,29.66664]]}},{"type":"Feature","id":"way/1414558551","properties":{"kind":"road","name":"Northwest 16th Avenue"},"geometry":{"type":"LineString","coordinates":[[-82.34596,29.66665],[-82.34555,29.66665]]}},{"type":"Feature","id":"way/1414577702","properties":{"kind":"road","name":"Northwest 16th Avenue"},"geometry":{"type":"LineString","coordinates":[[-82.35138,29.66668],[-82.34994,29.66667],[-82.34979,29.66667],[-82.34882,29.66666],[-82.34766,29.66666],[-82.34687,29.66665],[-82.34668,29.66665],[-82.34596,29.66665]]}},{"type":"Feature","id":"way/1414577703","properties":{"kind":"road","name":"Northwest 16th Avenue"},"geometry":{"type":"LineString","coordinates":[[-82.35618,29.6667],[-82.35577,29.6667]]}},{"type":"Feature","id":"way/1414578741","properties":{"kind":"road","name":"Northwest 16th Avenue"},"geometry":{"type":"LineString","coordinates":[[-82.36219,29.6667],[-82.36213,29.6667],[-82.36103,29.6667],[-82.35977,29.6667],[-82.35884,29.6667]]}},{"type":"Feature","id":"way/1414578742","properties":{"kind":"road","name":"Northwest 16th Avenue"},"geometry":{"type":"LineString","coordinates":[[-82.3626,29.6667],[-82.36219,29.6667]]}},{"type":"Feature","id":"way/1414579726","properties":{"kind":"road","name":"Southwest 13th Street"},"geometry":{"type":"LineString","coordinates":[[-82.33926,29.62622],[-82.33926,29.6265],[-82.33926,29.62707],[-82.33926,29.62758],[-82.33926,29.62782],[-82.33926,29.62794],[-82.33926,29.62821]]}},{"type":"Feature","id":"way/1414579788","properties":{"kind":"road","name":"Northwest 16th Avenue"},"geometry":{"type":"LineString","coordinates":[[-82.34063,29.66664],[-82.34043,29.66664],[-82.34035,29.66664],[-82.34,29.66664],[-82.33968,29.66664],[-82.33931,29.66664],[-82.33916,29.66667]]}},{"type":"Feature","id":"way/1414584582","properties":{"kind":"road","name":"Northwest 16th Avenue"},"geometry":{"type":"LineString","coordinates":[[-82.35847,29.6667],[-82.35781,29.6667],[-82.3577,29.6667],[-82.35618,29.6667]]}},{"type":"Feature","id":"way/1414584583","properties":{"kind":"road","name":"Northwest 16th Avenue"},"geometry":{"type":"LineString","coordinates":[[-82.35884,29.6667],[-82.35847,29.6667]]}},{"type":"Feature","id":"way/1414585968","properties":{"kind":"road","name":"Northwest 16th Avenue"},"geometry":{"type":"LineString","coordinates":[[-82.36103,29.66681],[-82.36219,29.66681],[-82.36329,29.66681],[-82.36344,29.66681],[-82.36419,29.66681],[-82.36474,29.66681],[-82.366,29.66682],[-82.36611,29.66682],[-82.36737,29.66682],[-82.36802,29.66682]]}},{"type":"Feature","id":"way/1414585969","properties":{"kind":"road","name":"Northwest 16th Avenue"},"geometry":{"type":"LineString","coordinates":[[-82.36067,29.66681],[-82.36076,29.66681],[-82.36094,29.66681],[-82.36103,29.66681]]}},{"type":"Feature","id":"way/1414590550","properties":{"kind":"road","name":"West University Avenue"},"geometry":{"type":"LineString","coordinates":[[-82.37475,29.65188],[-82.37456,29.65189]]}},{"type":"Feature","id":"way/1414590551","properties":{"kind":"road","name":"West University Avenue"},"geometry":{"type":"LineString","coordinates":[[-82.37407,29.65192],[-82.37403,29.65192],[-82.37401,29.65192],[-82.37396,29.65193]]}},{"type":"Feature","id":"way/1414590552","properties":{"kind":"road","name":"Northwest 16th Avenue"},"geometry":{"type":"LineString","coordinates":[[-82.34326,29.66676],[-82.34338,29.66676],[-82.34384,29.66676],[-82.34402,29.66676]]}},{"type":"Feature","id":"way/1414590553","properties":{"kind":"road","name":"Northwest 16th Avenue"},"geometry":{"type":"LineString","coordinates":[[-82.34402,29.66676],[-82.34442,29.66676]]}},{"type":"Feature","id":"way/1414592533","properties":{"kind":"road","name":"Northwest 16th Avenue"},"geometry":{"type":"LineString","coordinates":[[-82.37077,29.66682],[-82.37122,29.66682],[-82.37217,29.66682],[-82.37228,29.66682],[-82.37237,29.66682]]}},{"type":"Feature","id":"way/1414596873","properties":{"kind":"road","name":"Northwest 16th Avenue"},"geometry":{"type":"LineString","coordinates":[[-82.36823,29.66682],[-82.36893,29.66682],[-82.36934,29.66682]]}},{"type":"Feature","id":"way/1414596874","properties":{"kind":"road","name":"Northwest 16th Avenue"},"geometry":{"type":"LineString","coordinates":[[-82.36802,29.66682],[-82.36823,29.66682]]}},{"type":"Feature","id":"way/1414702449","properties":{"kind":"road","name":"East University Avenue"},"geometry":{"type":"LineString","coordinates":[[-82.31925,29.65188],[-82.31892,29.65188]]}},{"type":"Feature","id":"way/1414702450","properties":{"kind":"road","name":"East University Avenue"},"geometry":{"type":"LineString","coordinates":[[-82.31892,29.65188],[-82.31861,29.65188]]}},{"type":"Feature","id":"way/1415100430","properties":{"kind":"road","name":"Southeast 15th Street"},"geometry":{"type":"LineString","coordinates":[[-82.30585,29.6512],[-82.30585,29.65131]]}},{"type":"Feature","id":"way/1415104944","properties":{"kind":"road","name":"North Main Street"},"geometry":{"type":"LineString","coordinates":[[-82.32502,29.654],[-82.32501,29.6537],[-82.32501,29.65347],[-82.32501,29.65333]]}},{"type":"Feature","id":"way/1415104945","properties":{"kind":"road","name":"North Main Street"},"geometry":{"type":"LineString","coordinates":[[-82.32502,29.65421],[-82.32502,29.654]]}},{"type":"Feature","id":"way/1415106336","properties":{"kind":"road","name":"North Main Street"},"geometry":{"type":"LineString","coordinates":[[-82.32502,29.65468],[-82.32502,29.65437]]}},{"type":"Feature","id":"way/1415106337","properties":{"kind":"road","name":"North Main Street"},"geometry":{"type":"LineString","coordinates":[[-82.32502,29.65496],[-82.32502,29.65468]]}},{"type":"Feature","id":"way/1415106338","properties":{"kind":"road","name":"North Main Street"},"geometry":{"type":"LineString","coordinates":[[-82.32502,29.65437],[-82.32502,29.65421]]}},{"type":"Feature","id":"way/1415111077","properties":{"kind":"road","name":"North Main Street"},"geometry":{"type":"LineString","coordinates":[[-82.32502,29.6587],[-82.32502,29.65855],[-82.32502,29.65851],[-82.32502,29.65835]]}},{"type":"Feature","id":"way/1415111078","properties":{"kind":"road","name":"North Main Street"},"geometry":{"type":"LineString","coordinates":[[-82.32502,29.65802],[-82.32502,29.6579],[-82.32502,29.65778]]}},{"type":"Feature","id":"way/1415111079","properties":{"kind":"road","name":"North Main Street"},"geometry":{"type":"LineString","coordinates":[[-82.32502,29.65835],[-82.32502,29.65816],[-82.32502,29.65802]]}},{"type":"Feature","id":"way/1415117599","properties":{"kind":"road","name":"North Main Street"},"geometry":{"type":"LineString","coordinates":[[-82.32502,29.65778],[-82.32502,29.65762],[-82.32502,29.65706]]}},{"type":"Feature","id":"way/1415117600","properties":{"kind":"road","name":"North Main Street"},"geometry":{"type":"LineString","coordinates":[[-82.32502,29.65682],[-82.32502,29.65657]]}},{"type":"Feature","id":"way/1415117601","properties":{"kind":"road","name":"North Main Street"},"geometry":{"type":"LineString","coordinates":[[-82.32502,29.65706],[-82.32502,29.65682]]}},{"type":"Feature","id":"way/1415393143","properties":{"kind":"road","name":"East University Avenue"},"geometry":{"type":"LineString","coordinates":[[-82.32205,29.65196],[-82.32187,29.65196]]}},{"type":"Feature","id":"way/1416492614","properties":{"kind":"road","name":"Northwest 34th Street"},"geometry":{"type":"LineString","coordinates":[[-82.37237,29.66791],[-82.37236,29.66843],[-82.37236,29.66898],[-82.37236,29.66915],[-82.37236,29.66923],[-82.37235,29.66976]]}},{"type":"Feature","id":"way/1416492615","properties":{"kind":"road","name":"Northwest 34th Street"},"geometry":{"type":"LineString","coordinates":[[-82.37235,29.66976],[-82.37235,29.66986],[-82.37235,29.67033]]}},{"type":"Feature","id":"way/1418232371","properties":{"kind":"road","name":"North Main Street"},"geometry":{"type":"LineString","coordinates":[[-82.32452,29.66109],[-82.32453,29.66101],[-82.32453,29.66061],[-82.32453,29.66052]]}},{"type":"Feature","id":"way/1418232372","properties":{"kind":"road","name":"North Main Street"},"geometry":{"type":"LineString","coordinates":[[-82.32452,29.66168],[-82.32452,29.66161],[-82.32452,29.66142],[-82.32452,29.6612],[-82.32452,29.66116],[-82.32452,29.66109]]}},{"type":"Feature","id":"way/1418232373","properties":{"kind":"road","name":"North Main Street"},"geometry":{"type":"LineString","coordinates":[[-82.32453,29.66052],[-82.32453,29.66046],[-82.32453,29.66021]]}},{"type":"Feature","id":"way/1418233052","properties":{"kind":"road","name":"North Main Street"},"geometry":{"type":"LineString","coordinates":[[-82.3245,29.66523],[-82.3245,29.66518],[-82.3245,29.66495],[-82.32451,29.66477]]}},{"type":"Feature","id":"way/1418236555","properties":{"kind":"road","name":"North Main Street"},"geometry":{"type":"LineString","coordinates":[[-82.32451,29.66439],[-82.32451,29.66429]]}},{"type":"Feature","id":"way/1418288598","properties":{"kind":"road","name":"South Main Street"},"geometry":{"type":"LineString","coordinates":[[-82.32807,29.63445],[-82.32831,29.63374],[-82.32867,29.63273]]}},{"type":"Feature","id":"way/1418288599","properties":{"kind":"road","name":"South Main Street"},"geometry":{"type":"LineString","coordinates":[[-82.32867,29.63273],[-82.32887,29.63214]]}},{"type":"Feature","id":"way/1419116975","properties":{"kind":"road","name":"South Main Street"},"geometry":{"type":"LineString","coordinates":[[-82.32818,29.63371],[-82.32793,29.63439]]}},{"type":"Feature","id":"way/1419116976","properties":{"kind":"road","name":"South Main Street"},"geometry":{"type":"LineString","coordinates":[[-82.32831,29.63336],[-82.32818,29.63371]]}},{"type":"Feature","id":"way/1423262999","properties":{"kind":"road","name":"South Main Street"},"geometry":{"type":"LineString","coordinates":[[-82.32887,29.63214],[-82.32929,29.63096],[-82.32932,29.63086]]}},{"type":"Feature","id":"way/1423263000","properties":{"kind":"road","name":"South Main Street"},"geometry":{"type":"LineString","coordinates":[[-82.32932,29.63086],[-82.32951,29.63033]]}},{"type":"Feature","id":"way/1423471244","properties":{"kind":"road","name":"South Main Street"},"geometry":{"type":"LineString","coordinates":[[-82.32938,29.63029],[-82.32916,29.63092],[-82.32875,29.63209],[-82.32831,29.63336]]}},{"type":"Feature","id":"way/1423471245","properties":{"kind":"road","name":"South Main Street"},"geometry":{"type":"LineString","coordinates":[[-82.3295,29.62995],[-82.32938,29.63029]]}},{"type":"Feature","id":"way/1436712726","properties":{"kind":"road","name":"Southwest 9th Road"},"geometry":{"type":"LineString","coordinates":[[-82.33925,29.64195],[-82.33917,29.64199],[-82.33911,29.64202],[-82.33874,29.64222],[-82.3386,29.64229]]}},{"type":"Feature","id":"way/1436734349","properties":{"kind":"road","name":"Old Archer Road"},"geometry":{"type":"LineString","coordinates":[[-82.36212,29.63168],[-82.36155,29.63195]]}},{"type":"Feature","id":"way/1441908070","properties":{"kind":"road","name":"Northwest 16th Avenue"},"geometry":{"type":"LineString","coordinates":[[-82.33886,29.66667],[-82.33904,29.66667],[-82.33916,29.66667]]}},{"type":"Feature","id":"way/1441908071","properties":{"kind":"road","name":"Northwest 16th Avenue"},"geometry":{"type":"LineString","coordinates":[[-82.3386,29.66667],[-82.33886,29.66667]]}},{"type":"Feature","id":"way/1441952266","properties":{"kind":"road","name":"Northwest 6th Street"},"geometry":{"type":"LineString","coordinates":[[-82.33088,29.65902],[-82.33088,29.6593],[-82.33087,29.65941]]}},{"type":"Feature","id":"way/1442113763","properties":{"kind":"road","name":"Northwest 8th Avenue"},"geometry":{"type":"LineString","coordinates":[[-82.33127,29.6594],[-82.33157,29.6594],[-82.33183,29.65939]]}},{"type":"Feature","id":"way/1442136276","properties":{"kind":"road","name":"Southwest 2nd Avenue"},"geometry":{"type":"LineString","coordinates":[[-82.3264,29.65031],[-82.32659,29.65031]]}},{"type":"Feature","id":"way/1442179489","properties":{"kind":"road","name":"Southwest 6th Street"},"geometry":{"type":"LineString","coordinates":[[-82.33126,29.64772],[-82.33126,29.6476]]}},{"type":"Feature","id":"way/1442431680","properties":{"kind":"road","name":"Northeast 8th Avenue"},"geometry":{"type":"LineString","coordinates":[[-82.30739,29.6593],[-82.30705,29.6593]]}},{"type":"Feature","id":"way/1442518358","properties":{"kind":"road","name":"Southwest 4th Avenue"},"geometry":{"type":"LineString","coordinates":[[-82.32525,29.64836],[-82.32548,29.64835]]}},{"type":"Feature","id":"way/1442577196","properties":{"kind":"road","name":"Northwest 8th Avenue"},"geometry":{"type":"LineString","coordinates":[[-82.33714,29.6594],[-82.33763,29.65933],[-82.33764,29.65933],[-82.33781,29.6593]]}},{"type":"Feature","id":"way/1442754695","properties":{"kind":"road","name":"Northwest 8th Avenue"},"geometry":{"type":"LineString","coordinates":[[-82.33934,29.65919],[-82.33987,29.65921],[-82.34047,29.6593],[-82.34101,29.65938],[-82.3411,29.65938]]}},{"type":"Feature","id":"way/1442754696","properties":{"kind":"road","name":"Northwest 8th Avenue"},"geometry":{"type":"LineString","coordinates":[[-82.3411,29.65938],[-82.34143,29.65939],[-82.34184,29.65939]]}},{"type":"Feature","id":"way/1442779241","properties":{"kind":"road","name":"Northwest 8th Avenue"},"geometry":{"type":"LineString","coordinates":[[-82.33208,29.65939],[-82.33233,29.6594],[-82.33291,29.6594]]}},{"type":"Feature","id":"way/1442779242","properties":{"kind":"road","name":"Northwest 8th Avenue"},"geometry":{"type":"LineString","coordinates":[[-82.33412,29.65941],[-82.33416,29.65941],[-82.33453,29.65941],[-82.33504,29.65941],[-82.33512,29.65942]]}},{"type":"Feature","id":"way/1442779243","properties":{"kind":"road","name":"Northwest 8th Avenue"},"geometry":{"type":"LineString","coordinates":[[-82.33714,29.6594],[-82.33685,29.65941],[-82.33684,29.65941],[-82.33639,29.65941]]}},{"type":"Feature","id":"way/1442786972","properties":{"kind":"road","name":"Northwest 8th Avenue"},"geometry":{"type":"LineString","coordinates":[[-82.34428,29.6594],[-82.34463,29.6594]]}},{"type":"Feature","id":"way/1442863888","properties":{"kind":"road","name":"Northwest 8th Avenue"},"geometry":{"type":"LineString","coordinates":[[-82.33356,29.6594],[-82.33397,29.65941]]}},{"type":"Feature","id":"way/1442863889","properties":{"kind":"road","name":"Northwest 8th Avenue"},"geometry":{"type":"LineString","coordinates":[[-82.33397,29.65941],[-82.33412,29.65941]]}},{"type":"Feature","id":"way/1443168247","properties":{"kind":"road","name":"Northwest 6th Street"},"geometry":{"type":"LineString","coordinates":[[-82.33082,29.65565],[-82.33082,29.65574],[-82.33082,29.65605]]}},{"type":"Feature","id":"way/1443491729","properties":{"kind":"road","name":"Northwest 8th Avenue"},"geometry":{"type":"LineString","coordinates":[[-82.33291,29.6594],[-82.33335,29.6594]]}},{"type":"Feature","id":"way/1443491730","properties":{"kind":"road","name":"Northwest 8th Avenue"},"geometry":{"type":"LineString","coordinates":[[-82.33335,29.6594],[-82.33356,29.6594]]}},{"type":"Feature","id":"way/1443491731","properties":{"kind":"road","name":"Northwest 8th Avenue"},"geometry":{"type":"LineString","coordinates":[[-82.33183,29.65939],[-82.33198,29.65939],[-82.33208,29.65939]]}},{"type":"Feature","id":"way/1444092728","properties":{"kind":"road","name":"Northwest 8th Avenue"},"geometry":{"type":"LineString","coordinates":[[-82.34463,29.6594],[-82.34575,29.6594],[-82.34654,29.65941],[-82.34677,29.65942]]}},{"type":"Feature","id":"way/1444092729","properties":{"kind":"road","name":"Northwest 8th Avenue"},"geometry":{"type":"LineString","coordinates":[[-82.34677,29.65942],[-82.34715,29.65943]]}},{"type":"Feature","id":"way/1444224166","properties":{"kind":"road","name":"West University Avenue"},"geometry":{"type":"LineString","coordinates":[[-82.34827,29.65209],[-82.34859,29.65209]]}},{"type":"Feature","id":"way/1444474917","properties":{"kind":"road","name":"Northwest 8th Avenue"},"geometry":{"type":"LineString","coordinates":[[-82.34715,29.65943],[-82.34724,29.65943],[-82.34841,29.65943],[-82.34846,29.65943]]}},{"type":"Feature","id":"way/1444474919","properties":{"kind":"road","name":"Northwest 8th Avenue"},"geometry":{"type":"LineString","coordinates":[[-82.3493,29.65943],[-82.35015,29.65943]]}},{"type":"Feature","id":"way/1444474920","properties":{"kind":"road","name":"Northwest 8th Avenue"},"geometry":{"type":"LineString","coordinates":[[-82.34864,29.65943],[-82.3493,29.65943]]}},{"type":"Feature","id":"way/1444478627","properties":{"kind":"road","name":"Northwest 8th Avenue"},"geometry":{"type":"LineString","coordinates":[[-82.34846,29.65943],[-82.34864,29.65943]]}},{"type":"Feature","id":"way/1445221169","properties":{"kind":"road","name":"Southeast 4th Avenue"},"geometry":{"type":"LineString","coordinates":[[-82.31211,29.64823],[-82.31186,29.64823],[-82.31169,29.64823],[-82.31159,29.64823]]}},{"type":"Feature","id":"way/1445371979","properties":{"kind":"road","name":"Northwest 8th Avenue"},"geometry":{"type":"LineString","coordinates":[[-82.35015,29.65943],[-82.35069,29.65943]]}},{"type":"Feature","id":"way/1445371981","properties":{"kind":"road","name":"Northwest 8th Avenue"},"geometry":{"type":"LineString","coordinates":[[-82.3515,29.65943],[-82.3525,29.65944]]}},{"type":"Feature","id":"way/1445371982","properties":{"kind":"road","name":"Northwest 8th Avenue"},"geometry":{"type":"LineString","coordinates":[[-82.3509,29.65943],[-82.3515,29.65943]]}},{"type":"Feature","id":"way/1445375492","properties":{"kind":"road","name":"Northwest 8th Avenue"},"geometry":{"type":"LineString","coordinates":[[-82.35069,29.65943],[-82.3509,29.65943]]}},{"type":"Feature","id":"way/1445376381","properties":{"kind":"road","name":"Northwest 8th Avenue"},"geometry":{"type":"LineString","coordinates":[[-82.3525,29.65944],[-82.35295,29.65944]]}},{"type":"Feature","id":"way/1445970154","properties":{"kind":"road","name":"Northeast 9th Street"},"geometry":{"type":"LineString","coordinates":[[-82.31478,29.66626],[-82.31477,29.6664],[-82.31477,29.66647],[-82.31477,29.66655]]}},{"type":"Feature","id":"way/1446322709","properties":{"kind":"road","name":"Northwest 16th Avenue"},"geometry":{"type":"LineString","coordinates":[[-82.33746,29.66666],[-82.33785,29.66666],[-82.33816,29.66667],[-82.33828,29.66667],[-82.33836,29.66667],[-82.3386,29.66667]]}},{"type":"Feature","id":"way/1446322710","properties":{"kind":"road","name":"Northwest 16th Avenue"},"geometry":{"type":"LineString","coordinates":[[-82.33683,29.66666],[-82.33719,29.66666]]}},{"type":"Feature","id":"way/1446322712","properties":{"kind":"road","name":"Northwest 16th Avenue"},"geometry":{"type":"LineString","coordinates":[[-82.33719,29.66666],[-82.33746,29.66666]]}},{"type":"Feature","id":"way/1446327053","properties":{"kind":"road","name":"Northwest 16th Avenue"},"geometry":{"type":"LineString","coordinates":[[-82.32632,29.66662],[-82.32654,29.66662],[-82.32662,29.66662]]}},{"type":"Feature","id":"way/1446339284","properties":{"kind":"road","name":"Northwest 16th Avenue"},"geometry":{"type":"LineString","coordinates":[[-82.3285,29.66661],[-82.3288,29.66661]]}},{"type":"Feature","id":"way/1446467537","properties":{"kind":"road","name":"Northwest 8th Avenue"},"geometry":{"type":"LineString","coordinates":[[-82.35653,29.65945],[-82.35838,29.65944],[-82.35906,29.65944]]}},{"type":"Feature","id":"way/1446467538","properties":{"kind":"road","name":"Northwest 8th Avenue"},"geometry":{"type":"LineString","coordinates":[[-82.35578,29.65944],[-82.35605,29.65944]]}},{"type":"Feature","id":"way/1446471994","properties":{"kind":"road","name":"Northwest 8th Avenue"},"geometry":{"type":"LineString","coordinates":[[-82.35624,29.65944],[-82.35653,29.65945]]}},{"type":"Feature","id":"way/1446471995","properties":{"kind":"road","name":"Northwest 8th Avenue"},"geometry":{"type":"LineString","coordinates":[[-82.35605,29.65944],[-82.35624,29.65944]]}},{"type":"Feature","id":"way/1446496308","properties":{"kind":"road","name":"Northwest 16th Avenue"},"geometry":{"type":"LineString","coordinates":[[-82.3319,29.66663],[-82.33257,29.66662]]}},{"type":"Feature","id":"way/1446496309","properties":{"kind":"road","name":"Northwest 16th Avenue"},"geometry":{"type":"LineString","coordinates":[[-82.33257,29.66662],[-82.33294,29.66663]]}},{"type":"Feature","id":"way/1447391415","properties":{"kind":"road","name":"Northwest 8th Avenue"},"geometry":{"type":"LineString","coordinates":[[-82.36989,29.65948],[-82.37189,29.6595]]}},{"type":"Feature","id":"way/1447391416","properties":{"kind":"road","name":"Northwest 8th Avenue"},"geometry":{"type":"LineString","coordinates":[[-82.36938,29.65947],[-82.36989,29.65948]]}},{"type":"Feature","id":"way/1447865196","properties":{"kind":"road","name":"Southeast 16th Avenue"},"geometry":{"type":"LineString","coordinates":[[-82.32651,29.6344],[-82.32648,29.63428]]}},{"type":"Feature","id":"way/1447865197","properties":{"kind":"road","name":"Southeast 16th Avenue"},"geometry":{"type":"LineString","coordinates":[[-82.32716,29.63539],[-82.32699,29.63523]]}},{"type":"Feature","id":"way/1447865198","properties":{"kind":"road","name":"Southeast 16th Avenue"},"geometry":{"type":"LineString","coordinates":[[-82.32657,29.63455],[-82.32651,29.6344]]}},{"type":"Feature","id":"way/1447924983","properties":{"kind":"road","name":"Northwest 8th Avenue"},"geometry":{"type":"LineString","coordinates":[[-82.37189,29.6595],[-82.37231,29.65951],[-82.37241,29.65951]]}},{"type":"Feature","id":"way/1447927417","properties":{"kind":"road","name":"Southeast 3rd Street"},"geometry":{"type":"LineString","coordinates":[[-82.32239,29.64988],[-82.32239,29.64984]]}},{"type":"Feature","id":"way/1447927418","properties":{"kind":"road","name":"Southeast 3rd Street"},"geometry":{"type":"LineString","coordinates":[[-82.32239,29.64984],[-82.32238,29.64981],[-82.32238,29.64966]]}},{"type":"Feature","id":"way/1449298531","properties":{"kind":"road","name":"Southeast 4th Avenue"},"geometry":{"type":"LineString","coordinates":[[-82.32263,29.64837],[-82.32246,29.64838],[-82.32236,29.64838]]}},{"type":"Feature","id":"way/1449298532","properties":{"kind":"road","name":"Southeast 4th Avenue"},"geometry":{"type":"LineString","coordinates":[[-82.32308,29.64837],[-82.3228,29.64837]]}},{"type":"Feature","id":"way/1450165969","properties":{"kind":"road","name":"Southeast Depot Avenue"},"geometry":{"type":"LineString","coordinates":[[-82.31999,29.64532],[-82.3198,29.64534],[-82.31953,29.64539],[-82.31946,29.6454]]}},{"type":"Feature","id":"way/1450165970","properties":{"kind":"road","name":"Southeast Depot Avenue"},"geometry":{"type":"LineString","coordinates":[[-82.31946,29.6454],[-82.31932,29.64542],[-82.31915,29.64545]]}},{"type":"Feature","id":"way/1450215589","properties":{"kind":"road","name":"Southeast 4th Avenue"},"geometry":{"type":"LineString","coordinates":[[-82.3228,29.64837],[-82.32263,29.64837]]}},{"type":"Feature","id":"way/1450880833","properties":{"kind":"road","name":"Northeast 8th Avenue"},"geometry":{"type":"LineString","coordinates":[[-82.31741,29.65936],[-82.31669,29.65936],[-82.31644,29.65936],[-82.31597,29.65936],[-82.31522,29.65936]]}},{"type":"Feature","id":"way/1450880835","properties":{"kind":"road","name":"Northeast 8th Avenue"},"geometry":{"type":"LineString","coordinates":[[-82.31767,29.65936],[-82.31741,29.65936]]}},{"type":"Feature","id":"way/1451625145","properties":{"kind":"road","name":"Northeast 9th Street"},"geometry":{"type":"LineString","coordinates":[[-82.31476,29.65389],[-82.31476,29.65396],[-82.31477,29.65435],[-82.31477,29.65441],[-82.31477,29.65471]]}},{"type":"Feature","id":"way/1451625147","properties":{"kind":"road","name":"Northeast 9th Street"},"geometry":{"type":"LineString","coordinates":[[-82.31476,29.65344],[-82.31476,29.65379]]}},{"type":"Feature","id":"way/1451625149","properties":{"kind":"road","name":"Northeast 9th Street"},"geometry":{"type":"LineString","coordinates":[[-82.31476,29.65379],[-82.31476,29.65389]]}},{"type":"Feature","id":"way/1459519833","properties":{"kind":"road","name":"Southwest Second Avenue"},"geometry":{"type":"LineString","coordinates":[[-82.327,29.65023],[-82.32699,29.65023],[-82.32658,29.65023]]}},{"type":"Feature","id":"way/1466666126","properties":{"kind":"road","name":"Northeast 14th Street"},"geometry":{"type":"LineString","coordinates":[[-82.30706,29.6624],[-82.30702,29.66245],[-82.30696,29.66253],[-82.30681,29.66262],[-82.30659,29.66267],[-82.30651,29.66267],[-82.30636,29.66269],[-82.30628,29.66269],[-82.30614,29.66275],[-82.30605,29.6628],[-82.30593,29.66291]]}},{"type":"Feature","id":"way/1466666127","properties":{"kind":"road","name":"Northeast 15th Street"},"geometry":{"type":"LineString","coordinates":[[-82.30593,29.66291],[-82.30585,29.66305],[-82.30583,29.66319]]}},{"type":"Feature","id":"way/1466666130","properties":{"kind":"road","name":"Northeast 14th Street"},"geometry":{"type":"LineString","coordinates":[[-82.30703,29.66084],[-82.30711,29.66123],[-82.30712,29.6613],[-82.30713,29.6618],[-82.30714,29.66218],[-82.30712,29.6623],[-82.30706,29.6624]]}},{"type":"Feature","id":"way/1471841896","properties":{"kind":"green","name":""},"geometry":{"type":"Polygon","coordinates":[[[-82.34915,29.6437],[-82.34894,29.64358],[-82.34888,29.64364],[-82.34883,29.64366],[-82.34876,29.64369],[-82.34869,29.6437],[-82.3487,29.64409],[-82.34869,29.64429],[-82.3488,29.6443],[-82.34885,29.64429],[-82.3489,29.64428],[-82.34892,29.64428],[-82.34894,29.64428],[-82.34904,29.6443],[-82.34915,29.64429],[-82.34916,29.64429],[-82.34917,29.64409],[-82.34919,29.64402],[-82.34919,29.64392],[-82.34919,29.64384],[-82.34919,29.64382],[-82.34919,29.64379],[-82.34918,29.64377],[-82.34916,29.64374],[-82.34915,29.6437]]]}},{"type":"Feature","id":"way/1472242281","properties":{"kind":"road","name":"Southwest 2nd Avenue"},"geometry":{"type":"LineString","coordinates":[[-82.32824,29.65022],[-82.32797,29.65022]]}},{"type":"Feature","id":"way/1482647492","properties":{"kind":"road","name":"Southwest 13th Street"},"geometry":{"type":"LineString","coordinates":[[-82.33932,29.63894],[-82.33931,29.63954]]}},{"type":"Feature","id":"way/1483681511","properties":{"kind":"road","name":"Southeast 9th Street"},"geometry":{"type":"LineString","coordinates":[[-82.31474,29.65194],[-82.31474,29.65183],[-82.31474,29.65162],[-82.31482,29.65128],[-82.31484,29.65117],[-82.31489,29.65097],[-82.31504,29.6504]]}},{"type":"Feature","id":"way/1483681512","properties":{"kind":"road","name":"Southeast 9th Street"},"geometry":{"type":"LineString","coordinates":[[-82.31504,29.6504],[-82.31507,29.65028],[-82.31508,29.6502],[-82.3151,29.65012]]}},{"type":"Feature","id":"way/1483681513","properties":{"kind":"road","name":"Southeast 2nd Avenue"},"geometry":{"type":"LineString","coordinates":[[-82.31154,29.65013],[-82.31164,29.65013],[-82.31259,29.65015],[-82.31333,29.65017],[-82.31445,29.65011],[-82.3151,29.65012]]}},{"type":"Feature","id":"way/1487263932","properties":{"kind":"water","name":""},"geometry":{"type":"Polygon","coordinates":[[[-82.3524,29.64626],[-82.35235,29.64627],[-82.35233,29.64624],[-82.35233,29.64619],[-82.35234,29.64615],[-82.35237,29.64614],[-82.35241,29.64614],[-82.35242,29.64619],[-82.35242,29.64622],[-82.35242,29.64624],[-82.3524,29.64626]]]}},{"type":"Feature","id":"way/1487970509","properties":{"kind":"road","name":"East University Avenue"},"geometry":{"type":"LineString","coordinates":[[-82.32095,29.6519],[-82.32037,29.65189]]}},{"type":"Feature","id":"way/1487974426","properties":{"kind":"road","name":"Northwest 16th Avenue"},"geometry":{"type":"LineString","coordinates":[[-82.35577,29.6667],[-82.35543,29.6667],[-82.35432,29.66669],[-82.35314,29.66669],[-82.35304,29.66669],[-82.35292,29.66668],[-82.35276,29.66668],[-82.35259,29.66668],[-82.35179,29.66668]]}},{"type":"Feature","id":"way/1487974427","properties":{"kind":"road","name":"Northwest 16th Avenue"},"geometry":{"type":"LineString","coordinates":[[-82.35179,29.66668],[-82.35138,29.66668]]}},{"type":"Feature","id":"way/1487976305","properties":{"kind":"road","name":"Northwest 16th Avenue"},"geometry":{"type":"LineString","coordinates":[[-82.33612,29.66666],[-82.33683,29.66666]]}},{"type":"Feature","id":"way/1487976306","properties":{"kind":"road","name":"Northwest 16th Avenue"},"geometry":{"type":"LineString","coordinates":[[-82.3358,29.66666],[-82.33612,29.66666]]}},{"type":"Feature","id":"way/1493437150","properties":{"kind":"water","name":""},"geometry":{"type":"Polygon","coordinates":[[[-82.37336,29.64585],[-82.37341,29.64572],[-82.37335,29.64569],[-82.37327,29.64582],[-82.37336,29.64585]]]}},{"type":"Feature","id":"way/1493437151","properties":{"kind":"water","name":""},"geometry":{"type":"Polygon","coordinates":[[[-82.37385,29.6471],[-82.37386,29.64709],[-82.37387,29.64708],[-82.37387,29.64707],[-82.37387,29.64706],[-82.37386,29.64705],[-82.37386,29.64704],[-82.37386,29.64702],[-82.37386,29.64701],[-82.37387,29.647],[-82.37387,29.647],[-82.37387,29.64699],[-82.37387,29.64697],[-82.37386,29.64697],[-82.37385,29.64696],[-82.37384,29.64696],[-82.37383,29.64697],[-82.37382,29.64697],[-82.37381,29.64698],[-82.37381,29.64699],[-82.3738,29.647],[-82.37378,29.647],[-82.37378,29.64701],[-82.37378,29.64703],[-82.37379,29.64703],[-82.3738,29.64704],[-82.3738,29.64705],[-82.3738,29.64706],[-82.3738,29.64707],[-82.37381,29.64709],[-82.37382,29.6471],[-82.37383,29.6471],[-82.37384,29.6471],[-82.37385,29.6471]]]}},{"type":"Feature","id":"way/1493935480","properties":{"kind":"road","name":""},"geometry":{"type":"LineString","coordinates":[[-82.36155,29.63195],[-82.36143,29.6319]]}},{"type":"Feature","id":"way/1493935481","properties":{"kind":"road","name":""},"geometry":{"type":"LineString","coordinates":[[-82.36153,29.63207],[-82.36155,29.63195]]}},{"type":"Feature","id":"way/1497477855","properties":{"kind":"road","name":"Archer Road"},"geometry":{"type":"LineString","coordinates":[[-82.35982,29.63306],[-82.35946,29.63323],[-82.35884,29.63352],[-82.35869,29.63359]]}},{"type":"Feature","id":"way/1497477856","properties":{"kind":"road","name":"Archer Road"},"geometry":{"type":"LineString","coordinates":[[-82.35985,29.63326],[-82.36092,29.63274]]}},{"type":"Feature","id":"way/1497477857","properties":{"kind":"road","name":"Archer Road"},"geometry":{"type":"LineString","coordinates":[[-82.36092,29.63274],[-82.36108,29.63266],[-82.36147,29.63248],[-82.36162,29.63241]]}},{"type":"Feature","id":"way/1497643561","properties":{"kind":"road","name":"Northwest 22nd Street"},"geometry":{"type":"LineString","coordinates":[[-82.35363,29.65944],[-82.35363,29.65951],[-82.35364,29.66064],[-82.35364,29.66125],[-82.35363,29.66241],[-82.35364,29.66278],[-82.35363,29.66332],[-82.35363,29.66335],[-82.35363,29.66392],[-82.3536,29.66427],[-82.35357,29.66451],[-82.35353,29.66469],[-82.35349,29.66482],[-82.35343,29.66506],[-82.35331,29.66545],[-82.3532,29.66575],[-82.35312,29.66603],[-82.35305,29.66624],[-82.35296,29.66657],[-82.35294,29.66662],[-82.35292,29.66668]]}},{"type":"Feature","id":"way/1497643562","properties":{"kind":"road","name":"Northwest 22nd Street"},"geometry":{"type":"LineString","coordinates":[[-82.35364,29.65205],[-82.35364,29.65213]]}},{"type":"Feature","id":"way/1497690095","properties":{"kind":"road","name":"Southwest 34th Street"},"geometry":{"type":"LineString","coordinates":[[-82.37247,29.62794],[-82.37247,29.62805],[-82.37247,29.62811]]}},{"type":"Feature","id":"way/1497697782","properties":{"kind":"road","name":"Southeast 2nd Avenue"},"geometry":{"type":"LineString","coordinates":[[-82.31154,29.65003],[-82.3114,29.65008]]}},{"type":"Feature","id":"way/1497697783","properties":{"kind":"road","name":"Southeast 2nd Avenue"},"geometry":{"type":"LineString","coordinates":[[-82.31785,29.65007],[-82.31776,29.65006],[-82.31748,29.65002],[-82.31736,29.65001],[-82.31694,29.64999],[-82.31585,29.65],[-82.3157,29.65],[-82.31526,29.65],[-82.31512,29.64999]]}},{"type":"Feature","id":"way/1497698339","properties":{"kind":"road","name":"Southeast 9th Street"},"geometry":{"type":"LineString","coordinates":[[-82.3151,29.65012],[-82.31512,29.64999]]}},{"type":"Feature","id":"way/1498411670","properties":{"kind":"road","name":"Southwest 13th Street"},"geometry":{"type":"LineString","coordinates":[[-82.33925,29.64089],[-82.33925,29.64117]]}},{"type":"Feature","id":"way/1501036469","properties":{"kind":"road","name":"Northwest 16th Avenue"},"geometry":{"type":"LineString","coordinates":[[-82.37237,29.66671],[-82.37228,29.66671],[-82.37125,29.66671],[-82.37077,29.66671],[-82.37002,29.66671],[-82.36934,29.66671]]}},{"type":"Feature","id":"way/1501036470","properties":{"kind":"road","name":"Northwest 16th Avenue"},"geometry":{"type":"LineString","coordinates":[[-82.36934,29.66682],[-82.37024,29.66682],[-82.37077,29.66682]]}},{"type":"Feature","id":"way/1562017354","properties":{"kind":"water","name":""},"geometry":{"type":"Polygon","coordinates":[[[-82.33029,29.65312],[-82.33026,29.65314],[-82.32997,29.65313],[-82.32996,29.65298],[-82.32999,29.65296],[-82.33022,29.65296],[-82.33029,29.65298],[-82.33029,29.65312]]]}}]}