{"type":"FeatureCollection","attribution":"\u00a9 OpenStreetMap contributors, ODbL 1.0","source":"https://www.openstreetmap.org/copyright","checkedAt":"2026-09-27","features":[{"type":"Feature","id":"way/20182725","properties":{"kind":"road","name":""},"geometry":{"type":"LineString","coordinates":[[-76.50863,42.44495],[-76.50852,42.44501],[-76.50849,42.44503],[-76.50843,42.44506],[-76.50833,42.44509]]}},{"type":"Feature","id":"way/20185147","properties":{"kind":"road","name":"Dryden Road"},"geometry":{"type":"LineString","coordinates":[[-76.47579,42.44333],[-76.47628,42.44325]]}},{"type":"Feature","id":"way/20185184","properties":{"kind":"road","name":"Mitchell Street"},"geometry":{"type":"LineString","coordinates":[[-76.46505,42.43646],[-76.46589,42.43673],[-76.46635,42.43688],[-76.46729,42.4372],[-76.46767,42.4373],[-76.46807,42.43739],[-76.46845,42.43746],[-76.46903,42.43754],[-76.46936,42.43757],[-76.46985,42.43761],[-76.47028,42.43763],[-76.47036,42.43763],[-76.47079,42.43764],[-76.47253,42.4377],[-76.47285,42.43771],[-76.47302,42.43772],[-76.47346,42.43774],[-76.47427,42.43777],[-76.47432,42.43777],[-76.47446,42.43777]]}},{"type":"Feature","id":"way/20185189","properties":{"kind":"road","name":"Mitchell Street"},"geometry":{"type":"LineString","coordinates":[[-76.48504,42.43765],[-76.4854,42.43753],[-76.48562,42.43746],[-76.48585,42.43739],[-76.48598,42.43735],[-76.48602,42.43732],[-76.48609,42.43727]]}},{"type":"Feature","id":"way/20185512","properties":{"kind":"road","name":"West Avenue"},"geometry":{"type":"LineString","coordinates":[[-76.48767,42.44912],[-76.48764,42.44817],[-76.48763,42.44792],[-76.48763,42.44777],[-76.48762,42.44751],[-76.48762,42.44712],[-76.48762,42.44699],[-76.48761,42.44684],[-76.4876,42.44676],[-76.48759,42.44673],[-76.48755,42.44662],[-76.48749,42.44654],[-76.48746,42.44649],[-76.48745,42.44646],[-76.48739,42.44639],[-76.48736,42.44636]]}},{"type":"Feature","id":"way/20185516","properties":{"kind":"road","name":"West Avenue"},"geometry":{"type":"LineString","coordinates":[[-76.48773,42.4496],[-76.48769,42.44955],[-76.48768,42.44943],[-76.48767,42.44929],[-76.48768,42.44918]]}},{"type":"Feature","id":"way/20185594","properties":{"kind":"road","name":"Triphammer Road"},"geometry":{"type":"LineString","coordinates":[[-76.48129,42.45631],[-76.48132,42.45636],[-76.48135,42.45643],[-76.48157,42.45695],[-76.48189,42.45769],[-76.48208,42.45813],[-76.48211,42.45823],[-76.48213,42.45832],[-76.48214,42.45839],[-76.48214,42.45845],[-76.48214,42.4585],[-76.48212,42.45856],[-76.4821,42.45864],[-76.482,42.45887],[-76.48189,42.45919],[-76.48187,42.45929],[-76.48184,42.45944],[-76.48181,42.45971],[-76.48182,42.45988],[-76.48184,42.46007],[-76.48188,42.46024],[-76.48195,42.46042],[-76.48201,42.46053],[-76.48205,42.4606],[-76.4822,42.4608],[-76.48256,42.46115],[-76.48269,42.4613]]}},{"type":"Feature","id":"way/20185614","properties":{"kind":"road","name":"Feeney Way"},"geometry":{"type":"LineString","coordinates":[[-76.48276,42.44758],[-76.48274,42.44748],[-76.48272,42.44707],[-76.48272,42.44691],[-76.48266,42.44594],[-76.48262,42.44526],[-76.48262,42.44517]]}},{"type":"Feature","id":"way/20185625","properties":{"kind":"road","name":"Cradit Farm Drive"},"geometry":{"type":"LineString","coordinates":[[-76.47356,42.45536],[-76.47372,42.45534],[-76.47376,42.45532],[-76.47385,42.45527],[-76.47389,42.45522],[-76.4739,42.45517],[-76.4739,42.45512],[-76.4737,42.45469],[-76.47365,42.45452],[-76.47362,42.45434],[-76.47361,42.45417],[-76.47363,42.45401],[-76.47367,42.45387],[-76.47373,42.45374],[-76.47374,42.45372],[-76.47378,42.45367],[-76.47389,42.45353],[-76.474,42.45343],[-76.47407,42.45338],[-76.47418,42.45335],[-76.47428,42.45332],[-76.47438,42.45332],[-76.47504,42.45331],[-76.47546,42.45325],[-76.47557,42.45325],[-76.47558,42.45325],[-76.47646,42.45325],[-76.47654,42.45325],[-76.47663,42.45325],[-76.47675,42.45325],[-76.47736,42.45325],[-76.47824,42.45325],[-76.47831,42.45325],[-76.47838,42.45325],[-76.47844,42.45324],[-76.4785,42.45323],[-76.47854,42.45322],[-76.47858,42.45321],[-76.47863,42.45319],[-76.47869,42.45315],[-76.47884,42.45305],[-76.47885,42.45303],[-76.4789,42.45301],[-76.47896,42.45297],[-76.47904,42.45294],[-76.47912,42.4529],[-76.47918,42.45288],[-76.47981,42.45269],[-76.48021,42.45255],[-76.48033,42.45251],[-76.48037,42.4525],[-76.48042,42.4525],[-76.48047,42.4525],[-76.48053,42.45251],[-76.48058,42.45251],[-76.48071,42.45253],[-76.48073,42.45253],[-76.481,42.45256],[-76.48111,42.45258]]}},{"type":"Feature","id":"way/20185869","properties":{"kind":"road","name":"North Albany Street"},"geometry":{"type":"LineString","coordinates":[[-76.50177,42.44032],[-76.50176,42.44025],[-76.50176,42.44014],[-76.50175,42.43995],[-76.50173,42.43954],[-76.50172,42.43946]]}},{"type":"Feature","id":"way/20185969","properties":{"kind":"road","name":"Lake Street"},"geometry":{"type":"LineString","coordinates":[[-76.49208,42.44971],[-76.49216,42.44975],[-76.49225,42.44981],[-76.49233,42.44988],[-76.49241,42.44997],[-76.49245,42.45004],[-76.49248,42.45009],[-76.49259,42.45035],[-76.49285,42.45097],[-76.49291,42.45103],[-76.49298,42.45106],[-76.49306,42.45107],[-76.49348,42.45105],[-76.49371,42.45104],[-76.49379,42.45104],[-76.49417,42.45103],[-76.49427,42.45104],[-76.49435,42.45106],[-76.49442,42.45109],[-76.49446,42.45112],[-76.49449,42.45115],[-76.49453,42.4512],[-76.49456,42.45131],[-76.49457,42.45148],[-76.49459,42.45165],[-76.49462,42.45207],[-76.49463,42.45216]]}},{"type":"Feature","id":"way/20187258","properties":{"kind":"road","name":"Linn Street"},"geometry":{"type":"LineString","coordinates":[[-76.49457,42.44273],[-76.49458,42.44282],[-76.49457,42.4429],[-76.49456,42.44304],[-76.49456,42.44308],[-76.49455,42.44311],[-76.49454,42.44317]]}},{"type":"Feature","id":"way/20187350","properties":{"kind":"road","name":"Thurston Avenue"},"geometry":{"type":"LineString","coordinates":[[-76.48195,42.45135],[-76.48197,42.45134],[-76.482,42.45133],[-76.48208,42.4513]]}},{"type":"Feature","id":"way/20187354","properties":{"kind":"road","name":"Jessup Road"},"geometry":{"type":"LineString","coordinates":[[-76.47715,42.45672],[-76.47692,42.4567],[-76.47686,42.45669],[-76.47668,42.45669],[-76.4766,42.45669],[-76.47633,42.45668],[-76.47614,42.45668],[-76.47597,42.45669],[-76.47579,42.4567],[-76.47556,42.45671],[-76.47555,42.45671],[-76.47537,42.45672],[-76.4751,42.45675],[-76.47505,42.45675],[-76.47448,42.45681],[-76.47427,42.45683],[-76.47415,42.45684]]}},{"type":"Feature","id":"way/20187420","properties":{"kind":"road","name":"East Shore Drive"},"geometry":{"type":"LineString","coordinates":[[-76.49718,42.45632],[-76.49724,42.45639],[-76.49729,42.45646],[-76.49733,42.45654],[-76.49737,42.45668],[-76.49738,42.45675],[-76.49738,42.45682],[-76.49736,42.45694],[-76.49733,42.45703],[-76.49725,42.45716],[-76.49703,42.45746],[-76.49695,42.45757],[-76.49691,42.45762],[-76.49679,42.45781],[-76.49677,42.45784],[-76.49671,42.45795],[-76.49667,42.45804],[-76.4966,42.45826],[-76.49655,42.45851],[-76.49653,42.45869],[-76.49653,42.45884],[-76.49656,42.45902],[-76.49657,42.45905],[-76.49661,42.45919],[-76.49676,42.45958],[-76.49696,42.46005],[-76.49717,42.46054],[-76.49728,42.46077],[-76.4973,42.46081],[-76.49738,42.46096],[-76.49793,42.46197],[-76.49798,42.46205],[-76.49806,42.46221],[-76.49808,42.46225],[-76.49814,42.46237],[-76.49842,42.46287]]}},{"type":"Feature","id":"way/20187724","properties":{"kind":"road","name":"Cascadilla Street"},"geometry":{"type":"LineString","coordinates":[[-76.5086,42.44432],[-76.50851,42.44432],[-76.50836,42.44432],[-76.50812,42.44433],[-76.50788,42.44434],[-76.50698,42.44436],[-76.50696,42.44437],[-76.50689,42.44438],[-76.50683,42.44438],[-76.50646,42.4444],[-76.50628,42.4444],[-76.50591,42.4444],[-76.5058,42.44441],[-76.50496,42.44444]]}},{"type":"Feature","id":"way/20188030","properties":{"kind":"road","name":"East Green Street"},"geometry":{"type":"LineString","coordinates":[[-76.49437,42.43919],[-76.49427,42.4394],[-76.49426,42.43944],[-76.49425,42.43949]]}},{"type":"Feature","id":"way/20188110","properties":{"kind":"road","name":"Eddy Street"},"geometry":{"type":"LineString","coordinates":[[-76.48744,42.43805],[-76.48739,42.43811],[-76.48738,42.43813],[-76.48735,42.43818],[-76.48734,42.43824],[-76.48733,42.43844],[-76.48734,42.4386],[-76.48738,42.43946],[-76.48738,42.43954],[-76.48741,42.44026],[-76.48743,42.44073],[-76.48743,42.44085],[-76.48747,42.44164]]}},{"type":"Feature","id":"way/20188160","properties":{"kind":"road","name":"West Tompkins Street"},"geometry":{"type":"LineString","coordinates":[[-76.49949,42.44837],[-76.49962,42.44837],[-76.49974,42.44836],[-76.50063,42.44835],[-76.50074,42.44834]]}},{"type":"Feature","id":"way/20188651","properties":{"kind":"road","name":"East Tompkins Street"},"geometry":{"type":"LineString","coordinates":[[-76.49949,42.44837],[-76.49935,42.44837],[-76.49849,42.4484],[-76.49838,42.4484],[-76.49828,42.4484],[-76.49822,42.4484],[-76.49749,42.44843],[-76.49741,42.44843],[-76.4973,42.44843],[-76.4972,42.44843],[-76.49624,42.44846],[-76.49621,42.44846],[-76.49611,42.44847]]}},{"type":"Feature","id":"way/20188679","properties":{"kind":"road","name":"Maple Avenue"},"geometry":{"type":"LineString","coordinates":[[-76.47463,42.44128],[-76.47437,42.4413],[-76.4741,42.44131],[-76.47325,42.44132],[-76.47193,42.44134],[-76.47136,42.44134],[-76.47116,42.44133],[-76.47095,42.4413],[-76.47072,42.44126],[-76.4705,42.4412],[-76.47032,42.44113],[-76.47017,42.44107],[-76.46828,42.4401],[-76.46811,42.44003],[-76.46791,42.43998],[-76.46773,42.43995],[-76.46752,42.43992],[-76.46724,42.43991],[-76.467,42.43992],[-76.46681,42.43995]]}},{"type":"Feature","id":"way/20188701","properties":{"kind":"road","name":"East Lincoln Street"},"geometry":{"type":"LineString","coordinates":[[-76.49513,42.45215],[-76.4962,42.45211],[-76.49624,42.4521],[-76.49635,42.4521]]}},{"type":"Feature","id":"way/20188943","properties":{"kind":"road","name":"Hoy Road"},"geometry":{"type":"LineString","coordinates":[[-76.47628,42.44325],[-76.4764,42.44323],[-76.47646,42.44322]]}},{"type":"Feature","id":"way/20189037","properties":{"kind":"road","name":"West State Street"},"geometry":{"type":"LineString","coordinates":[[-76.5079,42.43927],[-76.50738,42.43928],[-76.50625,42.43932],[-76.50613,42.43932],[-76.50603,42.43933]]}},{"type":"Feature","id":"way/20189073","properties":{"kind":"road","name":"College Avenue"},"geometry":{"type":"LineString","coordinates":[[-76.48529,42.44248],[-76.48525,42.44168],[-76.48525,42.44162]]}},{"type":"Feature","id":"way/20189089","properties":{"kind":"road","name":"East Buffalo Street"},"geometry":{"type":"LineString","coordinates":[[-76.49911,42.44131],[-76.49901,42.44131],[-76.49815,42.44134],[-76.49764,42.44135],[-76.49748,42.44136],[-76.49743,42.44136],[-76.49699,42.44137],[-76.49689,42.44138],[-76.49681,42.44138],[-76.49603,42.4414],[-76.49582,42.44141],[-76.49573,42.44141],[-76.49563,42.44141],[-76.49486,42.44143],[-76.4944,42.44144],[-76.49423,42.44145],[-76.49399,42.44146],[-76.49353,42.44147],[-76.49327,42.44147],[-76.49283,42.44149],[-76.49237,42.4415],[-76.49221,42.44151],[-76.49204,42.44151],[-76.49179,42.44152],[-76.49144,42.44152],[-76.4908,42.44154],[-76.48989,42.44157],[-76.48981,42.44157]]}},{"type":"Feature","id":"way/20189167","properties":{"kind":"road","name":"West Court Street"},"geometry":{"type":"LineString","coordinates":[[-76.51071,42.44226],[-76.51061,42.44226],[-76.51005,42.44228],[-76.50995,42.44228],[-76.50947,42.4423],[-76.50895,42.44231],[-76.50876,42.44232],[-76.50861,42.44232],[-76.5085,42.44232],[-76.5084,42.44233],[-76.50823,42.44233],[-76.50689,42.44237],[-76.50678,42.44237],[-76.50668,42.44238],[-76.50591,42.4424],[-76.5058,42.4424],[-76.50569,42.4424],[-76.50443,42.44244]]}},{"type":"Feature","id":"way/20189232","properties":{"kind":"road","name":"West Clinton Street"},"geometry":{"type":"LineString","coordinates":[[-76.50379,42.43673],[-76.5039,42.43672],[-76.5058,42.43666],[-76.5059,42.43666],[-76.506,42.43666],[-76.50611,42.43665],[-76.50633,42.43664],[-76.50653,42.43663],[-76.50667,42.43663],[-76.50688,42.43663],[-76.50751,42.43658],[-76.50772,42.43658],[-76.50782,42.43658]]}},{"type":"Feature","id":"way/20189318","properties":{"kind":"road","name":"Wait Avenue"},"geometry":{"type":"LineString","coordinates":[[-76.48113,42.45312],[-76.48103,42.45316],[-76.4809,42.45326],[-76.48083,42.45331],[-76.4808,42.45336],[-76.48077,42.45341],[-76.48073,42.45348],[-76.48072,42.45355],[-76.48072,42.45361],[-76.48072,42.45367],[-76.48074,42.45371],[-76.48077,42.45377],[-76.48079,42.45382],[-76.48094,42.45402],[-76.48102,42.45414],[-76.4811,42.45424],[-76.48119,42.45433],[-76.48133,42.45445],[-76.48149,42.45453]]}},{"type":"Feature","id":"way/20189546","properties":{"kind":"road","name":"North Plain Street"},"geometry":{"type":"LineString","coordinates":[[-76.50393,42.43939],[-76.50393,42.43948],[-76.50395,42.43983],[-76.50397,42.44018],[-76.50397,42.44019],[-76.50397,42.44025],[-76.50397,42.44034],[-76.50397,42.44035],[-76.50401,42.44109],[-76.50402,42.44116],[-76.50402,42.44125],[-76.50408,42.44238],[-76.50408,42.44245],[-76.50409,42.44254],[-76.50413,42.44329],[-76.50413,42.44336],[-76.50414,42.44345],[-76.50418,42.44438],[-76.50419,42.44445]]}},{"type":"Feature","id":"way/20189625","properties":{"kind":"road","name":"Hancock Street"},"geometry":{"type":"LineString","coordinates":[[-76.50833,42.44509],[-76.50824,42.44511],[-76.50816,42.44512],[-76.50798,42.44517],[-76.50777,42.44526],[-76.50768,42.44529],[-76.50724,42.44549],[-76.50715,42.44553],[-76.50627,42.44591],[-76.50619,42.44595],[-76.5061,42.44599],[-76.50521,42.44638],[-76.50513,42.44642]]}},{"type":"Feature","id":"way/20189757","properties":{"kind":"road","name":"Willard Way"},"geometry":{"type":"LineString","coordinates":[[-76.49208,42.44971],[-76.49201,42.44978],[-76.49146,42.45029],[-76.49138,42.45035]]}},{"type":"Feature","id":"way/20189855","properties":{"kind":"road","name":"North Aurora Street"},"geometry":{"type":"LineString","coordinates":[[-76.49564,42.43965],[-76.49564,42.43972],[-76.49567,42.44042]]}},{"type":"Feature","id":"way/20190026","properties":{"kind":"road","name":"Willard Way"},"geometry":{"type":"LineString","coordinates":[[-76.49138,42.45035],[-76.49127,42.45039],[-76.49096,42.45043],[-76.49093,42.45044],[-76.49081,42.45047]]}},{"type":"Feature","id":"way/20190427","properties":{"kind":"road","name":"Stewart Avenue"},"geometry":{"type":"LineString","coordinates":[[-76.48981,42.44157],[-76.48981,42.4415],[-76.48977,42.44076],[-76.48977,42.44075],[-76.48977,42.44067],[-76.48976,42.4406],[-76.48976,42.44059],[-76.48969,42.43948],[-76.48969,42.43938],[-76.48969,42.43936],[-76.48969,42.43928]]}},{"type":"Feature","id":"way/20190434","properties":{"kind":"road","name":"Stewart Avenue"},"geometry":{"type":"LineString","coordinates":[[-76.48978,42.45279],[-76.48982,42.45285],[-76.48989,42.4529],[-76.48998,42.45294],[-76.49051,42.45315],[-76.49057,42.45318],[-76.49063,42.45323],[-76.49067,42.45328],[-76.4907,42.45334],[-76.49082,42.4537],[-76.49088,42.45401],[-76.49092,42.45422],[-76.49092,42.45428],[-76.49092,42.45434],[-76.49089,42.45446],[-76.49085,42.45453],[-76.49071,42.45471],[-76.49068,42.45478]]}},{"type":"Feature","id":"way/20190595","properties":{"kind":"road","name":"East Clinton Street"},"geometry":{"type":"LineString","coordinates":[[-76.49477,42.43761],[-76.49489,42.4376],[-76.49492,42.43759],[-76.495,42.43758],[-76.49526,42.43753],[-76.49542,42.43748],[-76.49547,42.43747],[-76.49566,42.43738],[-76.4961,42.43716],[-76.49643,42.43701],[-76.49658,42.43696],[-76.4967,42.43694],[-76.4968,42.43694],[-76.49749,42.43693],[-76.49758,42.43692],[-76.49764,42.43692],[-76.49767,42.43692],[-76.49776,42.43692],[-76.49787,42.43692]]}},{"type":"Feature","id":"way/20190993","properties":{"kind":"road","name":"Cornell Street"},"geometry":{"type":"LineString","coordinates":[[-76.47832,42.43273],[-76.47826,42.43278],[-76.47816,42.43285],[-76.47786,42.43303],[-76.47763,42.43318],[-76.47751,42.43328],[-76.47746,42.43337],[-76.47739,42.43347],[-76.47734,42.4336],[-76.47732,42.4337],[-76.47731,42.43382],[-76.47732,42.43405],[-76.47736,42.43459],[-76.47745,42.43553],[-76.47746,42.43572],[-76.47748,42.43608],[-76.47749,42.43625],[-76.47753,42.43712],[-76.47753,42.43716],[-76.47755,42.43777],[-76.47755,42.43783]]}},{"type":"Feature","id":"way/20191653","properties":{"kind":"road","name":"Taughannock Boulevard"},"geometry":{"type":"LineString","coordinates":[[-76.51229,42.43952],[-76.5122,42.43961],[-76.51219,42.43963],[-76.51217,42.43965],[-76.51216,42.43969],[-76.51216,42.43973],[-76.51216,42.43977],[-76.51216,42.4398],[-76.51218,42.43987],[-76.5122,42.43994],[-76.51222,42.44]]}},{"type":"Feature","id":"way/20191834","properties":{"kind":"road","name":"Cayuga Heights Road"},"geometry":{"type":"LineString","coordinates":[[-76.49075,42.4562],[-76.49066,42.4563],[-76.4906,42.4564],[-76.49058,42.45645],[-76.49056,42.4565],[-76.49055,42.45657],[-76.49055,42.45662],[-76.49055,42.45667],[-76.49061,42.457],[-76.49068,42.45746],[-76.49071,42.45757],[-76.49076,42.45769],[-76.49082,42.4578],[-76.4909,42.4579],[-76.49098,42.458],[-76.49123,42.45831],[-76.49146,42.4586],[-76.49159,42.4588],[-76.49162,42.45886],[-76.49165,42.45891],[-76.49178,42.45922],[-76.49189,42.45957],[-76.49195,42.45986],[-76.49196,42.46003],[-76.49195,42.46024],[-76.49194,42.46026],[-76.49178,42.46087],[-76.49177,42.46095],[-76.49176,42.46107],[-76.49176,42.46118],[-76.49178,42.4613],[-76.49184,42.46145],[-76.4922,42.4623],[-76.49229,42.46252],[-76.49238,42.46275],[-76.49247,42.46299],[-76.49251,42.46311],[-76.49253,42.46326],[-76.49253,42.46338],[-76.49253,42.46344],[-76.49252,42.46367],[-76.49252,42.46371],[-76.49252,42.46377],[-76.49252,42.46387],[-76.49253,42.46397],[-76.49258,42.46417],[-76.49267,42.46439],[-76.49273,42.46452],[-76.49299,42.46512],[-76.49309,42.46535],[-76.49328,42.4657],[-76.49339,42.46589],[-76.49357,42.46616],[-76.49388,42.46664],[-76.49434,42.46739],[-76.49469,42.46796],[-76.49495,42.4684],[-76.49556,42.46956],[-76.49568,42.46979],[-76.49584,42.47014],[-76.49585,42.47018],[-76.49594,42.47053],[-76.49603,42.47093],[-76.49605,42.471],[-76.49619,42.47137],[-76.49666,42.4724],[-76.49686,42.47279],[-76.49691,42.47287],[-76.49699,42.47299],[-76.49703,42.47304],[-76.49771,42.47393],[-76.49777,42.47401],[-76.49806,42.47446],[-76.49815,42.47461],[-76.4982,42.47471],[-76.49839,42.4751],[-76.49843,42.4752],[-76.49847,42.47529],[-76.4988,42.47615],[-76.4989,42.47651],[-76.49894,42.47664],[-76.49899,42.47685],[-76.49905,42.47712]]}},{"type":"Feature","id":"way/20192433","properties":{"kind":"road","name":"East Court Street"},"geometry":{"type":"LineString","coordinates":[[-76.49917,42.44259],[-76.49906,42.44259],[-76.49893,42.44259],[-76.49886,42.4426],[-76.49833,42.44261],[-76.49804,42.44262],[-76.49794,42.44263],[-76.49755,42.44264],[-76.49707,42.44265],[-76.49696,42.44265]]}},{"type":"Feature","id":"way/20192828","properties":{"kind":"road","name":"North Cayuga Street"},"geometry":{"type":"LineString","coordinates":[[-76.49814,42.46237],[-76.49825,42.46235],[-76.49834,42.46232],[-76.49843,42.46228],[-76.49862,42.4622],[-76.49889,42.46206],[-76.49908,42.46194],[-76.49917,42.46188],[-76.49926,42.46181],[-76.49937,42.46171],[-76.49951,42.46157],[-76.49958,42.46148],[-76.49996,42.46089],[-76.50004,42.46066],[-76.50007,42.46058],[-76.50012,42.46042],[-76.50016,42.46029],[-76.5002,42.46005],[-76.50023,42.4599],[-76.50024,42.45974],[-76.50025,42.45943],[-76.50015,42.45796]]}},{"type":"Feature","id":"way/20193235","properties":{"kind":"road","name":"University Avenue"},"geometry":{"type":"LineString","coordinates":[[-76.48676,42.45102],[-76.48672,42.45108],[-76.48668,42.45114],[-76.48661,42.45119],[-76.48653,42.45123],[-76.48645,42.45127],[-76.48635,42.45129],[-76.48627,42.45129],[-76.48591,42.45128],[-76.48578,42.45128],[-76.48538,42.45127],[-76.48521,42.45128],[-76.48501,42.45129],[-76.48491,42.45129],[-76.48415,42.45135],[-76.48388,42.45137]]}},{"type":"Feature","id":"way/20193239","properties":{"kind":"road","name":"University Avenue"},"geometry":{"type":"LineString","coordinates":[[-76.49443,42.44337],[-76.49437,42.44345],[-76.49435,42.44346],[-76.49422,42.44359],[-76.49416,42.44364],[-76.49411,42.4437],[-76.49408,42.44374],[-76.49406,42.44378],[-76.49405,42.44383],[-76.49405,42.44391],[-76.49406,42.44401],[-76.49411,42.44435],[-76.49411,42.44441],[-76.4941,42.44446],[-76.49406,42.4445],[-76.49402,42.44454],[-76.49392,42.44458],[-76.49366,42.44466],[-76.49358,42.44468],[-76.49354,42.44471],[-76.49349,42.44475],[-76.49345,42.44481],[-76.4934,42.4449],[-76.49336,42.44502],[-76.49317,42.44648],[-76.49307,42.44725],[-76.49304,42.4474],[-76.493,42.44755],[-76.49284,42.44806],[-76.49253,42.44913],[-76.49249,42.44921],[-76.49247,42.44925],[-76.49238,42.44936],[-76.49227,42.4495],[-76.49215,42.44965],[-76.49208,42.44971]]}},{"type":"Feature","id":"way/20193337","properties":{"kind":"road","name":"Dey Street"},"geometry":{"type":"LineString","coordinates":[[-76.50075,42.44842],[-76.50077,42.44844],[-76.50106,42.44881],[-76.50115,42.44892],[-76.50146,42.44931],[-76.50152,42.44938],[-76.50184,42.44977],[-76.50191,42.44986],[-76.50221,42.45022],[-76.50227,42.4503],[-76.5029,42.45108],[-76.50295,42.45114]]}},{"type":"Feature","id":"way/24543694","properties":{"kind":"road","name":"Columbia Street"},"geometry":{"type":"LineString","coordinates":[[-76.49231,42.43588],[-76.49223,42.43588],[-76.49152,42.4359],[-76.49121,42.43591],[-76.49119,42.43591],[-76.49116,42.43592],[-76.49108,42.43595],[-76.49099,42.436],[-76.49071,42.43621],[-76.49007,42.43671],[-76.49002,42.43674]]}},{"type":"Feature","id":"way/24543871","properties":{"kind":"road","name":"East Clinton Street"},"geometry":{"type":"LineString","coordinates":[[-76.49818,42.43691],[-76.49824,42.43691],[-76.49879,42.43689],[-76.49889,42.43689]]}},{"type":"Feature","id":"way/24543875","properties":{"kind":"road","name":"East Clinton Street"},"geometry":{"type":"LineString","coordinates":[[-76.49787,42.43692],[-76.49815,42.43691],[-76.49818,42.43691]]}},{"type":"Feature","id":"way/24543956","properties":{"kind":"road","name":"South Aurora Street"},"geometry":{"type":"LineString","coordinates":[[-76.49564,42.43965],[-76.49561,42.43957],[-76.4956,42.43954],[-76.49556,42.43945],[-76.49545,42.43924]]}},{"type":"Feature","id":"way/24573599","properties":{"kind":"road","name":"South Cayuga Street"},"geometry":{"type":"LineString","coordinates":[[-76.49883,42.43539],[-76.49883,42.4355],[-76.49886,42.43593],[-76.49888,42.43655]]}},{"type":"Feature","id":"way/24663522","properties":{"kind":"road","name":"South Albany Street"},"geometry":{"type":"LineString","coordinates":[[-76.50147,42.43453],[-76.50147,42.43456],[-76.50148,42.43461],[-76.50148,42.4347],[-76.50153,42.43559],[-76.50158,42.43673],[-76.50159,42.4368]]}},{"type":"Feature","id":"way/24663530","properties":{"kind":"road","name":"South Plain Street"},"geometry":{"type":"LineString","coordinates":[[-76.50367,42.43428],[-76.50367,42.43436],[-76.50373,42.43542],[-76.50373,42.43545],[-76.50374,42.43552],[-76.50374,42.43561],[-76.50374,42.43565],[-76.50377,42.43623],[-76.50379,42.43662],[-76.50379,42.43666],[-76.50379,42.43673]]}},{"type":"Feature","id":"way/33137627","properties":{"kind":"road","name":"West State Street"},"geometry":{"type":"LineString","coordinates":[[-76.51447,42.44073],[-76.51474,42.44091],[-76.51484,42.44098],[-76.51505,42.44113]]}},{"type":"Feature","id":"way/33137646","properties":{"kind":"road","name":"North Cayuga Street"},"geometry":{"type":"LineString","coordinates":[[-76.4999,42.45458],[-76.49988,42.45427]]}},{"type":"Feature","id":"way/33137653","properties":{"kind":"road","name":"North Cayuga Street"},"geometry":{"type":"LineString","coordinates":[[-76.49988,42.45427],[-76.49988,42.45419],[-76.49983,42.45352],[-76.49983,42.45344],[-76.49982,42.45337],[-76.49979,42.45286],[-76.49978,42.4528],[-76.49978,42.45271]]}},{"type":"Feature","id":"way/35209518","properties":{"kind":"road","name":"North Tioga Street"},"geometry":{"type":"LineString","coordinates":[[-76.49689,42.44138],[-76.4969,42.44145],[-76.49691,42.4417],[-76.49692,42.44175],[-76.49692,42.44183],[-76.49693,42.44196],[-76.49694,42.44216],[-76.49696,42.44258],[-76.49696,42.44265]]}},{"type":"Feature","id":"way/35261299","properties":{"kind":"road","name":"North Cayuga Street"},"geometry":{"type":"LineString","coordinates":[[-76.49905,42.4404],[-76.49905,42.44033],[-76.49904,42.44006],[-76.49904,42.43997],[-76.49903,42.43962],[-76.49903,42.43955]]}},{"type":"Feature","id":"way/35281997","properties":{"kind":"road","name":"South Cayuga Street"},"geometry":{"type":"LineString","coordinates":[[-76.49903,42.43955],[-76.49902,42.43947],[-76.499,42.43925],[-76.49899,42.43895],[-76.49898,42.43871],[-76.49897,42.43864]]}},{"type":"Feature","id":"way/35281998","properties":{"kind":"road","name":"South Cayuga Street"},"geometry":{"type":"LineString","coordinates":[[-76.49889,42.43689],[-76.49889,42.43696],[-76.49891,42.43726],[-76.49893,42.43779],[-76.49895,42.43815],[-76.49896,42.43826],[-76.49896,42.43843],[-76.49897,42.43855],[-76.49897,42.43864]]}},{"type":"Feature","id":"way/44314521","properties":{"kind":"road","name":"Giles Street"},"geometry":{"type":"LineString","coordinates":[[-76.48538,42.43326],[-76.48543,42.43326],[-76.48661,42.43333],[-76.48675,42.43334],[-76.48709,42.43343],[-76.48714,42.43345],[-76.48735,42.43357],[-76.48741,42.43361],[-76.48777,42.43385],[-76.48793,42.43397],[-76.48808,42.43413],[-76.48845,42.43452],[-76.48861,42.43473],[-76.48876,42.43494],[-76.48888,42.43514],[-76.48938,42.43602],[-76.48945,42.43613],[-76.48959,42.43631],[-76.48972,42.43645],[-76.48983,42.43656],[-76.48998,42.4367]]}},{"type":"Feature","id":"way/44315116","properties":{"kind":"road","name":"West Buffalo Street"},"geometry":{"type":"LineString","coordinates":[[-76.51429,42.44098],[-76.51441,42.44102],[-76.51456,42.44108],[-76.5147,42.44115],[-76.51483,42.44123],[-76.515,42.44136]]}},{"type":"Feature","id":"way/44315222","properties":{"kind":"road","name":"Taughannock Boulevard"},"geometry":{"type":"LineString","coordinates":[[-76.51397,42.44542],[-76.51392,42.44561],[-76.51378,42.44619],[-76.51351,42.44728],[-76.51345,42.4475],[-76.51339,42.44768],[-76.51327,42.44795],[-76.51312,42.44824],[-76.51283,42.44877],[-76.51226,42.4498],[-76.51219,42.44995],[-76.51215,42.45004],[-76.51211,42.45013],[-76.51209,42.45021],[-76.51207,42.45031],[-76.51206,42.4504],[-76.51206,42.45052],[-76.51207,42.45064],[-76.51208,42.45074],[-76.51211,42.45082],[-76.51216,42.45097],[-76.51221,42.45107],[-76.5123,42.45122],[-76.51239,42.45135],[-76.5125,42.45147],[-76.51258,42.45155],[-76.51266,42.45161],[-76.51275,42.45168],[-76.51283,42.45173],[-76.51298,42.45182],[-76.51311,42.45189],[-76.5132,42.45193],[-76.51331,42.45197],[-76.51352,42.45204],[-76.51461,42.4523],[-76.51489,42.45237],[-76.51505,42.45242],[-76.51523,42.45247],[-76.51536,42.45251],[-76.51546,42.45255],[-76.51551,42.45257],[-76.51558,42.45259],[-76.51567,42.45263],[-76.51587,42.45272],[-76.51604,42.45281],[-76.51619,42.45289],[-76.51634,42.45298],[-76.51647,42.45306],[-76.5167,42.45322],[-76.51694,42.45342],[-76.51701,42.45347],[-76.5171,42.45356],[-76.51726,42.45373],[-76.51735,42.45385],[-76.51739,42.45391],[-76.5175,42.45409],[-76.5176,42.45427],[-76.51781,42.45465],[-76.51798,42.45496],[-76.51813,42.45522],[-76.51832,42.45556],[-76.51836,42.45562],[-76.51877,42.45633],[-76.51946,42.45749],[-76.51956,42.45765],[-76.51963,42.45775]]}},{"type":"Feature","id":"way/44315223","properties":{"kind":"road","name":"Taughannock Boulevard"},"geometry":{"type":"LineString","coordinates":[[-76.51352,42.44321],[-76.51373,42.44341],[-76.51388,42.44357],[-76.51395,42.44365],[-76.514,42.44374],[-76.51404,42.44382],[-76.51408,42.44389],[-76.51411,42.44397],[-76.51414,42.44406],[-76.51417,42.44419]]}},{"type":"Feature","id":"way/44315224","properties":{"kind":"road","name":"West Buffalo Street"},"geometry":{"type":"LineString","coordinates":[[-76.50181,42.44123],[-76.50172,42.44123],[-76.50095,42.44126],[-76.50083,42.44126],[-76.50074,42.44127],[-76.50004,42.44129],[-76.49921,42.44131],[-76.49911,42.44131]]}},{"type":"Feature","id":"way/44315364","properties":{"kind":"road","name":"West Buffalo Street"},"geometry":{"type":"LineString","coordinates":[[-76.51333,42.44089],[-76.51373,42.44089],[-76.51393,42.44091],[-76.5141,42.44094],[-76.51429,42.44098]]}},{"type":"Feature","id":"way/44317445","properties":{"kind":"road","name":"West Buffalo Street"},"geometry":{"type":"LineString","coordinates":[[-76.51205,42.44091],[-76.51165,42.44092]]}},{"type":"Feature","id":"way/44317447","properties":{"kind":"road","name":"West Buffalo Street"},"geometry":{"type":"LineString","coordinates":[[-76.51165,42.44092],[-76.51135,42.44093],[-76.51125,42.44093],[-76.51086,42.44095]]}},{"type":"Feature","id":"way/44317450","properties":{"kind":"road","name":"West State Street"},"geometry":{"type":"LineString","coordinates":[[-76.5134,42.44008],[-76.51317,42.43996],[-76.5131,42.43992],[-76.51272,42.43973],[-76.51238,42.43956],[-76.51229,42.43952]]}},{"type":"Feature","id":"way/44317452","properties":{"kind":"road","name":"West State Street"},"geometry":{"type":"LineString","coordinates":[[-76.51212,42.43944],[-76.512,42.43939],[-76.51189,42.43935],[-76.51176,42.43931]]}},{"type":"Feature","id":"way/44320052","properties":{"kind":"road","name":"North Aurora Street"},"geometry":{"type":"LineString","coordinates":[[-76.49568,42.44052],[-76.49568,42.44058],[-76.49569,42.44083],[-76.49572,42.44134],[-76.49573,42.44141],[-76.49573,42.44149],[-76.49574,42.44175],[-76.49575,42.44186],[-76.49576,42.44209],[-76.49577,42.44216],[-76.49579,42.44261],[-76.49579,42.44269]]}},{"type":"Feature","id":"way/44322647","properties":{"kind":"road","name":"East State Street"},"geometry":{"type":"LineString","coordinates":[[-76.49372,42.43943],[-76.49417,42.43948],[-76.49425,42.43949]]}},{"type":"Feature","id":"way/44322661","properties":{"kind":"road","name":"West State Street"},"geometry":{"type":"LineString","coordinates":[[-76.51176,42.43931],[-76.51169,42.43929],[-76.51163,42.43927],[-76.51137,42.43923],[-76.51133,42.43922],[-76.51119,42.4392],[-76.51108,42.4392],[-76.51086,42.43919],[-76.51065,42.43918],[-76.51059,42.43918],[-76.51049,42.43918]]}},{"type":"Feature","id":"way/45835371","properties":{"kind":"road","name":"Campus Road"},"geometry":{"type":"LineString","coordinates":[[-76.48262,42.44517],[-76.48275,42.44516],[-76.48283,42.44516],[-76.48327,42.44515],[-76.48364,42.44515],[-76.48373,42.44515],[-76.48396,42.44515],[-76.48444,42.44515],[-76.48466,42.44515],[-76.48478,42.44515],[-76.48496,42.44516],[-76.48505,42.44517]]}},{"type":"Feature","id":"way/85466222","properties":{"kind":"road","name":"West State Street"},"geometry":{"type":"LineString","coordinates":[[-76.5134,42.44008],[-76.51373,42.44026],[-76.51393,42.44037],[-76.51404,42.44045],[-76.51412,42.4405],[-76.51413,42.4405],[-76.51447,42.44073]]}},{"type":"Feature","id":"way/86578219","properties":{"kind":"road","name":"West Buffalo Street"},"geometry":{"type":"LineString","coordinates":[[-76.50843,42.44102],[-76.50854,42.44102],[-76.50878,42.44101],[-76.50918,42.441],[-76.5095,42.44099]]}},{"type":"Feature","id":"way/86875235","properties":{"kind":"road","name":"South Aurora Street"},"geometry":{"type":"LineString","coordinates":[[-76.49481,42.43788],[-76.49481,42.4379],[-76.49484,42.43807],[-76.49487,42.43821],[-76.49496,42.43839]]}},{"type":"Feature","id":"way/86888902","properties":{"kind":"road","name":"Taughannock Boulevard"},"geometry":{"type":"LineString","coordinates":[[-76.51256,42.44154],[-76.51258,42.4418],[-76.5126,42.44196],[-76.51264,42.44215],[-76.51271,42.44233],[-76.51278,42.44247],[-76.51289,42.44262],[-76.51295,42.44268],[-76.51304,42.44277],[-76.5132,42.44292],[-76.51352,42.44321]]}},{"type":"Feature","id":"way/86888909","properties":{"kind":"road","name":"West Buffalo Street"},"geometry":{"type":"LineString","coordinates":[[-76.51248,42.4409],[-76.51236,42.4409],[-76.51205,42.44091]]}},{"type":"Feature","id":"way/89888879","properties":{"kind":"road","name":"Hudson Street"},"geometry":{"type":"LineString","coordinates":[[-76.49213,42.43495],[-76.49217,42.4351],[-76.49225,42.43534],[-76.4923,42.43553],[-76.49232,42.43567],[-76.49232,42.43579],[-76.49232,42.43582],[-76.49231,42.43588],[-76.4923,42.43594],[-76.49223,42.43637],[-76.49221,42.43648],[-76.49222,42.4366],[-76.49223,42.43667],[-76.49226,42.43675],[-76.4923,42.43688],[-76.49277,42.43767],[-76.49287,42.43785],[-76.49291,42.4379],[-76.49294,42.43796],[-76.49298,42.438],[-76.49305,42.43803],[-76.49316,42.43806],[-76.49328,42.43809],[-76.49468,42.43834],[-76.49475,42.43836],[-76.49478,42.43836],[-76.49496,42.43839]]}},{"type":"Feature","id":"way/89986506","properties":{"kind":"water","name":"Six Mile Creek"},"geometry":{"type":"LineString","coordinates":[[-76.48166,42.42996],[-76.48168,42.43015],[-76.48175,42.43027],[-76.48187,42.4304],[-76.48207,42.43049],[-76.48225,42.43054],[-76.48323,42.43079],[-76.48372,42.43078],[-76.4839,42.43092],[-76.48396,42.43111],[-76.484,42.43129],[-76.48397,42.43147],[-76.48392,42.4317],[-76.48399,42.43197],[-76.48417,42.43221],[-76.48451,42.43251],[-76.48466,42.43264],[-76.4849,42.43301],[-76.48512,42.43351],[-76.48499,42.43387],[-76.48492,42.43412],[-76.48489,42.43422],[-76.48506,42.43432],[-76.48528,42.43439],[-76.48564,42.43445],[-76.48647,42.43458],[-76.48675,42.4346],[-76.48714,42.43456],[-76.48753,42.43461],[-76.48779,42.43459],[-76.48796,42.43458],[-76.48809,42.43459],[-76.48841,42.43494],[-76.48851,42.43515],[-76.48864,42.43545],[-76.48875,42.43589],[-76.4889,42.43634],[-76.48897,42.43704],[-76.48902,42.43714],[-76.48921,42.43728],[-76.48945,42.43739],[-76.49025,42.43776],[-76.49068,42.43793],[-76.49088,42.43806],[-76.49117,42.43828],[-76.49144,42.43842],[-76.49187,42.43856],[-76.4924,42.43863],[-76.49293,42.43865],[-76.49341,42.43873],[-76.4942,42.43882],[-76.4946,42.43883],[-76.49504,42.43877],[-76.49527,42.4387],[-76.49549,42.43862],[-76.4961,42.43837],[-76.4967,42.43811],[-76.49737,42.43781],[-76.49757,42.43771],[-76.49771,42.4376],[-76.49781,42.43751],[-76.49789,42.4374],[-76.49798,42.43729],[-76.49803,42.43717],[-76.49806,42.43706],[-76.4981,42.43666],[-76.49818,42.43628],[-76.49828,42.43602],[-76.49847,42.43565],[-76.4987,42.43537],[-76.49896,42.43524],[-76.49913,42.43514],[-76.49956,42.43499],[-76.49985,42.43497],[-76.50026,42.43484],[-76.50052,42.43473],[-76.50135,42.4345],[-76.50173,42.4343],[-76.50216,42.43416],[-76.50271,42.43409],[-76.50351,42.43402],[-76.50382,42.43402],[-76.50448,42.4341],[-76.50477,42.43418],[-76.50561,42.43437],[-76.50644,42.43493],[-76.50798,42.43603],[-76.50845,42.43633],[-76.50901,42.43675],[-76.51071,42.43795],[-76.51143,42.43842],[-76.51198,42.43868],[-76.5123,42.43892],[-76.51233,42.43914]]}},{"type":"Feature","id":"way/90080183","properties":{"kind":"road","name":"Dryden Road"},"geometry":{"type":"LineString","coordinates":[[-76.47769,42.44115],[-76.47796,42.44115],[-76.47801,42.44114],[-76.47948,42.44112],[-76.48037,42.4411],[-76.48063,42.4411],[-76.48154,42.44109],[-76.48166,42.44109],[-76.48176,42.44111],[-76.48199,42.44117],[-76.48262,42.44131],[-76.48306,42.44142]]}},{"type":"Feature","id":"way/90085503","properties":{"kind":"road","name":"Ithaca Road"},"geometry":{"type":"LineString","coordinates":[[-76.48178,42.4375],[-76.48172,42.43758],[-76.4816,42.43773],[-76.48143,42.43792],[-76.4813,42.43804],[-76.48116,42.43818],[-76.48101,42.43831],[-76.48081,42.43844],[-76.48077,42.43847],[-76.48046,42.43867],[-76.4803,42.43876],[-76.47996,42.43893],[-76.47975,42.43903],[-76.4796,42.43908],[-76.47935,42.43917],[-76.47921,42.43924],[-76.47899,42.43935],[-76.47893,42.43939],[-76.47876,42.4395],[-76.47866,42.43957],[-76.47843,42.43976],[-76.47833,42.43988],[-76.4783,42.43995],[-76.47827,42.44002],[-76.47825,42.44012],[-76.47826,42.44041],[-76.47825,42.44057],[-76.47824,42.44061],[-76.47821,42.44071],[-76.47818,42.44076],[-76.4781,42.44086],[-76.47804,42.44091],[-76.47798,42.44096],[-76.47769,42.44115]]}},{"type":"Feature","id":"way/90282851","properties":{"kind":"road","name":"Stewart Avenue"},"geometry":{"type":"LineString","coordinates":[[-76.48965,42.44311],[-76.48972,42.44289],[-76.48977,42.44278],[-76.48981,42.44266],[-76.48986,42.44251],[-76.48986,42.44242],[-76.48986,42.44228],[-76.48985,42.4421],[-76.48982,42.44165],[-76.48981,42.44157]]}},{"type":"Feature","id":"way/90282852","properties":{"kind":"road","name":"Stewart Avenue"},"geometry":{"type":"LineString","coordinates":[[-76.48937,42.44473],[-76.48941,42.44429],[-76.48948,42.44385],[-76.48955,42.44354]]}},{"type":"Feature","id":"way/90282853","properties":{"kind":"road","name":"Stewart Avenue"},"geometry":{"type":"LineString","coordinates":[[-76.48955,42.44354],[-76.48961,42.44327]]}},{"type":"Feature","id":"way/106635792","properties":{"kind":"road","name":"South Avenue"},"geometry":{"type":"LineString","coordinates":[[-76.48911,42.44503],[-76.48913,42.44501],[-76.48915,42.44499],[-76.48923,42.44488],[-76.4893,42.44481],[-76.48937,42.44473]]}},{"type":"Feature","id":"way/106635797","properties":{"kind":"road","name":"Campus Road"},"geometry":{"type":"LineString","coordinates":[[-76.48606,42.44557],[-76.48607,42.44559],[-76.48612,42.44564],[-76.48615,42.44569],[-76.48619,42.44574],[-76.48622,42.44579],[-76.48627,42.44588],[-76.48635,42.44603],[-76.48644,42.44619],[-76.48649,42.44625],[-76.48652,42.44627],[-76.48655,42.44629],[-76.48662,42.44634],[-76.48668,42.44637],[-76.48674,42.4464],[-76.4868,42.44641],[-76.48687,42.44643],[-76.48695,42.44644],[-76.48702,42.44644],[-76.48707,42.44644],[-76.48712,42.44643],[-76.48719,42.44642],[-76.48725,42.44641],[-76.4873,42.44639],[-76.48736,42.44636]]}},{"type":"Feature","id":"way/107457231","properties":{"kind":"road","name":"Thurston Avenue"},"geometry":{"type":"LineString","coordinates":[[-76.48132,42.45188],[-76.48138,42.45181],[-76.48167,42.45157],[-76.4819,42.45138],[-76.48195,42.45135]]}},{"type":"Feature","id":"way/107457243","properties":{"kind":"road","name":"Stewart Avenue"},"geometry":{"type":"LineString","coordinates":[[-76.48983,42.4521],[-76.48982,42.45223],[-76.48981,42.45233],[-76.4898,42.45239],[-76.48979,42.45253],[-76.48978,42.45262]]}},{"type":"Feature","id":"way/107457246","properties":{"kind":"road","name":"Thurston Avenue"},"geometry":{"type":"LineString","coordinates":[[-76.48111,42.45258],[-76.48113,42.45248],[-76.48114,42.45246],[-76.48117,42.45229],[-76.48119,42.45221],[-76.48121,42.45211],[-76.48123,42.45203],[-76.48125,42.45199],[-76.48132,42.45188]]}},{"type":"Feature","id":"way/107457258","properties":{"kind":"road","name":"Stewart Avenue"},"geometry":{"type":"LineString","coordinates":[[-76.48978,42.45262],[-76.48977,42.45269],[-76.48978,42.45279]]}},{"type":"Feature","id":"way/107630762","properties":{"kind":"road","name":"Lake Street"},"geometry":{"type":"LineString","coordinates":[[-76.49467,42.45315],[-76.49468,42.4534]]}},{"type":"Feature","id":"way/107630782","properties":{"kind":"road","name":"Lake Street"},"geometry":{"type":"LineString","coordinates":[[-76.49468,42.4534],[-76.49468,42.45345],[-76.49468,42.45347],[-76.49473,42.45357],[-76.49477,42.45366],[-76.4952,42.45418],[-76.49543,42.45446],[-76.49559,42.45465],[-76.49565,42.45472],[-76.49579,42.4549],[-76.49592,42.45504],[-76.49607,42.4552],[-76.49613,42.45526],[-76.49641,42.45554],[-76.49664,42.45577],[-76.49691,42.45605]]}},{"type":"Feature","id":"way/107630785","properties":{"kind":"water","name":"Fall Creek"},"geometry":{"type":"LineString","coordinates":[[-76.47947,42.45189],[-76.47968,42.45185],[-76.47994,42.45175],[-76.48005,42.45171],[-76.48018,42.45169],[-76.48037,42.45157],[-76.48046,42.45148],[-76.48059,42.45151],[-76.4808,42.45156],[-76.48108,42.45153],[-76.48134,42.45148],[-76.48146,42.45151],[-76.48195,42.45172],[-76.48237,42.45194],[-76.4826,42.45215],[-76.48278,42.45226],[-76.48289,42.45232],[-76.48312,42.45243],[-76.48343,42.45253],[-76.48374,42.45256],[-76.4841,42.45244],[-76.4844,42.45217],[-76.48449,42.45204],[-76.48453,42.45198],[-76.48458,42.4519],[-76.48508,42.45191],[-76.4854,42.45198],[-76.48565,42.45198],[-76.48587,42.45199],[-76.4861,42.45201],[-76.48641,42.45203],[-76.48677,42.45198],[-76.48726,42.45196],[-76.48762,42.45196],[-76.48808,42.45201],[-76.48818,42.45206],[-76.48825,42.45215],[-76.48847,42.45225],[-76.48893,42.45234],[-76.48924,42.4524],[-76.4894,42.45242],[-76.48963,42.45243],[-76.49006,42.45245],[-76.49026,42.45244],[-76.4905,42.45249],[-76.49092,42.45249],[-76.49094,42.45254],[-76.49094,42.45265],[-76.49099,42.45272],[-76.49112,42.45278],[-76.49164,42.45282],[-76.49232,42.45299],[-76.49266,42.45301],[-76.49298,42.45309],[-76.49322,42.45315],[-76.49362,42.45322],[-76.49377,42.45327],[-76.49389,42.45329],[-76.49396,42.45328],[-76.49405,42.45323]]}},{"type":"Feature","id":"way/107643092","properties":{"kind":"water","name":"Cascadilla Creek"},"geometry":{"type":"LineString","coordinates":[[-76.42896,42.4423],[-76.42922,42.44233],[-76.42946,42.44234],[-76.42965,42.44219],[-76.42988,42.44218],[-76.43004,42.44223],[-76.4302,42.44246],[-76.43035,42.44271],[-76.4305,42.44271],[-76.43066,42.44257],[-76.43088,42.44254],[-76.43098,42.44248],[-76.43109,42.44246],[-76.43123,42.44249],[-76.43138,42.44258],[-76.43148,42.44255],[-76.43151,42.44243],[-76.43149,42.44233],[-76.43156,42.44231],[-76.43166,42.44236],[-76.43176,42.44245],[-76.43164,42.44261],[-76.43147,42.44274],[-76.4313,42.44286],[-76.43127,42.443],[-76.43162,42.44306],[-76.43184,42.44302],[-76.43204,42.44296],[-76.43219,42.44297],[-76.43224,42.44297],[-76.43243,42.443],[-76.43255,42.44296],[-76.43259,42.44287],[-76.4326,42.44273],[-76.43272,42.44272],[-76.43279,42.44273],[-76.43309,42.44308],[-76.4333,42.44323],[-76.43338,42.44325],[-76.43349,42.44326],[-76.43363,42.44315],[-76.43386,42.44297],[-76.43392,42.44295],[-76.43399,42.44297],[-76.43423,42.4431],[-76.43435,42.4431],[-76.43448,42.44303],[-76.43458,42.44289],[-76.43452,42.44267],[-76.43442,42.44251],[-76.43408,42.44241],[-76.43402,42.44237],[-76.434,42.44231],[-76.43404,42.44222],[-76.4342,42.44213],[-76.43438,42.4419],[-76.43446,42.44187],[-76.43497,42.44212],[-76.43505,42.44234],[-76.4349,42.44253],[-76.43493,42.4426],[-76.43507,42.44269],[-76.43529,42.44268],[-76.43548,42.44252],[-76.43568,42.44223],[-76.43568,42.44204],[-76.43566,42.44187],[-76.43542,42.44182],[-76.43519,42.44179],[-76.43512,42.4417],[-76.43517,42.44161],[-76.43555,42.44148],[-76.43572,42.44157],[-76.43572,42.44172],[-76.4359,42.44187],[-76.43647,42.44167],[-76.43662,42.44175],[-76.43682,42.4418],[-76.43688,42.44172],[-76.43692,42.44163],[-76.43701,42.44165],[-76.43712,42.44179],[-76.43712,42.44189],[-76.43697,42.44202],[-76.4369,42.44208],[-76.43688,42.44222],[-76.43715,42.44243],[-76.43716,42.44259],[-76.43735,42.44264],[-76.43761,42.44257],[-76.4379,42.44247],[-76.43799,42.44249],[-76.43803,42.44258],[-76.43801,42.44271],[-76.43807,42.4428],[-76.43823,42.44277],[-76.43842,42.44275],[-76.43857,42.44257],[-76.43869,42.44248],[-76.43884,42.4425],[-76.43891,42.44265],[-76.43889,42.44281],[-76.43878,42.44301],[-76.43864,42.44334],[-76.43863,42.44339],[-76.43866,42.44343],[-76.43871,42.44347],[-76.43885,42.44345],[-76.43905,42.44337],[-76.43916,42.44329],[-76.43932,42.44273],[-76.43943,42.44271],[-76.43961,42.44284],[-76.43968,42.44297],[-76.43971,42.44312],[-76.43983,42.44331],[-76.43995,42.44332],[-76.44006,42.4433],[-76.44042,42.44309],[-76.44054,42.44312],[-76.44066,42.44329],[-76.44078,42.44324],[-76.44074,42.44302],[-76.44072,42.44284],[-76.44087,42.44266],[-76.44092,42.44259],[-76.44094,42.4425],[-76.4409,42.44245],[-76.44066,42.44213],[-76.4407,42.44201],[-76.44078,42.44194],[-76.44099,42.44187],[-76.44118,42.4419],[-76.44145,42.44196],[-76.44176,42.44197],[-76.44193,42.44205],[-76.44225,42.44238],[-76.4426,42.44264],[-76.44322,42.44287],[-76.44338,42.44293],[-76.44356,42.4429],[-76.44372,42.44285],[-76.44389,42.44265],[-76.44399,42.4424],[-76.44423,42.44191],[-76.44441,42.44177],[-76.44462,42.4417],[-76.44524,42.44176],[-76.4454,42.44191],[-76.44565,42.44222],[-76.44606,42.44247],[-76.44648,42.44277],[-76.4468,42.44282],[-76.44706,42.44266],[-76.44721,42.44266],[-76.44735,42.44271],[-76.44755,42.44275],[-76.44774,42.44272],[-76.44807,42.44252],[-76.4481,42.44234],[-76.44802,42.44205],[-76.44795,42.44181],[-76.44778,42.44168],[-76.44773,42.4415],[-76.4477,42.44131],[-76.44801,42.44085],[-76.44823,42.4408],[-76.44836,42.44086],[-76.44852,42.44102],[-76.44865,42.44104],[-76.44874,42.44104],[-76.44891,42.44104],[-76.4491,42.44103],[-76.44947,42.44107],[-76.44984,42.44119],[-76.44994,42.44128],[-76.45011,42.44138],[-76.4504,42.44139],[-76.45065,42.44138],[-76.45077,42.44132],[-76.45089,42.44122],[-76.45097,42.44118],[-76.4511,42.44098],[-76.45109,42.44089],[-76.45129,42.44075],[-76.45144,42.44065],[-76.45162,42.44066],[-76.45188,42.44049],[-76.45213,42.44036],[-76.45222,42.44035],[-76.45233,42.44062],[-76.45245,42.44084],[-76.45264,42.44092],[-76.45271,42.44089],[-76.45278,42.44084],[-76.45286,42.44074],[-76.45297,42.44069],[-76.45309,42.44069],[-76.4533,42.44066],[-76.45342,42.44065],[-76.45348,42.44064],[-76.45354,42.4406],[-76.45375,42.44048],[-76.45397,42.44044],[-76.45426,42.44049],[-76.4544,42.44062],[-76.45495,42.44074],[-76.45511,42.44083],[-76.4552,42.44099],[-76.45525,42.44127],[-76.45534,42.44133],[-76.4555,42.4414],[-76.45568,42.44141],[-76.45605,42.44137],[-76.45615,42.44129],[-76.45613,42.44121],[-76.4561,42.44104],[-76.45612,42.44098],[-76.45623,42.44093],[-76.45638,42.44096],[-76.45713,42.4414],[-76.45839,42.44138],[-76.45871,42.4414],[-76.45903,42.44138],[-76.45965,42.44131],[-76.4609,42.44131],[-76.46152,42.44131],[-76.46262,42.44114],[-76.46286,42.44112],[-76.46307,42.44114],[-76.4633,42.44118],[-76.46348,42.44124],[-76.46367,42.44126],[-76.46381,42.44124],[-76.46401,42.44116],[-76.46416,42.44108],[-76.46437,42.44102],[-76.46476,42.441],[-76.46518,42.44103],[-76.46562,42.44109],[-76.46648,42.44118],[-76.46682,42.44128],[-76.46721,42.44132],[-76.46792,42.44141],[-76.46799,42.44142],[-76.46837,42.44159],[-76.46852,42.4417],[-76.46864,42.44185],[-76.46886,42.44215],[-76.46893,42.44223],[-76.469,42.44228],[-76.46908,42.44232],[-76.46929,42.44239],[-76.46937,42.44245],[-76.46956,42.44272],[-76.46964,42.44279],[-76.46969,42.44288],[-76.46991,42.44355],[-76.4703,42.44421],[-76.47055,42.44429],[-76.47123,42.44438],[-76.47196,42.44454],[-76.47213,42.44454],[-76.47235,42.44461],[-76.47247,42.44461],[-76.47256,42.44461],[-76.47276,42.44462],[-76.47297,42.4446],[-76.47345,42.44452],[-76.47406,42.44457],[-76.47455,42.44451],[-76.47471,42.44444],[-76.47477,42.44438]]}},{"type":"Feature","id":"way/107643119","properties":{"kind":"water","name":"Cascadilla Creek"},"geometry":{"type":"LineString","coordinates":[[-76.49567,42.44335],[-76.49633,42.44357],[-76.49912,42.4446],[-76.49939,42.44479],[-76.49953,42.44496],[-76.49987,42.44539],[-76.50248,42.44861],[-76.50401,42.45053],[-76.50453,42.45106]]}},{"type":"Feature","id":"way/108628988","properties":{"kind":"water","name":""},"geometry":{"type":"LineString","coordinates":[[-76.50211,42.4608],[-76.50244,42.46057],[-76.50275,42.4604],[-76.50291,42.46028],[-76.50314,42.46007],[-76.5034,42.45989],[-76.50367,42.45975],[-76.50392,42.45964],[-76.50407,42.4596],[-76.5045,42.45963],[-76.50475,42.45959],[-76.505,42.45948],[-76.50527,42.4593],[-76.50548,42.45905],[-76.50585,42.45861]]}},{"type":"Feature","id":"way/108629013","properties":{"kind":"green","name":"Allan H. Treman State Marine Park"},"geometry":{"type":"Polygon","coordinates":[[[-76.51856,42.45652],[-76.51804,42.45568],[-76.51783,42.45567],[-76.51659,42.45593],[-76.51634,42.45582],[-76.51612,42.45563],[-76.51603,42.45563],[-76.51503,42.45626],[-76.51496,42.4563],[-76.51439,42.45599],[-76.5126,42.4562],[-76.51218,42.45624],[-76.51246,42.45623],[-76.51246,42.45627],[-76.51247,42.45639],[-76.51248,42.45651],[-76.51249,42.45663],[-76.5125,42.4567],[-76.51222,42.45671],[-76.51224,42.45696],[-76.51229,42.45738],[-76.51237,42.45768],[-76.51239,42.45804],[-76.51247,42.45836],[-76.51256,42.45858],[-76.51257,42.45867],[-76.51259,42.45872],[-76.51272,42.45897],[-76.51271,42.45905],[-76.5128,42.4592],[-76.51344,42.45992],[-76.51357,42.46001],[-76.51383,42.46028],[-76.51409,42.46047],[-76.51436,42.46071],[-76.51452,42.46084],[-76.5147,42.461],[-76.51496,42.4612],[-76.51543,42.46167],[-76.51553,42.4617],[-76.51564,42.46181],[-76.51576,42.46184],[-76.51602,42.46182],[-76.51628,42.46192],[-76.51646,42.46194],[-76.51672,42.46199],[-76.51709,42.46238],[-76.51736,42.46247],[-76.5175,42.46249],[-76.51763,42.46253],[-76.51765,42.4626],[-76.51774,42.46264],[-76.51828,42.46257],[-76.51834,42.46252],[-76.51836,42.46245],[-76.51859,42.4624],[-76.51872,42.46236],[-76.51887,42.46231],[-76.51903,42.46226],[-76.51936,42.46221],[-76.51974,42.46213],[-76.52031,42.46206],[-76.52082,42.46201],[-76.52089,42.46203],[-76.52101,42.46208],[-76.52107,42.46207],[-76.52118,42.46197],[-76.52135,42.46179],[-76.52152,42.46176],[-76.52155,42.46171],[-76.52154,42.46161],[-76.5213,42.46137],[-76.52128,42.46136],[-76.5212,42.46137],[-76.5212,42.4613],[-76.52113,42.46125],[-76.52085,42.46091],[-76.52064,42.46063],[-76.52053,42.46046],[-76.52043,42.46032],[-76.52034,42.46019],[-76.52023,42.46006],[-76.52011,42.45994],[-76.52005,42.45987],[-76.52005,42.45982],[-76.52008,42.45979],[-76.52017,42.45977],[-76.5202,42.45973],[-76.52022,42.45964],[-76.52022,42.45952],[-76.52014,42.45937],[-76.52001,42.45914],[-76.51993,42.45899],[-76.51982,42.45883],[-76.51971,42.45865],[-76.51967,42.45856],[-76.51968,42.45851],[-76.5196,42.45836],[-76.51953,42.45823],[-76.51856,42.45652]]]}},{"type":"Feature","id":"way/108629020","properties":{"kind":"green","name":"Conway Park"},"geometry":{"type":"Polygon","coordinates":[[[-76.50635,42.44457],[-76.50546,42.44496],[-76.50509,42.44452],[-76.50591,42.44449],[-76.50609,42.44449],[-76.50632,42.44448],[-76.50635,42.44454],[-76.50635,42.44457]]]}},{"type":"Feature","id":"way/108629023","properties":{"kind":"green","name":"Washington Park"},"geometry":{"type":"Polygon","coordinates":[[[-76.50672,42.44229],[-76.50667,42.44118],[-76.5058,42.4412],[-76.50586,42.44233],[-76.50672,42.44229]]]}},{"type":"Feature","id":"way/108630111","properties":{"kind":"green","name":"Auburn Park"},"geometry":{"type":"Polygon","coordinates":[[[-76.50091,42.44948],[-76.50094,42.44949],[-76.50097,42.44949],[-76.50138,42.4493],[-76.50087,42.44866],[-76.50085,42.44866],[-76.50083,42.44866],[-76.50082,42.44866],[-76.50082,42.44867],[-76.50087,42.44944],[-76.50089,42.44947],[-76.50091,42.44948]]]}},{"type":"Feature","id":"way/108630113","properties":{"kind":"green","name":"Thompson Park"},"geometry":{"type":"Polygon","coordinates":[[[-76.49985,42.44603],[-76.50027,42.44602],[-76.5003,42.446],[-76.50019,42.44586],[-76.50007,42.44572],[-76.49958,42.4451],[-76.4994,42.44491],[-76.49936,42.44481],[-76.49935,42.44487],[-76.49936,42.44498],[-76.49936,42.44515],[-76.49935,42.44519],[-76.49937,42.44539],[-76.4994,42.44571],[-76.49941,42.44583],[-76.49942,42.44595],[-76.49942,42.44603],[-76.49985,42.44603]]]}},{"type":"Feature","id":"way/108630116","properties":{"kind":"green","name":"DeWitt Park"},"geometry":{"type":"Polygon","coordinates":[[[-76.49808,42.44203],[-76.49806,42.44175],[-76.49802,42.44175],[-76.49801,42.44144],[-76.49899,42.44141],[-76.49902,42.44215],[-76.49851,42.44216],[-76.4985,42.44202],[-76.49818,42.44203],[-76.49808,42.44203]]]}},{"type":"Feature","id":"way/108630191","properties":{"kind":"green","name":"Treman Triangle Park"},"geometry":{"type":"Polygon","coordinates":[[[-76.49443,42.44316],[-76.49399,42.44289],[-76.49386,42.44282],[-76.49447,42.44281],[-76.49447,42.44289],[-76.49443,42.44316]]]}},{"type":"Feature","id":"way/110785328","properties":{"kind":"road","name":"West Seneca Street"},"geometry":{"type":"LineString","coordinates":[[-76.5116,42.44002],[-76.51201,42.44001]]}},{"type":"Feature","id":"way/110785333","properties":{"kind":"road","name":"West Seneca Street"},"geometry":{"type":"LineString","coordinates":[[-76.51201,42.44001],[-76.51214,42.44],[-76.51222,42.44]]}},{"type":"Feature","id":"way/115036258","properties":{"kind":"road","name":"College Avenue"},"geometry":{"type":"LineString","coordinates":[[-76.48525,42.44313],[-76.48523,42.44305],[-76.48521,42.44295]]}},{"type":"Feature","id":"way/115036265","properties":{"kind":"road","name":"College Avenue"},"geometry":{"type":"LineString","coordinates":[[-76.48505,42.44517],[-76.48505,42.44509],[-76.48506,42.44474],[-76.48506,42.4447],[-76.48508,42.44434],[-76.4851,42.44426],[-76.48511,42.44423],[-76.48516,42.44411],[-76.48528,42.44385],[-76.48531,42.44376],[-76.48533,42.44369],[-76.48534,42.44363],[-76.48534,42.44356],[-76.48533,42.44351],[-76.48532,42.44343],[-76.48531,42.44337],[-76.48529,42.44327]]}},{"type":"Feature","id":"way/116351989","properties":{"kind":"road","name":"North Tioga Street"},"geometry":{"type":"LineString","coordinates":[[-76.49702,42.44376],[-76.49702,42.44382],[-76.49703,42.44389]]}},{"type":"Feature","id":"way/116351990","properties":{"kind":"road","name":"North Tioga Street"},"geometry":{"type":"LineString","coordinates":[[-76.49703,42.44389],[-76.49707,42.44463],[-76.49708,42.44493],[-76.49709,42.445]]}},{"type":"Feature","id":"way/116421811","properties":{"kind":"road","name":"North Aurora Street"},"geometry":{"type":"LineString","coordinates":[[-76.49579,42.44269],[-76.4958,42.44277],[-76.49581,42.44329],[-76.49581,42.44333]]}},{"type":"Feature","id":"way/116421850","properties":{"kind":"green","name":"Conley Park"},"geometry":{"type":"Polygon","coordinates":[[[-76.50332,42.44859],[-76.50326,42.44861],[-76.50274,42.44884],[-76.50279,42.44893],[-76.50349,42.4498],[-76.5036,42.44957],[-76.50356,42.44955],[-76.50349,42.44945],[-76.50343,42.44936],[-76.50338,42.44922],[-76.50334,42.44903],[-76.50334,42.44883],[-76.50332,42.44866],[-76.50332,42.44861],[-76.50332,42.44859]]]}},{"type":"Feature","id":"way/116771855","properties":{"kind":"road","name":"Linn Street"},"geometry":{"type":"LineString","coordinates":[[-76.49452,42.44321],[-76.49449,42.44328]]}},{"type":"Feature","id":"way/116771857","properties":{"kind":"road","name":"Hancock Street"},"geometry":{"type":"LineString","coordinates":[[-76.50196,42.44783],[-76.5018,42.4479]]}},{"type":"Feature","id":"way/116771859","properties":{"kind":"road","name":"North Aurora Street"},"geometry":{"type":"LineString","coordinates":[[-76.49582,42.44344],[-76.49585,42.44407],[-76.49587,42.44422],[-76.49591,42.44497],[-76.49591,42.44504],[-76.49592,42.44512],[-76.49598,42.44611],[-76.49598,42.44618],[-76.49598,42.44627],[-76.49604,42.44726],[-76.49604,42.44732],[-76.49605,42.4474],[-76.4961,42.4484],[-76.49611,42.44847]]}},{"type":"Feature","id":"way/116771863","properties":{"kind":"road","name":"North Cayuga Street"},"geometry":{"type":"LineString","coordinates":[[-76.49905,42.4404],[-76.49906,42.44049],[-76.49908,42.44075],[-76.49908,42.44089],[-76.4991,42.44124],[-76.49911,42.44131],[-76.49911,42.44139],[-76.49912,42.44159],[-76.49916,42.44252],[-76.49917,42.44259]]}},{"type":"Feature","id":"way/116771864","properties":{"kind":"road","name":"North Cayuga Street"},"geometry":{"type":"LineString","coordinates":[[-76.49927,42.4446],[-76.49927,42.44463],[-76.49927,42.44471],[-76.49927,42.44481]]}},{"type":"Feature","id":"way/116771866","properties":{"kind":"road","name":"Hancock Street"},"geometry":{"type":"LineString","coordinates":[[-76.5018,42.4479],[-76.50174,42.44792],[-76.50169,42.44795],[-76.50096,42.44828],[-76.50084,42.44833],[-76.50074,42.44834]]}},{"type":"Feature","id":"way/117133749","properties":{"kind":"road","name":"Dryden Road"},"geometry":{"type":"LineString","coordinates":[[-76.47474,42.44357],[-76.47459,42.44361],[-76.47444,42.44366],[-76.47402,42.44383],[-76.4738,42.4439],[-76.47357,42.44396],[-76.47336,42.444],[-76.47312,42.44402],[-76.4729,42.44403],[-76.47266,42.44402],[-76.47242,42.44398],[-76.47215,42.44393],[-76.47169,42.44382],[-76.47143,42.44378],[-76.47114,42.44374],[-76.47084,42.44372],[-76.47052,42.44372],[-76.47038,42.44372]]}},{"type":"Feature","id":"way/117133860","properties":{"kind":"road","name":"Dryden Road"},"geometry":{"type":"LineString","coordinates":[[-76.47643,42.44272],[-76.47621,42.44301],[-76.47613,42.4431],[-76.47601,42.44321],[-76.47594,42.44325],[-76.47579,42.44333]]}},{"type":"Feature","id":"way/117133871","properties":{"kind":"road","name":"Hoy Road"},"geometry":{"type":"LineString","coordinates":[[-76.47646,42.44322],[-76.47662,42.44319]]}},{"type":"Feature","id":"way/117146518","properties":{"kind":"road","name":"Campus Road"},"geometry":{"type":"LineString","coordinates":[[-76.47981,42.44526],[-76.47967,42.44526],[-76.47948,42.44526],[-76.47939,42.44526],[-76.47932,42.44526],[-76.47854,42.44525],[-76.47841,42.44525],[-76.47817,42.44525],[-76.47805,42.44525],[-76.47785,42.44525],[-76.47775,42.44525],[-76.47648,42.44525],[-76.47583,42.44526],[-76.47542,42.44526],[-76.4753,42.44526],[-76.47472,42.44526],[-76.47468,42.44526],[-76.4746,42.44526],[-76.47456,42.44526],[-76.47454,42.44526],[-76.47447,42.44525],[-76.4743,42.44523],[-76.47424,42.44522],[-76.4742,42.44522],[-76.47417,42.44523],[-76.47414,42.44523],[-76.47407,42.44524],[-76.47401,42.44525],[-76.4734,42.44535],[-76.47305,42.44541],[-76.47293,42.44543],[-76.47289,42.44544],[-76.47285,42.44545],[-76.4728,42.44547],[-76.47274,42.4455],[-76.4727,42.44551],[-76.47266,42.44552],[-76.47261,42.44552],[-76.47255,42.44553],[-76.47249,42.44554],[-76.47237,42.44554],[-76.47226,42.44555],[-76.47211,42.44554],[-76.47193,42.44554],[-76.47167,42.4455],[-76.47142,42.44547],[-76.47106,42.44542],[-76.47077,42.44538],[-76.47054,42.44535],[-76.47038,42.44533],[-76.4701,42.4453],[-76.46997,42.4453],[-76.46978,42.44531],[-76.46969,42.44531]]}},{"type":"Feature","id":"way/117146527","properties":{"kind":"road","name":"University Avenue"},"geometry":{"type":"LineString","coordinates":[[-76.49208,42.44971],[-76.49201,42.44967],[-76.49184,42.44958],[-76.49155,42.44946],[-76.49141,42.44941],[-76.49135,42.44939],[-76.4913,42.44937],[-76.49125,42.44936],[-76.4912,42.44935],[-76.49114,42.44934],[-76.49107,42.44933],[-76.491,42.44932],[-76.49091,42.44932],[-76.49078,42.44931],[-76.49054,42.4493],[-76.49043,42.44929],[-76.49035,42.44929]]}},{"type":"Feature","id":"way/139324072","properties":{"kind":"road","name":"East State Street"},"geometry":{"type":"LineString","coordinates":[[-76.49425,42.43949],[-76.49432,42.4395],[-76.49443,42.43952],[-76.4947,42.43955],[-76.49515,42.4396],[-76.49521,42.4396],[-76.49533,42.43962]]}},{"type":"Feature","id":"way/139324149","properties":{"kind":"road","name":"South Aurora Street"},"geometry":{"type":"LineString","coordinates":[[-76.49462,42.43488],[-76.49462,42.43493],[-76.49466,42.43544],[-76.49468,42.43575],[-76.49468,42.43581],[-76.49468,42.43587],[-76.49473,42.43663],[-76.49474,42.43668],[-76.49474,42.43673],[-76.49475,42.43694],[-76.49476,42.43725],[-76.49477,42.43761]]}},{"type":"Feature","id":"way/139470104","properties":{"kind":"road","name":"Dryden Road"},"geometry":{"type":"LineString","coordinates":[[-76.47628,42.44325],[-76.47628,42.44315],[-76.47631,42.44304],[-76.47635,42.4429],[-76.47643,42.44272]]}},{"type":"Feature","id":"way/139631912","properties":{"kind":"road","name":"Mitchell Street"},"geometry":{"type":"LineString","coordinates":[[-76.47755,42.43783],[-76.47764,42.43783],[-76.47866,42.43788],[-76.47873,42.43788],[-76.47881,42.43789],[-76.47966,42.43792],[-76.48,42.43793],[-76.48012,42.43792],[-76.48028,42.4379],[-76.48047,42.43785],[-76.48145,42.43755],[-76.48151,42.43754],[-76.48155,42.43754],[-76.48162,42.43754],[-76.48167,42.43756],[-76.48172,42.43758]]}},{"type":"Feature","id":"way/200989195","properties":{"kind":"road","name":"Thurston Avenue"},"geometry":{"type":"LineString","coordinates":[[-76.49068,42.45478],[-76.49026,42.45463],[-76.48924,42.45436],[-76.48905,42.4543],[-76.48896,42.45426],[-76.4889,42.45422],[-76.48882,42.45421]]}},{"type":"Feature","id":"way/259094363","properties":{"kind":"green","name":"Bryant Park"},"geometry":{"type":"Polygon","coordinates":[[[-76.4802,42.43897],[-76.48018,42.43891],[-76.48016,42.43888],[-76.48035,42.4388],[-76.48057,42.43867],[-76.48077,42.43855],[-76.48087,42.4385],[-76.481,42.43857],[-76.48107,42.43866],[-76.4811,42.43879],[-76.48108,42.43885],[-76.48105,42.43893],[-76.48099,42.43907],[-76.48097,42.43908],[-76.48073,42.43901],[-76.48051,42.43897],[-76.4802,42.43897]]]}},{"type":"Feature","id":"way/300937329","properties":{"kind":"road","name":"Dryden Road"},"geometry":{"type":"LineString","coordinates":[[-76.47769,42.44115],[-76.4776,42.44126],[-76.47728,42.44162],[-76.47695,42.442],[-76.47681,42.44215],[-76.47664,42.44235],[-76.47658,42.44243],[-76.47645,42.44267],[-76.47643,42.44272]]}},{"type":"Feature","id":"way/345084319","properties":{"kind":"road","name":"Mitchell Street"},"geometry":{"type":"LineString","coordinates":[[-76.48504,42.43765],[-76.485,42.43766],[-76.48497,42.43767],[-76.48482,42.4377],[-76.48472,42.43772],[-76.48463,42.43773],[-76.48457,42.43773],[-76.48452,42.43773],[-76.48433,42.43773],[-76.48395,42.43768]]}},{"type":"Feature","id":"way/345084323","properties":{"kind":"road","name":"North Tioga Street"},"geometry":{"type":"LineString","coordinates":[[-76.49696,42.44265],[-76.49697,42.44274],[-76.49699,42.44313],[-76.49702,42.44374],[-76.49702,42.44376]]}},{"type":"Feature","id":"way/345084325","properties":{"kind":"road","name":"East Court Street"},"geometry":{"type":"LineString","coordinates":[[-76.49696,42.44265],[-76.49686,42.44265],[-76.49618,42.44268],[-76.49591,42.44269],[-76.49579,42.44269],[-76.49569,42.4427],[-76.49561,42.4427],[-76.49539,42.44271],[-76.49509,42.44272],[-76.49457,42.44273]]}},{"type":"Feature","id":"way/345087358","properties":{"kind":"road","name":"North Albany Street"},"geometry":{"type":"LineString","coordinates":[[-76.50181,42.44123],[-76.50182,42.44132],[-76.50187,42.44242],[-76.50187,42.44245],[-76.50188,42.44251],[-76.50188,42.4426],[-76.50188,42.44263],[-76.50192,42.44342],[-76.50195,42.44388],[-76.50198,42.44445],[-76.50198,42.44452]]}},{"type":"Feature","id":"way/345087360","properties":{"kind":"road","name":"South Albany Street"},"geometry":{"type":"LineString","coordinates":[[-76.50172,42.43946],[-76.50172,42.43938],[-76.50168,42.43863],[-76.50167,42.43855]]}},{"type":"Feature","id":"way/345087361","properties":{"kind":"road","name":"Seneca Way"},"geometry":{"type":"LineString","coordinates":[[-76.49425,42.43949],[-76.49422,42.43958],[-76.49422,42.43961],[-76.49421,42.43968],[-76.49421,42.43977],[-76.49422,42.43984],[-76.49423,42.43993]]}},{"type":"Feature","id":"way/345087362","properties":{"kind":"road","name":"South Aurora Street"},"geometry":{"type":"LineString","coordinates":[[-76.49496,42.43839],[-76.49502,42.43849]]}},{"type":"Feature","id":"way/345094089","properties":{"kind":"road","name":"Cascadilla Street"},"geometry":{"type":"LineString","coordinates":[[-76.50217,42.44451],[-76.5021,42.44451],[-76.50198,42.44452],[-76.501,42.44454],[-76.50091,42.44455],[-76.50077,42.44455],[-76.49948,42.44459]]}},{"type":"Feature","id":"way/345094092","properties":{"kind":"road","name":"Hancock Street"},"geometry":{"type":"LineString","coordinates":[[-76.50513,42.44642],[-76.50504,42.44646],[-76.50417,42.44684],[-76.50409,42.44688],[-76.50399,42.44692],[-76.50312,42.44731],[-76.50303,42.44735],[-76.50294,42.44739],[-76.50244,42.44761],[-76.50209,42.44776],[-76.50205,42.44778],[-76.502,42.44781],[-76.50196,42.44783]]}},{"type":"Feature","id":"way/345094094","properties":{"kind":"road","name":"North Cayuga Street"},"geometry":{"type":"LineString","coordinates":[[-76.49927,42.44481],[-76.49927,42.44494],[-76.49927,42.44502],[-76.49927,42.44508],[-76.49933,42.44587],[-76.49934,42.446],[-76.49934,42.44608],[-76.49935,42.44616],[-76.49941,42.44715],[-76.49942,42.44723],[-76.49942,42.44731],[-76.49949,42.4483],[-76.49949,42.44837]]}},{"type":"Feature","id":"way/345094095","properties":{"kind":"road","name":"North Cayuga Street"},"geometry":{"type":"LineString","coordinates":[[-76.49949,42.44837],[-76.4995,42.44845],[-76.49956,42.44939],[-76.49956,42.44944],[-76.49956,42.44952],[-76.49957,42.44959],[-76.49962,42.45043],[-76.49963,42.45058],[-76.49964,42.45066],[-76.49964,42.45074],[-76.49968,42.4513],[-76.49972,42.45191],[-76.49973,42.45198]]}},{"type":"Feature","id":"way/345094097","properties":{"kind":"road","name":"East Lincoln Street"},"geometry":{"type":"LineString","coordinates":[[-76.49754,42.45205],[-76.49765,42.45205],[-76.49865,42.45202],[-76.4989,42.45201],[-76.4996,42.45198],[-76.49973,42.45198]]}},{"type":"Feature","id":"way/345094099","properties":{"kind":"road","name":"Lake Street"},"geometry":{"type":"LineString","coordinates":[[-76.49467,42.45289],[-76.49467,42.45293],[-76.49467,42.45303],[-76.49467,42.45307]]}},{"type":"Feature","id":"way/345317453","properties":{"kind":"road","name":"West State Street"},"geometry":{"type":"LineString","coordinates":[[-76.50162,42.43946],[-76.50146,42.43947],[-76.50101,42.43948],[-76.50086,42.43949]]}},{"type":"Feature","id":"way/345319824","properties":{"kind":"road","name":"West Clinton Street"},"geometry":{"type":"LineString","coordinates":[[-76.5006,42.43683],[-76.5005,42.43684],[-76.49989,42.43686],[-76.49967,42.43686],[-76.49939,42.43687]]}},{"type":"Feature","id":"way/345319826","properties":{"kind":"road","name":"West Clinton Street"},"geometry":{"type":"LineString","coordinates":[[-76.50379,42.43673],[-76.5037,42.43673],[-76.50277,42.43676],[-76.50268,42.43677],[-76.50257,42.43677],[-76.50247,42.43677],[-76.5017,42.4368],[-76.50159,42.4368]]}},{"type":"Feature","id":"way/345319827","properties":{"kind":"road","name":"South Plain Street"},"geometry":{"type":"LineString","coordinates":[[-76.50379,42.43673],[-76.5038,42.43681],[-76.5038,42.43683],[-76.50383,42.4375],[-76.50384,42.43757],[-76.50384,42.43766],[-76.50388,42.43841],[-76.50388,42.43848],[-76.50389,42.43857],[-76.50392,42.43931],[-76.50393,42.43939]]}},{"type":"Feature","id":"way/345322327","properties":{"kind":"road","name":"Dey Street"},"geometry":{"type":"LineString","coordinates":[[-76.50333,42.45155],[-76.50324,42.45147],[-76.50312,42.45135],[-76.50303,42.45124],[-76.50301,42.45122],[-76.50295,42.45114]]}},{"type":"Feature","id":"way/345322328","properties":{"kind":"road","name":"West Lincoln Street"},"geometry":{"type":"LineString","coordinates":[[-76.50295,42.45114],[-76.50286,42.45118],[-76.50281,42.4512],[-76.50277,42.45123],[-76.50241,42.45137],[-76.50199,42.45154],[-76.50189,42.45158],[-76.50177,42.45162],[-76.50169,42.45165],[-76.50162,42.45168],[-76.50144,42.45173],[-76.50117,42.4518],[-76.50099,42.45184],[-76.50082,42.45187],[-76.50061,42.45191],[-76.50034,42.45194],[-76.4999,42.45197],[-76.49983,42.45198],[-76.49973,42.45198]]}},{"type":"Feature","id":"way/346038995","properties":{"kind":"road","name":"Taughannock Boulevard"},"geometry":{"type":"LineString","coordinates":[[-76.51222,42.44],[-76.51224,42.44007],[-76.51227,42.44017],[-76.51231,42.4403],[-76.51238,42.44056],[-76.51245,42.4408],[-76.51248,42.4409]]}},{"type":"Feature","id":"way/346038996","properties":{"kind":"road","name":"West Seneca Street"},"geometry":{"type":"LineString","coordinates":[[-76.51222,42.44],[-76.51233,42.43999],[-76.51242,42.43999],[-76.5128,42.43998],[-76.51289,42.43998],[-76.51297,42.43996],[-76.5131,42.43992]]}},{"type":"Feature","id":"way/346043246","properties":{"kind":"road","name":"Thurston Avenue"},"geometry":{"type":"LineString","coordinates":[[-76.48646,42.45372],[-76.48699,42.45381],[-76.48704,42.45382],[-76.48714,42.45381],[-76.48742,42.45376],[-76.48755,42.45372],[-76.48762,42.45371],[-76.48768,42.45371],[-76.48781,42.45372],[-76.48804,42.45375],[-76.48809,42.45376]]}},{"type":"Feature","id":"way/347340022","properties":{"kind":"road","name":"Stewart Avenue"},"geometry":{"type":"LineString","coordinates":[[-76.49035,42.44929],[-76.49035,42.44937],[-76.49036,42.4498],[-76.49036,42.44987],[-76.49038,42.44995],[-76.49042,42.44999],[-76.49045,42.45005],[-76.49081,42.45047],[-76.49086,42.45072],[-76.49097,42.45157],[-76.49097,42.45168],[-76.49096,42.45172],[-76.49093,42.45177],[-76.49088,42.45182],[-76.49082,42.45186],[-76.49072,42.4519],[-76.49061,42.4519],[-76.49049,42.45189],[-76.49038,42.45189],[-76.49024,42.45188],[-76.49012,42.45189],[-76.49006,42.45191],[-76.48996,42.45195],[-76.48991,42.45198],[-76.48987,42.45202],[-76.48984,42.45205],[-76.48984,42.45207],[-76.48983,42.4521]]}},{"type":"Feature","id":"way/347340033","properties":{"kind":"road","name":"Feeney Way"},"geometry":{"type":"LineString","coordinates":[[-76.48249,42.45112],[-76.48253,42.45109],[-76.4826,42.45105],[-76.48263,42.45102],[-76.48267,42.45099],[-76.48272,42.45095],[-76.48276,42.45091],[-76.48278,42.45088],[-76.48281,42.45085],[-76.48283,42.45081],[-76.48284,42.45079],[-76.48285,42.45077],[-76.48287,42.45074],[-76.48287,42.45072],[-76.4829,42.45063],[-76.4829,42.45058],[-76.48291,42.45052],[-76.48291,42.45043],[-76.48289,42.45022],[-76.48287,42.44969],[-76.48281,42.44849],[-76.48279,42.44822],[-76.48278,42.4479],[-76.48276,42.44764],[-76.48276,42.44758]]}},{"type":"Feature","id":"way/347340044","properties":{"kind":"road","name":"Tower Road"},"geometry":{"type":"LineString","coordinates":[[-76.47977,42.44761],[-76.47965,42.44761],[-76.47865,42.4476],[-76.47791,42.44759],[-76.47701,42.44759],[-76.47687,42.44759],[-76.4767,42.44759],[-76.47611,42.44758],[-76.47551,42.44758],[-76.47445,42.44757],[-76.47438,42.44757],[-76.47376,42.44757],[-76.47269,42.44756],[-76.47232,42.44756],[-76.47199,42.44756],[-76.47194,42.44756],[-76.47142,42.44755],[-76.47077,42.44756],[-76.47001,42.44755],[-76.46996,42.44755],[-76.46987,42.44755]]}},{"type":"Feature","id":"way/347340059","properties":{"kind":"road","name":"Forest Home Drive"},"geometry":{"type":"LineString","coordinates":[[-76.475,42.44942],[-76.47527,42.44945],[-76.47555,42.44949],[-76.47574,42.44955],[-76.47607,42.44966],[-76.47646,42.44982],[-76.47657,42.44989],[-76.47668,42.44997],[-76.47673,42.45005],[-76.47677,42.45012],[-76.47687,42.45033],[-76.47692,42.45042],[-76.47698,42.4505],[-76.47703,42.45057],[-76.4771,42.45064],[-76.47718,42.4507],[-76.47728,42.45075],[-76.47739,42.45079],[-76.47752,42.45082],[-76.47763,42.45084],[-76.47776,42.45086],[-76.4779,42.45087],[-76.47806,42.45088],[-76.47858,42.45089],[-76.47902,42.45089],[-76.47945,42.45089]]}},{"type":"Feature","id":"way/347342120","properties":{"kind":"road","name":"Thurston Avenue"},"geometry":{"type":"LineString","coordinates":[[-76.48113,42.45312],[-76.48116,42.45317],[-76.48119,42.45321],[-76.48124,42.45327],[-76.48137,42.45338],[-76.48144,42.45344],[-76.48153,42.45349],[-76.48161,42.45354],[-76.48172,42.45357],[-76.48184,42.45361],[-76.48192,42.45363],[-76.48202,42.45365],[-76.48225,42.45368],[-76.48267,42.45369],[-76.48275,42.45369],[-76.48282,42.45369],[-76.48303,42.45369],[-76.48351,42.45365],[-76.48368,42.45364],[-76.48377,42.45363],[-76.48395,42.45361],[-76.48435,42.45358],[-76.48444,42.45357],[-76.4846,42.45356],[-76.48471,42.45356],[-76.48477,42.45356],[-76.48483,42.45357],[-76.48497,42.45358],[-76.48508,42.45359],[-76.48518,42.4536],[-76.48529,42.4536],[-76.48546,42.45359],[-76.48553,42.45359],[-76.48563,42.45359],[-76.48572,42.4536],[-76.48587,42.45361],[-76.48599,42.45362],[-76.48611,42.45365],[-76.48623,42.45367],[-76.48646,42.45372]]}},{"type":"Feature","id":"way/352998363","properties":{"kind":"road","name":"West Buffalo Street"},"geometry":{"type":"LineString","coordinates":[[-76.515,42.44136],[-76.51508,42.44143],[-76.51515,42.44152],[-76.51527,42.44169]]}},{"type":"Feature","id":"way/364252593","properties":{"kind":"road","name":"West State Street"},"geometry":{"type":"LineString","coordinates":[[-76.50062,42.43949],[-76.49913,42.43955],[-76.49903,42.43955]]}},{"type":"Feature","id":"way/399315324","properties":{"kind":"road","name":"North Cayuga Street"},"geometry":{"type":"LineString","coordinates":[[-76.50013,42.45769],[-76.50011,42.45741],[-76.50006,42.45668],[-76.50001,42.45603],[-76.50001,42.45599],[-76.49999,42.45575],[-76.49993,42.45489],[-76.49991,42.45462],[-76.4999,42.45458]]}},{"type":"Feature","id":"way/399317756","properties":{"kind":"road","name":"Cascadilla Street"},"geometry":{"type":"LineString","coordinates":[[-76.50496,42.44444],[-76.50489,42.44444],[-76.50419,42.44445]]}},{"type":"Feature","id":"way/399317757","properties":{"kind":"road","name":"Cascadilla Street"},"geometry":{"type":"LineString","coordinates":[[-76.50419,42.44445],[-76.50409,42.44445],[-76.50371,42.44447],[-76.50355,42.44447]]}},{"type":"Feature","id":"way/399317765","properties":{"kind":"road","name":"West Court Street"},"geometry":{"type":"LineString","coordinates":[[-76.50408,42.44245],[-76.50398,42.44245],[-76.50335,42.44247],[-76.50202,42.44251],[-76.50199,42.44251],[-76.50188,42.44251]]}},{"type":"Feature","id":"way/399317767","properties":{"kind":"road","name":"West Court Street"},"geometry":{"type":"LineString","coordinates":[[-76.50188,42.44251],[-76.50177,42.44252],[-76.50174,42.44252],[-76.50132,42.44253]]}},{"type":"Feature","id":"way/399320049","properties":{"kind":"green","name":"Columbia Street Park"},"geometry":{"type":"Polygon","coordinates":[[[-76.49637,42.43629],[-76.49636,42.43612],[-76.49668,42.43612],[-76.49667,42.43581],[-76.49603,42.43582],[-76.49623,42.43595],[-76.49623,42.43629],[-76.49637,42.43629]]]}},{"type":"Feature","id":"way/400067759","properties":{"kind":"road","name":"Campus Road"},"geometry":{"type":"LineString","coordinates":[[-76.48505,42.44517],[-76.48518,42.44519],[-76.48526,42.44521],[-76.48533,42.44522],[-76.48539,42.44523],[-76.48545,42.44524],[-76.4855,42.44526],[-76.48555,42.44527],[-76.4856,42.44529],[-76.48566,42.44532],[-76.48571,42.44534],[-76.48576,42.44537],[-76.48585,42.44542],[-76.48592,42.44546],[-76.48597,42.4455],[-76.48598,42.44551],[-76.48606,42.44557]]}},{"type":"Feature","id":"way/402760653","properties":{"kind":"road","name":"North Tioga Street"},"geometry":{"type":"LineString","coordinates":[[-76.49709,42.445],[-76.49709,42.44509],[-76.49713,42.44563],[-76.49716,42.44608],[-76.49716,42.44615],[-76.49717,42.44623],[-76.49721,42.44694],[-76.49723,42.44722],[-76.49723,42.44729],[-76.49724,42.44737],[-76.4973,42.44836],[-76.4973,42.44843],[-76.49731,42.44851],[-76.49738,42.44958],[-76.4974,42.44978],[-76.49742,42.45018],[-76.49743,42.45024],[-76.49743,42.45033],[-76.49745,42.45065],[-76.49746,42.45072],[-76.49746,42.4508],[-76.49749,42.45126],[-76.4975,42.45133],[-76.49754,42.45198],[-76.49754,42.45205]]}},{"type":"Feature","id":"way/402762982","properties":{"kind":"road","name":"North Cayuga Street"},"geometry":{"type":"LineString","coordinates":[[-76.50015,42.45796],[-76.50014,42.4578],[-76.50013,42.45769]]}},{"type":"Feature","id":"way/402764286","properties":{"kind":"road","name":"Mitchell Street"},"geometry":{"type":"LineString","coordinates":[[-76.48395,42.43768],[-76.48322,42.43758],[-76.48269,42.43751],[-76.48237,42.43748],[-76.48203,42.43748],[-76.48178,42.4375]]}},{"type":"Feature","id":"way/402771485","properties":{"kind":"road","name":"Hoy Road"},"geometry":{"type":"LineString","coordinates":[[-76.47967,42.44314],[-76.47986,42.44317],[-76.48001,42.44318],[-76.48014,42.44319],[-76.48029,42.4432],[-76.48048,42.44323],[-76.48059,42.44325],[-76.48073,42.44328],[-76.48086,42.44333],[-76.48098,42.44337],[-76.48109,42.44344],[-76.48117,42.44351],[-76.48125,42.44359],[-76.48131,42.44368],[-76.48136,42.44378],[-76.4814,42.44386],[-76.48141,42.4439],[-76.48145,42.44402],[-76.48147,42.44408],[-76.48148,42.44414]]}},{"type":"Feature","id":"way/404093768","properties":{"kind":"road","name":"Forest Home Drive"},"geometry":{"type":"LineString","coordinates":[[-76.47945,42.45089],[-76.47994,42.4509],[-76.4802,42.45091],[-76.48048,42.45093],[-76.48065,42.45095],[-76.48113,42.45106],[-76.48152,42.45115],[-76.48196,42.45127],[-76.48208,42.4513]]}},{"type":"Feature","id":"way/404093769","properties":{"kind":"road","name":"Forest Home Drive"},"geometry":{"type":"LineString","coordinates":[[-76.47165,42.45291],[-76.4718,42.45285],[-76.47202,42.45274],[-76.47226,42.45257],[-76.47234,42.45248],[-76.47238,42.45243],[-76.4724,42.45239],[-76.47242,42.45235],[-76.47244,42.4523],[-76.47246,42.45218],[-76.47248,42.45211],[-76.47251,42.45204],[-76.47255,42.45197],[-76.47259,42.4519],[-76.47271,42.45178],[-76.47275,42.45173],[-76.47278,42.45167],[-76.47281,42.45156],[-76.47282,42.4515],[-76.47281,42.45133],[-76.47282,42.45121],[-76.47288,42.45102],[-76.47301,42.45078],[-76.47309,42.45067],[-76.47379,42.44976],[-76.47386,42.44969],[-76.47392,42.44963],[-76.47402,42.44955],[-76.47412,42.44949]]}},{"type":"Feature","id":"way/404098984","properties":{"kind":"road","name":"Hoy Road"},"geometry":{"type":"LineString","coordinates":[[-76.47681,42.44316],[-76.47683,42.44315]]}},{"type":"Feature","id":"way/434580906","properties":{"kind":"road","name":"West Buffalo Street"},"geometry":{"type":"LineString","coordinates":[[-76.51248,42.4409],[-76.5126,42.4409],[-76.51263,42.4409],[-76.51291,42.4409],[-76.51303,42.44089],[-76.51333,42.44089]]}},{"type":"Feature","id":"way/436250921","properties":{"kind":"road","name":"Pleasant Grove Road"},"geometry":{"type":"LineString","coordinates":[[-76.47504,42.45903],[-76.47528,42.45963],[-76.47546,42.46008],[-76.4756,42.46046],[-76.4757,42.46079],[-76.47576,42.4611],[-76.47583,42.4615],[-76.47585,42.46163],[-76.47588,42.46176],[-76.47596,42.46202],[-76.47612,42.46232],[-76.47626,42.46261],[-76.47636,42.46283],[-76.47643,42.46303],[-76.47645,42.46311],[-76.47647,42.46318],[-76.47662,42.46367],[-76.47674,42.46405],[-76.47688,42.46446],[-76.47701,42.46484],[-76.4771,42.46511],[-76.47715,42.4653],[-76.47721,42.46548],[-76.47739,42.46609],[-76.47743,42.46621],[-76.47761,42.46678],[-76.47773,42.46716],[-76.47784,42.46747],[-76.47791,42.46765],[-76.47795,42.46775],[-76.47823,42.46845]]}},{"type":"Feature","id":"way/468548184","properties":{"kind":"water","name":"Wee Stinky Creek"},"geometry":{"type":"LineString","coordinates":[[-76.48302,42.44678],[-76.48309,42.44677],[-76.48318,42.44676],[-76.48327,42.44673],[-76.48337,42.44667]]}},{"type":"Feature","id":"way/492209651","properties":{"kind":"road","name":"University Avenue"},"geometry":{"type":"LineString","coordinates":[[-76.48388,42.45137],[-76.48326,42.4514],[-76.48323,42.45141]]}},{"type":"Feature","id":"way/492209652","properties":{"kind":"road","name":"University Avenue"},"geometry":{"type":"LineString","coordinates":[[-76.48323,42.45141],[-76.4831,42.45142],[-76.483,42.45142],[-76.48291,42.45142],[-76.48281,42.45141],[-76.48253,42.45137]]}},{"type":"Feature","id":"way/493038052","properties":{"kind":"road","name":"West Court Street"},"geometry":{"type":"LineString","coordinates":[[-76.50132,42.44253],[-76.50101,42.44254],[-76.50089,42.44254],[-76.50079,42.44254],[-76.50017,42.44256],[-76.49949,42.44258],[-76.49927,42.44259],[-76.49917,42.44259]]}},{"type":"Feature","id":"way/493038053","properties":{"kind":"road","name":"West Court Street"},"geometry":{"type":"LineString","coordinates":[[-76.50443,42.44244],[-76.50419,42.44245],[-76.50408,42.44245]]}},{"type":"Feature","id":"way/535644228","properties":{"kind":"road","name":"West State Street"},"geometry":{"type":"LineString","coordinates":[[-76.50834,42.43926],[-76.50845,42.43925],[-76.50922,42.43922],[-76.50971,42.43921]]}},{"type":"Feature","id":"way/535644229","properties":{"kind":"road","name":"West State Street"},"geometry":{"type":"LineString","coordinates":[[-76.50971,42.43921],[-76.51008,42.4392],[-76.51037,42.43919],[-76.51049,42.43918]]}},{"type":"Feature","id":"way/536258929","properties":{"kind":"road","name":"Hoy Road"},"geometry":{"type":"LineString","coordinates":[[-76.48154,42.44489],[-76.48157,42.44515],[-76.48158,42.44522]]}},{"type":"Feature","id":"way/536258930","properties":{"kind":"road","name":"Hoy Road"},"geometry":{"type":"LineString","coordinates":[[-76.48148,42.44414],[-76.48152,42.44449],[-76.48154,42.44463],[-76.48155,42.44473],[-76.48155,42.44476],[-76.48155,42.4448],[-76.48154,42.44485],[-76.48154,42.44489]]}},{"type":"Feature","id":"way/539355132","properties":{"kind":"road","name":"West Buffalo Street"},"geometry":{"type":"LineString","coordinates":[[-76.5095,42.44099],[-76.51055,42.44096],[-76.51065,42.44095]]}},{"type":"Feature","id":"way/556029801","properties":{"kind":"green","name":"Ithaca Falls Natural Area"},"geometry":{"type":"Polygon","coordinates":[[[-76.49457,42.45314],[-76.49456,42.45268],[-76.49453,42.45217],[-76.49334,42.4522],[-76.49334,42.45235],[-76.49259,42.45233],[-76.49245,42.45233],[-76.49232,42.45233],[-76.49221,42.45232],[-76.49213,42.45232],[-76.49204,42.45231],[-76.49179,42.4523],[-76.49142,42.4523],[-76.49118,42.45231],[-76.49089,42.45242],[-76.49098,42.45241],[-76.49106,42.45245],[-76.49118,42.45248],[-76.49141,42.45251],[-76.4917,42.45259],[-76.49187,42.45262],[-76.49214,42.45274],[-76.49222,42.45274],[-76.49243,42.45274],[-76.49256,42.45281],[-76.49263,42.45284],[-76.49266,42.45282],[-76.49276,42.45283],[-76.49285,42.45287],[-76.49297,42.45293],[-76.49307,42.45302],[-76.49316,42.45306],[-76.49322,42.45306],[-76.49332,42.45307],[-76.49351,42.45309],[-76.49371,42.45312],[-76.4938,42.45314],[-76.494,42.45313],[-76.49411,42.45311],[-76.49417,42.4531],[-76.49428,42.4531],[-76.49457,42.45314]]]}},{"type":"Feature","id":"way/556618396","properties":{"kind":"green","name":"Cass Park"},"geometry":{"type":"Polygon","coordinates":[[[-76.51773,42.45461],[-76.51722,42.45477],[-76.51687,42.45488],[-76.51663,42.45497],[-76.51637,42.45516],[-76.51617,42.45538],[-76.51606,42.45546],[-76.51597,42.45558],[-76.51555,42.45587],[-76.51495,42.45625],[-76.51443,42.45595],[-76.51427,42.45591],[-76.51393,42.45591],[-76.51341,42.45593],[-76.51321,42.45594],[-76.51305,42.45595],[-76.51279,42.45597],[-76.51269,42.45602],[-76.51265,42.45605],[-76.51261,42.45613],[-76.5126,42.4562],[-76.51218,42.45624],[-76.51214,42.45594],[-76.5121,42.45586],[-76.5121,42.45583],[-76.51215,42.45581],[-76.51215,42.45572],[-76.51209,42.45564],[-76.51205,42.45555],[-76.51204,42.45539],[-76.51204,42.45511],[-76.51205,42.45483],[-76.512,42.4544],[-76.51197,42.45409],[-76.51193,42.45379],[-76.51199,42.45357],[-76.51209,42.4534],[-76.51252,42.45313],[-76.51252,42.45304],[-76.51242,42.45283],[-76.51238,42.45279],[-76.51233,42.45276],[-76.51221,42.45273],[-76.51208,42.4527],[-76.51199,42.45266],[-76.5119,42.45259],[-76.51187,42.45252],[-76.51177,42.45238],[-76.51166,42.45214],[-76.51164,42.45204],[-76.51162,42.45173],[-76.51154,42.45115],[-76.51155,42.4508],[-76.51166,42.45035],[-76.512,42.44961],[-76.5124,42.449],[-76.51278,42.44823],[-76.51299,42.44783],[-76.51316,42.44743],[-76.51331,42.44703],[-76.51343,42.44668],[-76.51343,42.44661],[-76.51349,42.44643],[-76.51357,42.44618],[-76.51363,42.44586],[-76.51367,42.44584],[-76.51363,42.44581],[-76.51366,42.44578],[-76.51373,42.44555],[-76.51378,42.44528],[-76.51449,42.44531],[-76.51466,42.44544],[-76.51578,42.44904],[-76.51485,42.4492],[-76.5148,42.44932],[-76.51502,42.44966],[-76.51543,42.45019],[-76.51545,42.4508],[-76.51521,42.45115],[-76.51487,42.45142],[-76.51465,42.45156],[-76.5143,42.45166],[-76.51378,42.4517],[-76.51349,42.45169],[-76.51323,42.45164],[-76.51297,42.45152],[-76.51251,42.45115],[-76.51241,42.45082],[-76.51236,42.45068],[-76.51216,42.45073],[-76.51226,42.45101],[-76.51237,42.4512],[-76.51247,42.45133],[-76.51269,42.45155],[-76.51288,42.45169],[-76.51305,42.45179],[-76.51329,42.4519],[-76.51355,42.45199],[-76.51468,42.45238],[-76.51495,42.45245],[-76.51546,42.4526],[-76.51568,42.45269],[-76.51618,42.45295],[-76.51646,42.45312],[-76.51675,42.45334],[-76.51697,42.45353],[-76.51715,42.45371],[-76.51738,42.454],[-76.51773,42.45461]]]}},{"type":"Feature","id":"way/625603724","properties":{"kind":"road","name":"West Clinton Street"},"geometry":{"type":"LineString","coordinates":[[-76.49939,42.43687],[-76.499,42.43688],[-76.49889,42.43689]]}},{"type":"Feature","id":"way/677164970","properties":{"kind":"road","name":"Triphammer Road"},"geometry":{"type":"LineString","coordinates":[[-76.48149,42.45453],[-76.48146,42.45459],[-76.48144,42.45462],[-76.4814,42.45468],[-76.48137,42.45471],[-76.48134,42.45474],[-76.4813,42.45476],[-76.48118,42.45481],[-76.481,42.4549],[-76.48093,42.45493],[-76.48087,42.45497],[-76.48083,42.45502],[-76.48081,42.45507],[-76.4808,42.45513]]}},{"type":"Feature","id":"way/677164971","properties":{"kind":"road","name":"Pleasant Grove Road"},"geometry":{"type":"LineString","coordinates":[[-76.47443,42.45752],[-76.47476,42.45832]]}},{"type":"Feature","id":"way/677165029","properties":{"kind":"road","name":"Dey Street"},"geometry":{"type":"LineString","coordinates":[[-76.50342,42.4516],[-76.50333,42.45155]]}},{"type":"Feature","id":"way/677165053","properties":{"kind":"road","name":"Feeney Way"},"geometry":{"type":"LineString","coordinates":[[-76.48208,42.4513],[-76.48216,42.45127],[-76.48223,42.45124],[-76.48232,42.4512],[-76.4824,42.45116],[-76.48249,42.45112]]}},{"type":"Feature","id":"way/677165054","properties":{"kind":"road","name":"University Avenue"},"geometry":{"type":"LineString","coordinates":[[-76.48253,42.45137],[-76.48227,42.45133],[-76.48208,42.4513]]}},{"type":"Feature","id":"way/677178491","properties":{"kind":"road","name":"College Avenue"},"geometry":{"type":"LineString","coordinates":[[-76.48525,42.44271],[-76.48528,42.44259],[-76.48529,42.44254],[-76.48529,42.44248]]}},{"type":"Feature","id":"way/677178492","properties":{"kind":"road","name":"College Avenue"},"geometry":{"type":"LineString","coordinates":[[-76.48521,42.44295],[-76.4852,42.44289],[-76.48522,42.44281],[-76.48523,42.44275],[-76.48525,42.44271]]}},{"type":"Feature","id":"way/677178520","properties":{"kind":"road","name":"University Avenue"},"geometry":{"type":"LineString","coordinates":[[-76.48773,42.4496],[-76.48764,42.44967],[-76.48751,42.44976],[-76.48737,42.44988],[-76.48734,42.44991],[-76.48722,42.45008],[-76.48717,42.45017],[-76.48703,42.45047]]}},{"type":"Feature","id":"way/677178521","properties":{"kind":"road","name":"West Avenue"},"geometry":{"type":"LineString","coordinates":[[-76.4883,42.44932],[-76.48811,42.44931],[-76.48801,42.44929],[-76.4879,42.44927],[-76.48781,42.44924],[-76.48777,42.44922],[-76.48772,42.4492],[-76.48768,42.44918]]}},{"type":"Feature","id":"way/677178522","properties":{"kind":"road","name":"Campus Road"},"geometry":{"type":"LineString","coordinates":[[-76.48736,42.44636],[-76.48742,42.44633],[-76.48747,42.4463],[-76.48751,42.44626],[-76.48754,42.44623],[-76.48757,42.44619],[-76.48762,42.44612],[-76.48768,42.44602],[-76.48782,42.44578],[-76.48787,42.44572],[-76.48791,42.44568],[-76.48794,42.44565],[-76.4881,42.4455],[-76.48822,42.44542],[-76.4884,42.44532],[-76.48859,42.44523],[-76.48911,42.44503]]}},{"type":"Feature","id":"way/677344772","properties":{"kind":"road","name":"Pleasant Grove Road"},"geometry":{"type":"LineString","coordinates":[[-76.47476,42.45832],[-76.47479,42.45839],[-76.47504,42.45903]]}},{"type":"Feature","id":"way/677344775","properties":{"kind":"road","name":"Jessup Road"},"geometry":{"type":"LineString","coordinates":[[-76.47833,42.45681],[-76.4782,42.45681],[-76.47767,42.45676],[-76.47754,42.45675],[-76.47744,42.45674],[-76.47719,42.45672],[-76.47715,42.45672]]}},{"type":"Feature","id":"way/677344776","properties":{"kind":"road","name":"Jessup Road"},"geometry":{"type":"LineString","coordinates":[[-76.48129,42.45631],[-76.4812,42.45632],[-76.48112,42.45634],[-76.48068,42.45645],[-76.47986,42.45663],[-76.47965,42.45669],[-76.47934,42.45675],[-76.479,42.4568],[-76.47865,42.45683],[-76.47853,42.45682],[-76.47844,42.45682],[-76.47833,42.45681]]}},{"type":"Feature","id":"way/677344777","properties":{"kind":"road","name":"Thurston Avenue"},"geometry":{"type":"LineString","coordinates":[[-76.48111,42.45258],[-76.4811,42.45268],[-76.48108,42.45293],[-76.48109,42.453],[-76.48111,42.45307],[-76.48113,42.45312]]}},{"type":"Feature","id":"way/677344778","properties":{"kind":"road","name":"Pleasant Grove Road"},"geometry":{"type":"LineString","coordinates":[[-76.47356,42.45536],[-76.47361,42.4555],[-76.4741,42.45672],[-76.47415,42.45684]]}},{"type":"Feature","id":"way/677344788","properties":{"kind":"road","name":"North Cayuga Street"},"geometry":{"type":"LineString","coordinates":[[-76.49973,42.45198],[-76.49973,42.45206],[-76.49977,42.45263],[-76.49978,42.45271]]}},{"type":"Feature","id":"way/677344811","properties":{"kind":"road","name":"University Avenue"},"geometry":{"type":"LineString","coordinates":[[-76.4883,42.44932],[-76.48803,42.44941],[-76.4879,42.44948],[-76.48773,42.4496]]}},{"type":"Feature","id":"way/677344818","properties":{"kind":"road","name":"West Clinton Street"},"geometry":{"type":"LineString","coordinates":[[-76.50782,42.43658],[-76.50794,42.43661],[-76.5081,42.43669],[-76.50815,42.43671],[-76.50822,42.43675]]}},{"type":"Feature","id":"way/677344819","properties":{"kind":"road","name":"West Clinton Street"},"geometry":{"type":"LineString","coordinates":[[-76.50159,42.4368],[-76.50149,42.43681],[-76.50072,42.43683],[-76.5006,42.43683]]}},{"type":"Feature","id":"way/677344820","properties":{"kind":"road","name":"South Albany Street"},"geometry":{"type":"LineString","coordinates":[[-76.50159,42.4368],[-76.50159,42.43688],[-76.50167,42.43848],[-76.50167,42.43855]]}},{"type":"Feature","id":"way/677344829","properties":{"kind":"road","name":"South Aurora Street"},"geometry":{"type":"LineString","coordinates":[[-76.49545,42.43924],[-76.4953,42.43898]]}},{"type":"Feature","id":"way/677344830","properties":{"kind":"road","name":"East State Street"},"geometry":{"type":"LineString","coordinates":[[-76.49533,42.43962],[-76.49553,42.43964],[-76.49564,42.43965]]}},{"type":"Feature","id":"way/677427913","properties":{"kind":"road","name":"Campus Road"},"geometry":{"type":"LineString","coordinates":[[-76.48262,42.44517],[-76.48252,42.44517],[-76.48202,42.4452],[-76.48167,42.44522],[-76.48158,42.44522]]}},{"type":"Feature","id":"way/677427914","properties":{"kind":"road","name":"Stewart Avenue"},"geometry":{"type":"LineString","coordinates":[[-76.49068,42.45478],[-76.49065,42.45484],[-76.49063,42.45494],[-76.49061,42.45513],[-76.49062,42.45522],[-76.49064,42.45527],[-76.49072,42.45542],[-76.49081,42.45558],[-76.4909,42.45576],[-76.49092,42.45582],[-76.49092,42.45586],[-76.4909,42.45596],[-76.49089,42.456],[-76.49083,42.4561],[-76.49075,42.4562]]}},{"type":"Feature","id":"way/677427920","properties":{"kind":"road","name":"Triphammer Road"},"geometry":{"type":"LineString","coordinates":[[-76.4808,42.45513],[-76.48082,42.45522],[-76.48098,42.45558],[-76.48101,42.45566],[-76.48127,42.45625],[-76.48129,42.45631]]}},{"type":"Feature","id":"way/677427921","properties":{"kind":"road","name":"University Avenue"},"geometry":{"type":"LineString","coordinates":[[-76.49035,42.44929],[-76.49026,42.44929],[-76.48995,42.44927],[-76.48952,42.44926],[-76.48938,42.44926],[-76.48917,42.44926],[-76.48901,42.44927],[-76.48884,42.44927],[-76.48844,42.44931],[-76.48839,42.44931],[-76.4883,42.44932]]}},{"type":"Feature","id":"way/677427922","properties":{"kind":"road","name":"Stewart Avenue"},"geometry":{"type":"LineString","coordinates":[[-76.48954,42.44506],[-76.48981,42.44537],[-76.4899,42.44549],[-76.48994,42.4456],[-76.48999,42.44574],[-76.49014,42.44619],[-76.49015,42.44621],[-76.49024,42.44648],[-76.49026,42.44655],[-76.49027,42.44665],[-76.4903,42.44736],[-76.49031,42.44781],[-76.49033,42.44822],[-76.49033,42.44843],[-76.49033,42.4485],[-76.49034,42.44869],[-76.49035,42.44901],[-76.49035,42.44923],[-76.49035,42.44929]]}},{"type":"Feature","id":"way/677427923","properties":{"kind":"road","name":"Stewart Avenue"},"geometry":{"type":"LineString","coordinates":[[-76.48937,42.44473],[-76.48937,42.44477],[-76.48937,42.44481],[-76.48938,42.44485],[-76.4894,42.44488],[-76.48945,42.44495],[-76.48954,42.44506]]}},{"type":"Feature","id":"way/738266572","properties":{"kind":"road","name":"Dryden Road"},"geometry":{"type":"LineString","coordinates":[[-76.48525,42.44162],[-76.48535,42.44161],[-76.48586,42.4416],[-76.48621,42.4416],[-76.48631,42.4416],[-76.48639,42.4416],[-76.48646,42.44163],[-76.48653,42.44166],[-76.48665,42.44174],[-76.48682,42.44189],[-76.487,42.44206],[-76.48708,42.44211],[-76.48715,42.44214],[-76.48726,42.44215],[-76.48735,42.44215],[-76.48739,42.44215],[-76.48749,42.44214]]}},{"type":"Feature","id":"way/738266573","properties":{"kind":"road","name":"College Avenue"},"geometry":{"type":"LineString","coordinates":[[-76.48525,42.44162],[-76.48525,42.44156],[-76.48524,42.44152],[-76.48523,42.44129],[-76.4852,42.44056],[-76.48519,42.44051],[-76.48518,42.44031],[-76.48518,42.44023],[-76.48516,42.43966],[-76.48516,42.43964],[-76.48514,42.43932]]}},{"type":"Feature","id":"way/763993138","properties":{"kind":"green","name":"Rawlings Green"},"geometry":{"type":"Polygon","coordinates":[[[-76.47797,42.45376],[-76.47795,42.45378],[-76.47783,42.45385],[-76.47772,42.45391],[-76.47756,42.45394],[-76.47746,42.45396],[-76.47734,42.45396],[-76.47723,42.45395],[-76.47708,42.45392],[-76.47694,42.45388],[-76.47683,42.45382],[-76.47675,42.45377],[-76.4767,42.45373],[-76.47665,42.45368],[-76.47656,42.45354],[-76.47654,42.45325],[-76.47663,42.45325],[-76.47675,42.45325],[-76.47736,42.45325],[-76.47824,42.45325],[-76.47824,42.45331],[-76.47822,42.45333],[-76.47821,42.45335],[-76.4782,42.45336],[-76.47819,42.45343],[-76.47817,42.45351],[-76.47812,42.4536],[-76.47811,42.45362],[-76.47805,42.45369],[-76.47797,42.45376]]]}},{"type":"Feature","id":"way/778904985","properties":{"kind":"road","name":"West Seneca Street"},"geometry":{"type":"LineString","coordinates":[[-76.5106,42.44004],[-76.51067,42.44004],[-76.51082,42.44004],[-76.5109,42.44004],[-76.51107,42.44003],[-76.51122,42.44003],[-76.51127,42.44002],[-76.5116,42.44002]]}},{"type":"Feature","id":"way/803001883","properties":{"kind":"road","name":"Hoy Road"},"geometry":{"type":"LineString","coordinates":[[-76.47683,42.44315],[-76.47763,42.443],[-76.47779,42.44298],[-76.47794,42.44296],[-76.4781,42.44295],[-76.47825,42.44295],[-76.47843,42.44295],[-76.47859,42.44297],[-76.47874,42.44298],[-76.47893,42.44301],[-76.47917,42.44306],[-76.47935,42.44309],[-76.4795,42.44311],[-76.47967,42.44314]]}},{"type":"Feature","id":"way/825241246","properties":{"kind":"green","name":""},"geometry":{"type":"Polygon","coordinates":[[[-76.47562,42.44226],[-76.47561,42.44228],[-76.47556,42.44226],[-76.47559,42.44221],[-76.47564,42.44223],[-76.47562,42.44226]]]}},{"type":"Feature","id":"way/841085875","properties":{"kind":"water","name":"Wee Stinky Creek"},"geometry":{"type":"LineString","coordinates":[[-76.48343,42.44659],[-76.48346,42.44655],[-76.48349,42.4465],[-76.48356,42.44643],[-76.48368,42.44637],[-76.48375,42.44634]]}},{"type":"Feature","id":"way/841085876","properties":{"kind":"water","name":"Wee Stinky Creek"},"geometry":{"type":"LineString","coordinates":[[-76.48337,42.44667],[-76.48343,42.44659]]}},{"type":"Feature","id":"way/841085878","properties":{"kind":"water","name":"Wee Stinky Creek"},"geometry":{"type":"LineString","coordinates":[[-76.48375,42.44634],[-76.4841,42.44624]]}},{"type":"Feature","id":"way/841085879","properties":{"kind":"water","name":"Wee Stinky Creek"},"geometry":{"type":"LineString","coordinates":[[-76.48542,42.44619],[-76.48549,42.44617],[-76.48564,42.44611],[-76.48578,42.44604],[-76.48586,42.44601],[-76.4859,42.446]]}},{"type":"Feature","id":"way/903611085","properties":{"kind":"road","name":"North Cayuga Street"},"geometry":{"type":"LineString","coordinates":[[-76.49917,42.44259],[-76.49917,42.44268],[-76.49918,42.44293],[-76.4992,42.44319],[-76.4992,42.44332],[-76.49921,42.44352],[-76.49926,42.44449],[-76.49927,42.4446]]}},{"type":"Feature","id":"way/910715736","properties":{"kind":"road","name":"Eddy Street"},"geometry":{"type":"LineString","coordinates":[[-76.48747,42.44164],[-76.48749,42.44214]]}},{"type":"Feature","id":"way/945423929","properties":{"kind":"water","name":""},"geometry":{"type":"LineString","coordinates":[[-76.49688,42.45919],[-76.4969,42.45929],[-76.49699,42.45954],[-76.49704,42.45964],[-76.49711,42.45981],[-76.49717,42.45992],[-76.49722,42.46009],[-76.49728,42.46022],[-76.49736,42.46035],[-76.49748,42.46055],[-76.4975,42.46058]]}},{"type":"Feature","id":"way/987118922","properties":{"kind":"green","name":"Sunset Park"},"geometry":{"type":"Polygon","coordinates":[[[-76.49323,42.45915],[-76.49367,42.45915],[-76.49371,42.459],[-76.49345,42.45891],[-76.49337,42.45874],[-76.49333,42.45864],[-76.49325,42.45856],[-76.49314,42.45849],[-76.49303,42.45843],[-76.49292,42.4584],[-76.49286,42.45844],[-76.49284,42.45849],[-76.49294,42.45855],[-76.49307,42.4587],[-76.49317,42.45886],[-76.49322,42.45903],[-76.49323,42.45915]]]}},{"type":"Feature","id":"way/992468977","properties":{"kind":"green","name":"Markels Flats"},"geometry":{"type":"Polygon","coordinates":[[[-76.504,42.44328],[-76.504,42.44327],[-76.50402,42.44325],[-76.50399,42.44259],[-76.50397,42.44256],[-76.50396,42.44255],[-76.50385,42.44255],[-76.50271,42.44259],[-76.50273,42.44293],[-76.50242,42.44294],[-76.50221,42.44295],[-76.50221,42.44291],[-76.50202,42.44291],[-76.50204,42.44334],[-76.50243,42.44333],[-76.504,42.44328]]]}},{"type":"Feature","id":"way/995667445","properties":{"kind":"road","name":"North Aurora Street"},"geometry":{"type":"LineString","coordinates":[[-76.49567,42.44042],[-76.49568,42.44052]]}},{"type":"Feature","id":"way/1101202153","properties":{"kind":"water","name":"Cascadilla Creek"},"geometry":{"type":"LineString","coordinates":[[-76.48961,42.44327],[-76.49008,42.4433],[-76.49043,42.44326],[-76.49067,42.44321],[-76.4909,42.44313],[-76.4911,42.44309],[-76.49122,42.44309],[-76.49134,42.44309],[-76.49148,42.44305],[-76.49162,42.44299],[-76.49182,42.44282],[-76.49195,42.44273],[-76.49206,42.44271],[-76.49216,42.44274],[-76.49221,42.44278],[-76.49223,42.44285],[-76.49222,42.44298],[-76.49223,42.44305],[-76.49232,42.44312],[-76.49238,42.44313],[-76.49249,42.44312],[-76.49268,42.44309],[-76.49287,42.44304],[-76.49305,42.44299],[-76.49328,42.44299],[-76.49348,42.44294],[-76.49368,42.44291],[-76.49387,42.44291],[-76.49397,42.44294],[-76.49406,42.44298],[-76.49437,42.44317],[-76.49452,42.44321]]}},{"type":"Feature","id":"way/1103988976","properties":{"kind":"water","name":""},"geometry":{"type":"LineString","coordinates":[[-76.51153,42.43041],[-76.51156,42.43067],[-76.51155,42.43112],[-76.51168,42.43494],[-76.51172,42.43518],[-76.51185,42.43542],[-76.51256,42.43619],[-76.51264,42.43633],[-76.51271,42.43659],[-76.51279,42.43674],[-76.51292,42.43685],[-76.51304,42.43694],[-76.51309,42.43712],[-76.51305,42.4373],[-76.51289,42.43755],[-76.51266,42.43793],[-76.51244,42.43836],[-76.51231,42.43875],[-76.5123,42.43892]]}},{"type":"Feature","id":"way/1105590161","properties":{"kind":"green","name":"Brindley Park"},"geometry":{"type":"Polygon","coordinates":[[[-76.51433,42.44107],[-76.51412,42.44102],[-76.51402,42.441],[-76.51379,42.441],[-76.5137,42.44099],[-76.51336,42.441],[-76.51331,42.44099],[-76.51333,42.44125],[-76.51383,42.44124],[-76.51382,42.44179],[-76.51399,42.44181],[-76.51406,42.44158],[-76.51413,42.44142],[-76.51426,42.44117],[-76.51433,42.44107]]]}},{"type":"Feature","id":"way/1106685428","properties":{"kind":"road","name":"Maple Avenue"},"geometry":{"type":"LineString","coordinates":[[-76.47769,42.44115],[-76.47756,42.44116],[-76.47653,42.44119],[-76.47643,42.44119],[-76.47623,42.4412],[-76.47541,42.44122],[-76.47537,42.44122],[-76.47526,42.44123],[-76.47518,42.44124],[-76.47484,42.44127],[-76.47477,42.44127],[-76.47463,42.44128]]}},{"type":"Feature","id":"way/1106921482","properties":{"kind":"road","name":"Thurston Avenue"},"geometry":{"type":"LineString","coordinates":[[-76.48882,42.45421],[-76.48874,42.4541],[-76.48854,42.45394],[-76.48848,42.4539],[-76.48834,42.45384],[-76.48809,42.45376]]}},{"type":"Feature","id":"way/1106921483","properties":{"kind":"road","name":"Tower Road"},"geometry":{"type":"LineString","coordinates":[[-76.48276,42.44758],[-76.48264,42.44757],[-76.48177,42.44758],[-76.47989,42.44761],[-76.47977,42.44761]]}},{"type":"Feature","id":"way/1106921485","properties":{"kind":"road","name":"Campus Road"},"geometry":{"type":"LineString","coordinates":[[-76.48158,42.44522],[-76.48148,42.44522],[-76.48071,42.44525]]}},{"type":"Feature","id":"way/1107398402","properties":{"kind":"water","name":"Old Cayuga Inlet"},"geometry":{"type":"LineString","coordinates":[[-76.51184,42.44106],[-76.51189,42.44261],[-76.51201,42.44334],[-76.51199,42.44449],[-76.51203,42.44585],[-76.51213,42.44647],[-76.51243,42.44705]]}},{"type":"Feature","id":"way/1112146277","properties":{"kind":"water","name":""},"geometry":{"type":"LineString","coordinates":[[-76.49674,42.45809],[-76.49678,42.45811],[-76.49681,42.45812],[-76.49682,42.45813],[-76.49683,42.45814],[-76.49684,42.45815],[-76.49683,42.45819],[-76.49683,42.45822],[-76.49676,42.45847],[-76.49676,42.45861],[-76.49681,42.45894]]}},{"type":"Feature","id":"way/1112146278","properties":{"kind":"water","name":""},"geometry":{"type":"LineString","coordinates":[[-76.49681,42.45894],[-76.49688,42.45919]]}},{"type":"Feature","id":"way/1112354937","properties":{"kind":"road","name":"University Avenue"},"geometry":{"type":"LineString","coordinates":[[-76.48703,42.45047],[-76.487,42.45052],[-76.48697,42.45059],[-76.48681,42.45094],[-76.48676,42.45102]]}},{"type":"Feature","id":"way/1113131637","properties":{"kind":"water","name":"Fall Creek"},"geometry":{"type":"LineString","coordinates":[[-76.50935,42.45979],[-76.51156,42.46105],[-76.51533,42.46487]]}},{"type":"Feature","id":"way/1113131638","properties":{"kind":"water","name":"Fall Creek"},"geometry":{"type":"LineString","coordinates":[[-76.501,42.45497],[-76.50121,42.4551],[-76.50199,42.45585],[-76.50238,42.45629],[-76.50291,42.4567],[-76.50391,42.45742],[-76.50508,42.45809],[-76.50585,42.45861]]}},{"type":"Feature","id":"way/1119776234","properties":{"kind":"water","name":"Wee Stinky Creek"},"geometry":{"type":"LineString","coordinates":[[-76.4841,42.44624],[-76.48428,42.44619],[-76.48432,42.44619],[-76.48435,42.44621],[-76.48437,42.44624],[-76.4846,42.44626],[-76.48468,42.44627],[-76.48474,42.44627],[-76.48484,42.44625],[-76.48491,42.44624]]}},{"type":"Feature","id":"way/1119776235","properties":{"kind":"water","name":"Wee Stinky Creek"},"geometry":{"type":"LineString","coordinates":[[-76.48491,42.44624],[-76.48542,42.44619]]}},{"type":"Feature","id":"way/1119894593","properties":{"kind":"water","name":""},"geometry":{"type":"LineString","coordinates":[[-76.51654,42.45154],[-76.51636,42.45159],[-76.51615,42.45165],[-76.5159,42.45167],[-76.5156,42.4517],[-76.51545,42.45173],[-76.5154,42.45176],[-76.51531,42.45177],[-76.51509,42.45182],[-76.51479,42.45184],[-76.5145,42.45187],[-76.51419,42.45188],[-76.51409,42.45188]]}},{"type":"Feature","id":"way/1119894594","properties":{"kind":"water","name":""},"geometry":{"type":"LineString","coordinates":[[-76.51298,42.45191],[-76.51284,42.45192],[-76.51264,42.4519],[-76.5121,42.45192],[-76.51169,42.45192],[-76.51084,42.45197]]}},{"type":"Feature","id":"way/1119894595","properties":{"kind":"water","name":""},"geometry":{"type":"LineString","coordinates":[[-76.51326,42.45185],[-76.51298,42.45191]]}},{"type":"Feature","id":"way/1119894596","properties":{"kind":"water","name":""},"geometry":{"type":"LineString","coordinates":[[-76.51395,42.45188],[-76.51353,42.45187],[-76.51326,42.45185]]}},{"type":"Feature","id":"way/1119894597","properties":{"kind":"water","name":""},"geometry":{"type":"LineString","coordinates":[[-76.51409,42.45188],[-76.51395,42.45188]]}},{"type":"Feature","id":"way/1133979975","properties":{"kind":"campus","name":""},"geometry":{"type":"Polygon","coordinates":[[[-76.49205,42.4405],[-76.49201,42.43938],[-76.49104,42.43938],[-76.49105,42.44023],[-76.49161,42.44022],[-76.49163,42.44052],[-76.49205,42.4405]]]}},{"type":"Feature","id":"way/1137908225","properties":{"kind":"road","name":"West Avenue"},"geometry":{"type":"LineString","coordinates":[[-76.48768,42.44918],[-76.48767,42.44912]]}},{"type":"Feature","id":"way/1140208364","properties":{"kind":"road","name":"Campus Road"},"geometry":{"type":"LineString","coordinates":[[-76.48071,42.44525],[-76.47993,42.44526],[-76.47981,42.44526]]}},{"type":"Feature","id":"way/1142406405","properties":{"kind":"road","name":"Pleasant Grove Road"},"geometry":{"type":"LineString","coordinates":[[-76.47415,42.45684],[-76.47443,42.45752]]}},{"type":"Feature","id":"way/1142406413","properties":{"kind":"road","name":"Forest Home Drive"},"geometry":{"type":"LineString","coordinates":[[-76.47412,42.44949],[-76.47421,42.44946],[-76.4744,42.44942],[-76.47457,42.4494],[-76.47489,42.4494],[-76.475,42.44942]]}},{"type":"Feature","id":"way/1174474206","properties":{"kind":"road","name":"West State Street"},"geometry":{"type":"LineString","coordinates":[[-76.51229,42.43952],[-76.51219,42.43947],[-76.51212,42.43944]]}},{"type":"Feature","id":"way/1187505135","properties":{"kind":"road","name":"Cascadilla Street"},"geometry":{"type":"LineString","coordinates":[[-76.50996,42.44428],[-76.50987,42.44428],[-76.50917,42.4443],[-76.50873,42.44431],[-76.5086,42.44432]]}},{"type":"Feature","id":"way/1187505136","properties":{"kind":"road","name":"Cascadilla Street"},"geometry":{"type":"LineString","coordinates":[[-76.49948,42.44459],[-76.49936,42.44459],[-76.49927,42.4446]]}},{"type":"Feature","id":"way/1187505141","properties":{"kind":"road","name":"South Aurora Street"},"geometry":{"type":"LineString","coordinates":[[-76.49502,42.43849],[-76.49514,42.4387]]}},{"type":"Feature","id":"way/1187505142","properties":{"kind":"road","name":"South Aurora Street"},"geometry":{"type":"LineString","coordinates":[[-76.49514,42.4387],[-76.4953,42.43898]]}},{"type":"Feature","id":"way/1187505145","properties":{"kind":"road","name":"Dryden Road"},"geometry":{"type":"LineString","coordinates":[[-76.48422,42.44164],[-76.48451,42.44163],[-76.48517,42.44162],[-76.48525,42.44162]]}},{"type":"Feature","id":"way/1187505146","properties":{"kind":"road","name":"Dryden Road"},"geometry":{"type":"LineString","coordinates":[[-76.48306,42.44142],[-76.48364,42.44155],[-76.48389,42.44161],[-76.48399,42.44163],[-76.48413,42.44164],[-76.48422,42.44164]]}},{"type":"Feature","id":"way/1187505149","properties":{"kind":"road","name":"College Avenue"},"geometry":{"type":"LineString","coordinates":[[-76.48529,42.44327],[-76.48526,42.44314],[-76.48525,42.44313]]}},{"type":"Feature","id":"way/1187505150","properties":{"kind":"water","name":"Cascadilla Creek"},"geometry":{"type":"LineString","coordinates":[[-76.48525,42.44313],[-76.48545,42.44313],[-76.48584,42.44309],[-76.48635,42.44314],[-76.48649,42.44316],[-76.48663,42.44314],[-76.48687,42.44317],[-76.48718,42.44315],[-76.48744,42.44315],[-76.48766,42.44311],[-76.48773,42.44313],[-76.48801,42.44312],[-76.48819,42.44314],[-76.48826,42.44323],[-76.4884,42.44337],[-76.4885,42.4434],[-76.48876,42.44337],[-76.48891,42.4434],[-76.48913,42.44335]]}},{"type":"Feature","id":"way/1187505151","properties":{"kind":"water","name":"Cascadilla Creek"},"geometry":{"type":"LineString","coordinates":[[-76.47662,42.44319],[-76.4766,42.44308],[-76.47682,42.44281],[-76.47696,42.44274],[-76.47719,42.44266],[-76.47728,42.44264],[-76.47749,42.44255],[-76.47764,42.44247],[-76.47787,42.44234],[-76.47797,42.44224],[-76.47804,42.44222],[-76.47823,42.44219],[-76.47846,42.44213],[-76.47884,42.44208],[-76.47913,42.44206],[-76.47965,42.44209],[-76.47997,42.44213],[-76.48015,42.44219],[-76.48038,42.44234],[-76.48042,42.44239],[-76.48046,42.44248],[-76.48051,42.44255],[-76.4806,42.44258],[-76.48067,42.44258],[-76.48073,42.44255],[-76.48089,42.44245],[-76.48099,42.44241],[-76.48115,42.44241],[-76.48157,42.44252],[-76.48189,42.44256],[-76.48224,42.44268],[-76.48253,42.44277],[-76.48266,42.44277],[-76.48276,42.44281],[-76.48296,42.4429],[-76.4831,42.44292],[-76.4832,42.44297],[-76.48328,42.44306],[-76.48335,42.44307],[-76.48372,42.44309],[-76.48398,42.44315],[-76.48422,42.44315],[-76.48451,42.44319],[-76.48463,42.44319],[-76.48495,42.44314],[-76.48512,42.44312],[-76.48525,42.44313]]}},{"type":"Feature","id":"way/1187505153","properties":{"kind":"road","name":"College Avenue"},"geometry":{"type":"LineString","coordinates":[[-76.48514,42.43932],[-76.4851,42.43834],[-76.48508,42.43777],[-76.48507,42.43773],[-76.48506,42.4377],[-76.48504,42.43765]]}},{"type":"Feature","id":"way/1187505155","properties":{"kind":"road","name":"East Buffalo Street"},"geometry":{"type":"LineString","coordinates":[[-76.48865,42.4416],[-76.48756,42.44164],[-76.48747,42.44164]]}},{"type":"Feature","id":"way/1187505156","properties":{"kind":"road","name":"East Buffalo Street"},"geometry":{"type":"LineString","coordinates":[[-76.48981,42.44157],[-76.48974,42.44158],[-76.48887,42.4416],[-76.48865,42.4416]]}},{"type":"Feature","id":"way/1187505157","properties":{"kind":"water","name":"Cascadilla Creek"},"geometry":{"type":"LineString","coordinates":[[-76.48913,42.44335],[-76.48961,42.44327]]}},{"type":"Feature","id":"way/1187505158","properties":{"kind":"road","name":"Stewart Avenue"},"geometry":{"type":"LineString","coordinates":[[-76.48961,42.44327],[-76.48965,42.44311]]}},{"type":"Feature","id":"way/1187505159","properties":{"kind":"road","name":"Linn Street"},"geometry":{"type":"LineString","coordinates":[[-76.49454,42.44317],[-76.49452,42.44321]]}},{"type":"Feature","id":"way/1187505160","properties":{"kind":"water","name":"Cascadilla Creek"},"geometry":{"type":"LineString","coordinates":[[-76.49452,42.44321],[-76.49474,42.44327],[-76.49485,42.4433],[-76.49497,42.44331],[-76.49514,42.44329],[-76.49536,42.4433],[-76.49567,42.44335]]}},{"type":"Feature","id":"way/1187505161","properties":{"kind":"road","name":"University Avenue"},"geometry":{"type":"LineString","coordinates":[[-76.49449,42.44328],[-76.49447,42.44332],[-76.49443,42.44337]]}},{"type":"Feature","id":"way/1187505163","properties":{"kind":"road","name":"East Lincoln Street"},"geometry":{"type":"LineString","coordinates":[[-76.49463,42.45216],[-76.49473,42.45216],[-76.49513,42.45215]]}},{"type":"Feature","id":"way/1187505164","properties":{"kind":"road","name":"Lake Street"},"geometry":{"type":"LineString","coordinates":[[-76.49463,42.45216],[-76.49463,42.45219],[-76.49465,42.45251],[-76.49465,42.45255],[-76.49465,42.45261],[-76.49467,42.45282],[-76.49467,42.45289]]}},{"type":"Feature","id":"way/1187505165","properties":{"kind":"road","name":"Lake Street"},"geometry":{"type":"LineString","coordinates":[[-76.49467,42.45307],[-76.49467,42.45315]]}},{"type":"Feature","id":"way/1187505167","properties":{"kind":"water","name":"Fall Creek"},"geometry":{"type":"LineString","coordinates":[[-76.50075,42.45482],[-76.501,42.45497]]}},{"type":"Feature","id":"way/1187648391","properties":{"kind":"water","name":"Cascadilla Creek"},"geometry":{"type":"LineString","coordinates":[[-76.47477,42.44438],[-76.47479,42.44436],[-76.47484,42.44427],[-76.47494,42.44416],[-76.47528,42.44404],[-76.47545,42.44395],[-76.47551,42.44387],[-76.47552,42.44377],[-76.47555,42.44371],[-76.47559,42.44362],[-76.47563,42.44354],[-76.47565,42.44352],[-76.4757,42.44351],[-76.47588,42.4435],[-76.47643,42.44352],[-76.47654,42.44352],[-76.47665,42.44345],[-76.4767,42.44338],[-76.47671,42.44331],[-76.47662,42.44319]]}},{"type":"Feature","id":"way/1187648392","properties":{"kind":"road","name":"Hoy Road"},"geometry":{"type":"LineString","coordinates":[[-76.47662,42.44319],[-76.47681,42.44316]]}},{"type":"Feature","id":"way/1187648393","properties":{"kind":"road","name":"Dryden Road"},"geometry":{"type":"LineString","coordinates":[[-76.47579,42.44333],[-76.47565,42.44336],[-76.47536,42.44342],[-76.47507,42.44348],[-76.47483,42.44354],[-76.47474,42.44357]]}},{"type":"Feature","id":"way/1210179820","properties":{"kind":"road","name":"Lake Street"},"geometry":{"type":"LineString","coordinates":[[-76.49691,42.45605],[-76.49695,42.45609],[-76.49697,42.45611],[-76.49713,42.45627],[-76.49718,42.45632]]}},{"type":"Feature","id":"way/1214889932","properties":{"kind":"water","name":"Fall Creek"},"geometry":{"type":"LineString","coordinates":[[-76.50585,42.45861],[-76.5061,42.45876],[-76.50711,42.4593],[-76.50792,42.45953],[-76.50878,42.45969],[-76.50935,42.45979]]}},{"type":"Feature","id":"way/1214889934","properties":{"kind":"water","name":"Flood Channel"},"geometry":{"type":"LineString","coordinates":[[-76.5155,42.43959],[-76.51469,42.43946],[-76.51391,42.43933],[-76.51295,42.43927],[-76.51267,42.43924],[-76.51233,42.43914]]}},{"type":"Feature","id":"way/1214889935","properties":{"kind":"water","name":"Cayuga Inlet"},"geometry":{"type":"LineString","coordinates":[[-76.52181,42.42732],[-76.52215,42.42782],[-76.52223,42.428],[-76.52226,42.42821],[-76.52219,42.42842],[-76.51827,42.43496],[-76.51732,42.43655],[-76.5155,42.43959],[-76.51483,42.44081],[-76.51445,42.4415],[-76.51423,42.44209],[-76.51381,42.44385],[-76.51339,42.44542],[-76.51304,42.44649],[-76.51243,42.44705],[-76.51185,42.44871],[-76.51092,42.45037],[-76.51076,42.451],[-76.51078,42.45145],[-76.51084,42.45197],[-76.51139,42.45654],[-76.51163,42.45851],[-76.51185,42.45907],[-76.51219,42.45995],[-76.51367,42.4612],[-76.51516,42.46235]]}},{"type":"Feature","id":"way/1214889936","properties":{"kind":"water","name":"Cascadilla Creek"},"geometry":{"type":"LineString","coordinates":[[-76.50453,42.45106],[-76.50479,42.45117],[-76.50566,42.45132],[-76.50605,42.45141],[-76.50664,42.45157],[-76.50721,42.4517],[-76.50841,42.45178],[-76.50916,42.45169],[-76.51005,42.45157],[-76.51078,42.45145]]}},{"type":"Feature","id":"way/1226650061","properties":{"kind":"water","name":"Fall Creek"},"geometry":{"type":"LineString","coordinates":[[-76.49405,42.45323],[-76.49416,42.4532],[-76.49443,42.4532],[-76.49495,42.45328],[-76.49599,42.45343],[-76.49686,42.45357],[-76.49737,42.45371],[-76.49815,42.45393],[-76.49919,42.45425],[-76.50002,42.45448],[-76.50058,42.45471],[-76.50075,42.45482]]}},{"type":"Feature","id":"way/1248850807","properties":{"kind":"water","name":"Fall Creek"},"geometry":{"type":"LineString","coordinates":[[-76.47314,42.4517],[-76.47326,42.45161],[-76.4741,42.4514],[-76.47502,42.45138],[-76.47689,42.45151],[-76.4786,42.45184],[-76.47908,42.45192],[-76.47913,42.45191]]}},{"type":"Feature","id":"way/1296759990","properties":{"kind":"green","name":"Strawberry Fields"},"geometry":{"type":"Polygon","coordinates":[[[-76.47441,42.43713],[-76.47641,42.43711],[-76.47637,42.43611],[-76.47635,42.4357],[-76.47738,42.43572],[-76.47734,42.43534],[-76.47612,42.43536],[-76.47607,42.43473],[-76.4753,42.43497],[-76.47433,42.43558],[-76.47441,42.43713]]]}},{"type":"Feature","id":"way/1296760307","properties":{"kind":"green","name":"Dryden Road Park"},"geometry":{"type":"Polygon","coordinates":[[[-76.48705,42.44223],[-76.48723,42.4422],[-76.48709,42.44218],[-76.48699,42.44212],[-76.4869,42.44204],[-76.48681,42.44196],[-76.48679,42.44204],[-76.48679,42.44209],[-76.4868,42.4422],[-76.4868,42.44226],[-76.48705,42.44223]]]}},{"type":"Feature","id":"way/1296760401","properties":{"kind":"green","name":"Maplewood Park"},"geometry":{"type":"Polygon","coordinates":[[[-76.47943,42.44053],[-76.47971,42.44052],[-76.47969,42.44025],[-76.47936,42.44024],[-76.47891,42.44011],[-76.4788,42.44023],[-76.47881,42.44051],[-76.47943,42.44048],[-76.47943,42.44053]]]}},{"type":"Feature","id":"way/1300777014","properties":{"kind":"road","name":"North Albany Street"},"geometry":{"type":"LineString","coordinates":[[-76.50177,42.44032],[-76.50177,42.4404],[-76.50177,42.44047],[-76.50181,42.44116],[-76.50181,42.44123]]}},{"type":"Feature","id":"way/1306745979","properties":{"kind":"water","name":""},"geometry":{"type":"LineString","coordinates":[[-76.48206,42.45704],[-76.48213,42.45704],[-76.48225,42.45702],[-76.48247,42.45701],[-76.48257,42.45702],[-76.48277,42.45709],[-76.48305,42.45711],[-76.48316,42.45709],[-76.48331,42.45707],[-76.48342,42.45709],[-76.48358,42.45708],[-76.48369,42.45701],[-76.48382,42.45701],[-76.48394,42.45702],[-76.48403,42.45709],[-76.4842,42.45714],[-76.48439,42.45719],[-76.48443,42.45721],[-76.48451,42.45721],[-76.4846,42.4572],[-76.48473,42.45713],[-76.48484,42.45704],[-76.48489,42.45698],[-76.48496,42.45694],[-76.48506,42.4569],[-76.48513,42.45688],[-76.48522,42.45688],[-76.4853,42.45685],[-76.48547,42.45677],[-76.48559,42.45672],[-76.48572,42.45669],[-76.48588,42.45663],[-76.48597,42.45662]]}},{"type":"Feature","id":"way/1306745980","properties":{"kind":"water","name":""},"geometry":{"type":"LineString","coordinates":[[-76.48597,42.45662],[-76.48637,42.45654]]}},{"type":"Feature","id":"way/1306745981","properties":{"kind":"water","name":""},"geometry":{"type":"LineString","coordinates":[[-76.48637,42.45654],[-76.48645,42.4566],[-76.48661,42.45668],[-76.48682,42.45676],[-76.48693,42.45679],[-76.48712,42.45682],[-76.4872,42.45686],[-76.48725,42.45688]]}},{"type":"Feature","id":"way/1306745982","properties":{"kind":"water","name":""},"geometry":{"type":"LineString","coordinates":[[-76.48725,42.45688],[-76.48756,42.45687]]}},{"type":"Feature","id":"way/1306745983","properties":{"kind":"water","name":""},"geometry":{"type":"LineString","coordinates":[[-76.48756,42.45687],[-76.48762,42.45684],[-76.48769,42.45687],[-76.48773,42.45692],[-76.48782,42.45694],[-76.48785,42.4569],[-76.48787,42.45686],[-76.48793,42.45682],[-76.48802,42.45686],[-76.4881,42.45686],[-76.48817,42.45685],[-76.48835,42.45679],[-76.48848,42.45676],[-76.48871,42.45671],[-76.48879,42.4567],[-76.48886,42.45671],[-76.48894,42.45674],[-76.48902,42.45677],[-76.48909,42.45675],[-76.48943,42.45666],[-76.48963,42.45665],[-76.48988,42.45665],[-76.49009,42.45657],[-76.49021,42.45653],[-76.49041,42.45649]]}},{"type":"Feature","id":"way/1306746969","properties":{"kind":"water","name":""},"geometry":{"type":"LineString","coordinates":[[-76.49041,42.45649],[-76.49087,42.45636]]}},{"type":"Feature","id":"way/1306746970","properties":{"kind":"water","name":""},"geometry":{"type":"LineString","coordinates":[[-76.49087,42.45636],[-76.49096,42.45631],[-76.49106,42.45627],[-76.49119,42.45627],[-76.49124,42.45626],[-76.49127,42.45624],[-76.49132,42.45621],[-76.49135,42.4562],[-76.49148,42.45625],[-76.49153,42.45625],[-76.49165,42.45625],[-76.49171,42.45624],[-76.49178,42.45624],[-76.49185,42.45624],[-76.49193,42.45626]]}},{"type":"Feature","id":"way/1306746971","properties":{"kind":"water","name":""},"geometry":{"type":"LineString","coordinates":[[-76.49193,42.45626],[-76.49204,42.45628]]}},{"type":"Feature","id":"way/1306746972","properties":{"kind":"water","name":""},"geometry":{"type":"LineString","coordinates":[[-76.49204,42.45628],[-76.49229,42.45622],[-76.49238,42.4562],[-76.49245,42.45618],[-76.49246,42.45617],[-76.49247,42.45611],[-76.49249,42.45606],[-76.49251,42.45602],[-76.49256,42.45598],[-76.49261,42.45598],[-76.49264,42.45598],[-76.49271,42.45598],[-76.49281,42.45596],[-76.49292,42.45595],[-76.49297,42.45594],[-76.49309,42.45592],[-76.49318,42.45592],[-76.4933,42.45593],[-76.49333,42.45592],[-76.49339,42.45587],[-76.49341,42.45586],[-76.49345,42.45587],[-76.49353,42.45588],[-76.49358,42.4559],[-76.49364,42.4559],[-76.49367,42.45588],[-76.49372,42.45578],[-76.49373,42.45577],[-76.49378,42.45577],[-76.49394,42.45581],[-76.494,42.45582],[-76.49405,42.45582],[-76.49412,42.4558],[-76.4942,42.45577],[-76.49422,42.45576],[-76.49435,42.45573],[-76.49452,42.45566],[-76.49464,42.45559],[-76.4948,42.45552],[-76.49495,42.45542],[-76.49513,42.45528],[-76.49528,42.45517],[-76.49551,42.45508],[-76.49575,42.45498]]}},{"type":"Feature","id":"way/1306746973","properties":{"kind":"water","name":""},"geometry":{"type":"LineString","coordinates":[[-76.49575,42.45498],[-76.49592,42.45489],[-76.49587,42.45432],[-76.49604,42.45421],[-76.496,42.45373],[-76.49598,42.45354]]}},{"type":"Feature","id":"way/1306746974","properties":{"kind":"water","name":""},"geometry":{"type":"LineString","coordinates":[[-76.49598,42.45354],[-76.49599,42.45343]]}},{"type":"Feature","id":"way/1306747437","properties":{"kind":"water","name":""},"geometry":{"type":"LineString","coordinates":[[-76.49618,42.4581],[-76.49638,42.45808],[-76.49645,42.45807],[-76.4965,42.45807],[-76.49655,42.45806]]}},{"type":"Feature","id":"way/1306747438","properties":{"kind":"water","name":""},"geometry":{"type":"LineString","coordinates":[[-76.49655,42.45806],[-76.49674,42.45809]]}},{"type":"Feature","id":"way/1306747439","properties":{"kind":"water","name":""},"geometry":{"type":"LineString","coordinates":[[-76.49685,42.45802],[-76.49684,42.45807],[-76.49682,42.45813]]}},{"type":"Feature","id":"way/1306747440","properties":{"kind":"water","name":""},"geometry":{"type":"LineString","coordinates":[[-76.49688,42.45796],[-76.49685,42.45802]]}},{"type":"Feature","id":"way/1306747441","properties":{"kind":"water","name":""},"geometry":{"type":"LineString","coordinates":[[-76.497,42.4577],[-76.49689,42.45793],[-76.49688,42.45796]]}},{"type":"Feature","id":"way/1306750573","properties":{"kind":"water","name":""},"geometry":{"type":"LineString","coordinates":[[-76.49278,42.45713],[-76.49308,42.45709],[-76.4932,42.45711],[-76.49329,42.4571],[-76.49338,42.45709],[-76.49342,42.4571],[-76.49349,42.45714],[-76.49351,42.45724],[-76.49359,42.45731],[-76.49365,42.45739],[-76.49371,42.45744],[-76.49375,42.45744],[-76.49379,42.45748],[-76.49381,42.45753],[-76.4938,42.45759],[-76.49381,42.45762],[-76.49386,42.45765],[-76.49389,42.45767],[-76.49397,42.45772],[-76.49405,42.45773],[-76.49416,42.4577],[-76.4942,42.45769],[-76.49433,42.45771],[-76.49449,42.45775],[-76.49463,42.4578],[-76.49477,42.45784],[-76.49491,42.45786],[-76.49506,42.45793],[-76.49525,42.45797],[-76.49534,42.45802],[-76.49539,42.45808],[-76.49543,42.45808],[-76.49548,42.45805],[-76.49558,42.45805],[-76.4957,42.45806],[-76.49574,42.45807],[-76.49583,42.45811],[-76.49586,42.45812],[-76.49602,42.45811],[-76.49618,42.4581]]}},{"type":"Feature","id":"way/1306750574","properties":{"kind":"water","name":""},"geometry":{"type":"LineString","coordinates":[[-76.49209,42.45718],[-76.49278,42.45713]]}},{"type":"Feature","id":"way/1306750575","properties":{"kind":"water","name":""},"geometry":{"type":"LineString","coordinates":[[-76.49136,42.45814],[-76.49145,42.45813],[-76.49155,42.45809],[-76.49158,42.45808],[-76.49164,42.45809],[-76.49171,42.45807],[-76.49172,42.45802],[-76.49174,42.458],[-76.49181,42.458],[-76.49184,42.45798],[-76.49185,42.45794],[-76.49184,42.45789],[-76.49183,42.45787],[-76.49185,42.45784],[-76.4919,42.45781],[-76.49195,42.45777],[-76.49196,42.45772],[-76.49197,42.45771],[-76.49202,42.4577],[-76.49204,42.45767],[-76.49202,42.4576],[-76.49203,42.45749],[-76.492,42.45739],[-76.49201,42.45732],[-76.49203,42.45728],[-76.49204,42.45723],[-76.49209,42.45718]]}},{"type":"Feature","id":"way/1306750576","properties":{"kind":"water","name":""},"geometry":{"type":"LineString","coordinates":[[-76.49104,42.45823],[-76.49136,42.45814]]}},{"type":"Feature","id":"way/1306750577","properties":{"kind":"water","name":""},"geometry":{"type":"LineString","coordinates":[[-76.49047,42.45863],[-76.49071,42.45835]]}},{"type":"Feature","id":"way/1306750578","properties":{"kind":"water","name":""},"geometry":{"type":"LineString","coordinates":[[-76.49071,42.45835],[-76.49074,42.4583],[-76.4908,42.45825],[-76.49082,42.45822],[-76.49094,42.45824],[-76.49104,42.45823]]}},{"type":"Feature","id":"way/1306750579","properties":{"kind":"water","name":""},"geometry":{"type":"LineString","coordinates":[[-76.4899,42.45912],[-76.49,42.45914],[-76.49015,42.45911],[-76.4902,42.45908],[-76.49022,42.45897],[-76.49034,42.45881],[-76.4904,42.45872],[-76.49045,42.45865],[-76.49047,42.45863]]}},{"type":"Feature","id":"way/1306750580","properties":{"kind":"water","name":""},"geometry":{"type":"LineString","coordinates":[[-76.48905,42.45913],[-76.4899,42.45912]]}},{"type":"Feature","id":"way/1306750581","properties":{"kind":"water","name":""},"geometry":{"type":"LineString","coordinates":[[-76.48851,42.45915],[-76.48863,42.45915],[-76.48874,42.45912],[-76.4888,42.45912],[-76.48887,42.45914],[-76.48893,42.45914],[-76.48905,42.45913]]}},{"type":"Feature","id":"way/1318910460","properties":{"kind":"road","name":"East Lincoln Street"},"geometry":{"type":"LineString","coordinates":[[-76.49635,42.4521],[-76.49646,42.4521],[-76.49658,42.45209],[-76.49666,42.45209],[-76.49668,42.45209],[-76.49732,42.45207],[-76.49744,42.45206],[-76.49754,42.45205]]}},{"type":"Feature","id":"way/1318911774","properties":{"kind":"road","name":"Auburn Street"},"geometry":{"type":"LineString","coordinates":[[-76.50074,42.44834],[-76.50075,42.44842]]}},{"type":"Feature","id":"way/1318914108","properties":{"kind":"road","name":"North Aurora Street"},"geometry":{"type":"LineString","coordinates":[[-76.49611,42.44847],[-76.49611,42.44855],[-76.49622,42.45022],[-76.49622,42.45029],[-76.49623,42.45037],[-76.49629,42.4513],[-76.4963,42.45138],[-76.4963,42.45146],[-76.49634,42.45201],[-76.49634,42.45203],[-76.49635,42.4521]]}},{"type":"Feature","id":"way/1319738142","properties":{"kind":"road","name":"North Aurora Street"},"geometry":{"type":"LineString","coordinates":[[-76.49581,42.44333],[-76.49582,42.44344]]}},{"type":"Feature","id":"way/1321596159","properties":{"kind":"road","name":"Cornell Street"},"geometry":{"type":"LineString","coordinates":[[-76.47755,42.43783],[-76.47755,42.4379],[-76.47759,42.43889],[-76.4776,42.43895],[-76.47763,42.43984],[-76.47765,42.44032],[-76.47765,42.44039],[-76.47766,42.44075],[-76.47767,42.44096],[-76.47768,42.44107],[-76.47769,42.44115]]}},{"type":"Feature","id":"way/1321596160","properties":{"kind":"road","name":"Mitchell Street"},"geometry":{"type":"LineString","coordinates":[[-76.47446,42.43777],[-76.47471,42.43777],[-76.4748,42.43777],[-76.47525,42.43778],[-76.47633,42.43779],[-76.4764,42.43779],[-76.47704,42.43781],[-76.47748,42.43783],[-76.47755,42.43783]]}},{"type":"Feature","id":"way/1324885681","properties":{"kind":"road","name":"West Buffalo Street"},"geometry":{"type":"LineString","coordinates":[[-76.50843,42.44102],[-76.50833,42.44103],[-76.50818,42.44103],[-76.50751,42.44105],[-76.50684,42.44108],[-76.50672,42.44108],[-76.50633,42.44109],[-76.50632,42.44109],[-76.50622,42.4411],[-76.50613,42.4411],[-76.50574,42.44111],[-76.50465,42.44114],[-76.50413,42.44116],[-76.50402,42.44116]]}},{"type":"Feature","id":"way/1324885682","properties":{"kind":"road","name":"West Buffalo Street"},"geometry":{"type":"LineString","coordinates":[[-76.50402,42.44116],[-76.50391,42.44117],[-76.50192,42.44123],[-76.50181,42.44123]]}},{"type":"Feature","id":"way/1328815948","properties":{"kind":"road","name":"Taughannock Boulevard"},"geometry":{"type":"LineString","coordinates":[[-76.51417,42.44419],[-76.51418,42.44426],[-76.51418,42.4444],[-76.51418,42.44451],[-76.51408,42.44496],[-76.51397,42.44542]]}},{"type":"Feature","id":"way/1328819414","properties":{"kind":"road","name":"Giles Street"},"geometry":{"type":"LineString","coordinates":[[-76.48998,42.4367],[-76.49002,42.43674]]}},{"type":"Feature","id":"way/1335036933","properties":{"kind":"road","name":"West State Street"},"geometry":{"type":"LineString","coordinates":[[-76.50086,42.43949],[-76.50074,42.43949],[-76.50064,42.43949],[-76.50062,42.43949]]}},{"type":"Feature","id":"way/1335036934","properties":{"kind":"road","name":"West State Street"},"geometry":{"type":"LineString","coordinates":[[-76.50172,42.43946],[-76.50162,42.43946]]}},{"type":"Feature","id":"way/1335036935","properties":{"kind":"road","name":"West State Street"},"geometry":{"type":"LineString","coordinates":[[-76.50184,42.43946],[-76.50172,42.43946]]}},{"type":"Feature","id":"way/1335036936","properties":{"kind":"road","name":"West State Street"},"geometry":{"type":"LineString","coordinates":[[-76.50382,42.43939],[-76.50271,42.43943],[-76.50184,42.43946]]}},{"type":"Feature","id":"way/1335036937","properties":{"kind":"road","name":"West State Street"},"geometry":{"type":"LineString","coordinates":[[-76.50404,42.43939],[-76.50393,42.43939],[-76.50382,42.43939]]}},{"type":"Feature","id":"way/1335036938","properties":{"kind":"road","name":"West State Street"},"geometry":{"type":"LineString","coordinates":[[-76.50603,42.43933],[-76.50587,42.43933],[-76.50554,42.43934],[-76.50529,42.43935],[-76.50404,42.43939]]}},{"type":"Feature","id":"way/1335037499","properties":{"kind":"road","name":"West State Street"},"geometry":{"type":"LineString","coordinates":[[-76.50834,42.43926],[-76.50824,42.43926],[-76.50817,42.43926],[-76.50798,42.43927],[-76.5079,42.43927]]}},{"type":"Feature","id":"way/1347683215","properties":{"kind":"road","name":"South Cayuga Street"},"geometry":{"type":"LineString","coordinates":[[-76.49888,42.43655],[-76.49889,42.43682],[-76.49889,42.43689]]}},{"type":"Feature","id":"way/1354049500","properties":{"kind":"road","name":"Taughannock Boulevard"},"geometry":{"type":"LineString","coordinates":[[-76.51248,42.4409],[-76.51251,42.441],[-76.51254,42.44116],[-76.51256,42.44154]]}},{"type":"Feature","id":"way/1422651720","properties":{"kind":"water","name":"Fall Creek"},"geometry":{"type":"LineString","coordinates":[[-76.47913,42.45191],[-76.47947,42.45189]]}},{"type":"Feature","id":"way/1430421595","properties":{"kind":"road","name":"West Buffalo Street"},"geometry":{"type":"LineString","coordinates":[[-76.51086,42.44095],[-76.51073,42.44095],[-76.51065,42.44095]]}},{"type":"Feature","id":"way/1435194767","properties":{"kind":"road","name":"Cascadilla Street"},"geometry":{"type":"LineString","coordinates":[[-76.50355,42.44447],[-76.50342,42.44447],[-76.50217,42.44451]]}},{"type":"Feature","id":"way/1435773335","properties":{"kind":"road","name":"North Tioga Street"},"geometry":{"type":"LineString","coordinates":[[-76.49684,42.44048],[-76.49684,42.44056],[-76.49686,42.44084],[-76.49687,42.44094],[-76.49689,42.44131],[-76.49689,42.44138]]}},{"type":"Feature","id":"way/1492421037","properties":{"kind":"road","name":"South Aurora Street"},"geometry":{"type":"LineString","coordinates":[[-76.49477,42.43761],[-76.49478,42.43766],[-76.49481,42.43788]]}},{"type":"Feature","id":"way/1553472218","properties":{"kind":"water","name":"Old Cayuga Inlet"},"geometry":{"type":"LineString","coordinates":[[-76.51233,42.43914],[-76.51216,42.43922],[-76.5119,42.43944],[-76.51182,42.43974],[-76.51181,42.4401],[-76.51184,42.44106]]}}]}